[debug] [2026-04-21T14:28:13.391Z] [Firebase Plugin] Activating Firebase extension.
[info] [Firebase Plugin] Checked firebase-tools, is up to date!
[debug] [2026-04-21T14:28:16.660Z] [Firebase Plugin] requireAuthWrapper
[debug] [2026-04-21T14:28:16.689Z] > command requires scopes: ["email","openid","https://www.googleapis.com/auth/cloudplatformprojects.readonly","https://www.googleapis.com/auth/firebase","https://www.googleapis.com/auth/cloud-platform"]
[debug] [2026-04-21T14:28:16.691Z] > authorizing via signed-in user (ermi0343@gmail.com)
[debug] [2026-04-21T14:28:16.698Z] Checked if tokens are valid: false, expires at: 1776781853610
[debug] [2026-04-21T14:28:16.701Z] Checked if tokens are valid: false, expires at: 1776781853610
[debug] [2026-04-21T14:28:16.702Z] > refreshing access token with scopes: []
[debug] [2026-04-21T14:28:16.707Z] >>> [apiv2][query] POST https://www.googleapis.com/oauth2/v3/token [none]
[debug] [2026-04-21T14:28:16.708Z] >>> [apiv2][body] POST https://www.googleapis.com/oauth2/v3/token [omitted]
[debug] [2026-04-21T14:28:16.759Z] [Firebase Plugin] VSCode notification server listening on port 40001
[info] [Firebase Plugin] Starting SQL Connect toolkit (version 3.4.5) on port 50001
[debug] [2026-04-21T14:28:17.760Z] I0421 17:28:17.743449   12196 control.go:100] [projects/emulator/locations/emulator/services/apps 2fa9] UpdateResources(): done
Main schema: sources: schema\schema.gql [1992B] 
Connector "example": sources: example\mutations.gql [1243B] example\queries.gql [1801B] 
 {"metadata":{"emulator":{"name":"dataconnect"},"message":"I0421 17:28:17.743449   12196 control.go:100] [projects/emulator/locations/emulator/services/apps 2fa9] UpdateResources(): done\nMain schema: sources: schema\\schema.gql [1992B] \nConnector \"example\": sources: example\\mutations.gql [1243B] example\\queries.gql [1801B] \n"}}
[debug] [2026-04-21T14:28:17.762Z] Ignoring unsupported arg: auto_download {"metadata":{"emulator":{"name":"dataconnect"},"message":"Ignoring unsupported arg: auto_download"}}
[debug] [2026-04-21T14:28:17.763Z] Ignoring unsupported arg: port {"metadata":{"emulator":{"name":"dataconnect"},"message":"Ignoring unsupported arg: port"}}
[debug] [2026-04-21T14:28:17.764Z] Starting SQL Connect Emulator with command {"binary":"C:\\Users\\ermi0\\.cache\\firebase\\emulators\\dataconnect-emulator-3.4.5.exe","args":["--logtostderr","-v=2","dev","--listen=localhost:50001","--config_dir=c:\\Users\\ermi0\\flutter projects\\apps\\dataconnect","--enable_output_schema_extensions=true","--enable_output_generated_sdk=true"],"optionalArgs":["listen","config_dir","enable_output_schema_extensions","enable_output_generated_sdk"],"joinArgs":true,"shell":false,"port":9399} {"metadata":{"emulator":{"name":"dataconnect"},"message":"Starting SQL Connect Emulator with command {\"binary\":\"C:\\\\Users\\\\ermi0\\\\.cache\\\\firebase\\\\emulators\\\\dataconnect-emulator-3.4.5.exe\",\"args\":[\"--logtostderr\",\"-v=2\",\"dev\",\"--listen=localhost:50001\",\"--config_dir=c:\\\\Users\\\\ermi0\\\\flutter projects\\\\apps\\\\dataconnect\",\"--enable_output_schema_extensions=true\",\"--enable_output_generated_sdk=true\"],\"optionalArgs\":[\"listen\",\"config_dir\",\"enable_output_schema_extensions\",\"enable_output_generated_sdk\"],\"joinArgs\":true,\"shell\":false,\"port\":9399}"}}
[info] i  dataconnect: SQL Connect Emulator logging to dataconnect-debug.log {"metadata":{"emulator":{"name":"dataconnect"},"message":"SQL Connect Emulator logging to \u001b[1mdataconnect-debug.log\u001b[22m"}}
[debug] [2026-04-21T14:28:17.818Z] I0421 17:28:17.814322   16028 load.go:31] Reloading schema and connectors...
 {"metadata":{"emulator":{"name":"dataconnect"},"message":"I0421 17:28:17.814322   16028 load.go:31] Reloading schema and connectors...\n"}}
[debug] [2026-04-21T14:28:17.874Z] I0421 17:28:17.835540   16028 control.go:100] [projects/emulator/locations/emulator/services/apps 8894] UpdateResources(): done
Main schema: sources: schema\schema.gql [1992B] 
Connector "example": sources: example\mutations.gql [1243B] example\queries.gql [1801B] 
I0421 17:28:17.857101   16028 codegen.go:101] [connector "example" dartSdk] Generating sources into "c:\\Users\\ermi0\\flutter projects\\apps\\account_manager\\lib\\dataconnect_generated"
I0421 17:28:17.872615   16028 collector.go:107] schema extensions wrote into "c:\\Users\\ermi0\\flutter projects\\apps\\dataconnect\\.dataconnect\\schema"
Generated sources: main\relation.gql [14318B] main\query.gql [5099B] main\mutation.gql [13679B] prelude.gql [82799B] main\implicit.gql [1261B] main\input.gql [28927B] 
 {"metadata":{"emulator":{"name":"dataconnect"},"message":"I0421 17:28:17.835540   16028 control.go:100] [projects/emulator/locations/emulator/services/apps 8894] UpdateResources(): done\nMain schema: sources: schema\\schema.gql [1992B] \nConnector \"example\": sources: example\\mutations.gql [1243B] example\\queries.gql [1801B] \nI0421 17:28:17.857101   16028 codegen.go:101] [connector \"example\" dartSdk] Generating sources into \"c:\\\\Users\\\\ermi0\\\\flutter projects\\\\apps\\\\account_manager\\\\lib\\\\dataconnect_generated\"\nI0421 17:28:17.872615   16028 collector.go:107] schema extensions wrote into \"c:\\\\Users\\\\ermi0\\\\flutter projects\\\\apps\\\\dataconnect\\\\.dataconnect\\\\schema\"\nGenerated sources: main\\relation.gql [14318B] main\\query.gql [5099B] main\\mutation.gql [13679B] prelude.gql [82799B] main\\implicit.gql [1261B] main\\input.gql [28927B] \n"}}
[debug] [2026-04-21T14:28:17.876Z] I0421 17:28:17.876136   16028 collector.go:107] connector "example" dartSdk wrote into "c:\\Users\\ermi0\\flutter projects\\apps\\account_manager\\lib\\dataconnect_generated"
Generated sources: list_user_reviews.dart [5172B] get_movie_by_id.dart [8364B] search_movie.dart [4743B] README.md [11557B] .guides/setup.md [756B] .guides/config.json [236B] create_movie.dart [3598B] upsert_user.dart [3044B] delete_review.dart [3463B] list_movies.dart [2718B] list_users.dart [2236B] generated.dart [2455B] .guides/usage.md [1181B] add_review.dart [3874B] 
I0421 17:28:17.876136   16028 load.go:109] Finished reloading
 {"metadata":{"emulator":{"name":"dataconnect"},"message":"I0421 17:28:17.876136   16028 collector.go:107] connector \"example\" dartSdk wrote into \"c:\\\\Users\\\\ermi0\\\\flutter projects\\\\apps\\\\account_manager\\\\lib\\\\dataconnect_generated\"\nGenerated sources: list_user_reviews.dart [5172B] get_movie_by_id.dart [8364B] search_movie.dart [4743B] README.md [11557B] .guides/setup.md [756B] .guides/config.json [236B] create_movie.dart [3598B] upsert_user.dart [3044B] delete_review.dart [3463B] list_movies.dart [2718B] list_users.dart [2236B] generated.dart [2455B] .guides/usage.md [1181B] add_review.dart [3874B] \nI0421 17:28:17.876136   16028 load.go:109] Finished reloading\n"}}
[debug] [2026-04-21T14:28:18.081Z] I0421 17:28:17.914713   16028 dev.go:104] Listening on address (HTTP + gRPC): 127.0.0.1:50001
 {"metadata":{"emulator":{"name":"dataconnect"},"message":"I0421 17:28:17.914713   16028 dev.go:104] Listening on address (HTTP + gRPC): 127.0.0.1:50001\n"}}
[debug] [2026-04-21T14:28:18.167Z] <<< [apiv2][status] POST https://www.googleapis.com/oauth2/v3/token 200
[debug] [2026-04-21T14:28:18.169Z] <<< [apiv2][body] POST https://www.googleapis.com/oauth2/v3/token [omitted]
[debug] [2026-04-21T14:28:18.208Z] [Firebase Plugin] User found:  ermi0343@gmail.com
[info] [Firebase Plugin] (Core:Project) New user detected, fetching projects
[debug] [2026-04-21T14:28:18.214Z] Checked if tokens are valid: true, expires at: 1776785297169
[debug] [2026-04-21T14:28:18.216Z] >>> [apiv2][query] GET https://firebase.googleapis.com/v1beta1/projects pageSize=1000
[debug] [2026-04-21T14:28:18.269Z] I0421 17:28:18.269661   16028 engine.go:209] [projects/emulator/locations/emulator/services/apps 8894] ExecuteGraphqlRead query IntrospectionQuery: succeeded. 
 {"metadata":{"emulator":{"name":"dataconnect"},"message":"I0421 17:28:18.269661   16028 engine.go:209] [projects/emulator/locations/emulator/services/apps 8894] ExecuteGraphqlRead query IntrospectionQuery: succeeded. \n"}}
[debug] [2026-04-21T14:28:19.084Z] <<< [apiv2][status] GET https://firebase.googleapis.com/v1beta1/projects 200
[debug] [2026-04-21T14:28:19.085Z] <<< [apiv2][body] GET https://firebase.googleapis.com/v1beta1/projects [omitted]
[info] [Firebase Plugin] Stopping SQL Connect toolkit
[debug] [2026-04-22T06:29:03.059Z] [Firebase Plugin] Activating Firebase extension.
[info] [Firebase Plugin] Checked firebase-tools, is up to date!
[debug] [2026-04-22T06:29:07.152Z] [Firebase Plugin] requireAuthWrapper
[debug] [2026-04-22T06:29:07.157Z] > command requires scopes: ["email","openid","https://www.googleapis.com/auth/cloudplatformprojects.readonly","https://www.googleapis.com/auth/firebase","https://www.googleapis.com/auth/cloud-platform"]
[debug] [2026-04-22T06:29:07.158Z] > authorizing via signed-in user (ermi0343@gmail.com)
[debug] [2026-04-22T06:29:07.165Z] Checked if tokens are valid: false, expires at: 1776785297169
[debug] [2026-04-22T06:29:07.166Z] Checked if tokens are valid: false, expires at: 1776785297169
[debug] [2026-04-22T06:29:07.167Z] > refreshing access token with scopes: []
[debug] [2026-04-22T06:29:07.172Z] >>> [apiv2][query] POST https://www.googleapis.com/oauth2/v3/token [none]
[debug] [2026-04-22T06:29:07.172Z] >>> [apiv2][body] POST https://www.googleapis.com/oauth2/v3/token [omitted]
[debug] [2026-04-22T06:29:07.205Z] [Firebase Plugin] VSCode notification server listening on port 40001
[info] [Firebase Plugin] Starting SQL Connect toolkit (version 3.4.5) on port 50001
[debug] [2026-04-22T06:29:08.403Z] I0422 09:29:08.389570   18928 control.go:100] [projects/emulator/locations/emulator/services/apps 3fc6] UpdateResources(): done
Main schema: sources: schema\schema.gql [1992B] 
Connector "example": sources: example\mutations.gql [1243B] example\queries.gql [1801B] 
 {"metadata":{"emulator":{"name":"dataconnect"},"message":"I0422 09:29:08.389570   18928 control.go:100] [projects/emulator/locations/emulator/services/apps 3fc6] UpdateResources(): done\nMain schema: sources: schema\\schema.gql [1992B] \nConnector \"example\": sources: example\\mutations.gql [1243B] example\\queries.gql [1801B] \n"}}
[debug] [2026-04-22T06:29:08.405Z] Ignoring unsupported arg: auto_download {"metadata":{"emulator":{"name":"dataconnect"},"message":"Ignoring unsupported arg: auto_download"}}
[debug] [2026-04-22T06:29:08.406Z] Ignoring unsupported arg: port {"metadata":{"emulator":{"name":"dataconnect"},"message":"Ignoring unsupported arg: port"}}
[debug] [2026-04-22T06:29:08.406Z] Starting SQL Connect Emulator with command {"binary":"C:\\Users\\ermi0\\.cache\\firebase\\emulators\\dataconnect-emulator-3.4.5.exe","args":["--logtostderr","-v=2","dev","--listen=localhost:50001","--config_dir=c:\\Users\\ermi0\\flutter projects\\apps\\dataconnect","--enable_output_schema_extensions=true","--enable_output_generated_sdk=true"],"optionalArgs":["listen","config_dir","enable_output_schema_extensions","enable_output_generated_sdk"],"joinArgs":true,"shell":false,"port":9399} {"metadata":{"emulator":{"name":"dataconnect"},"message":"Starting SQL Connect Emulator with command {\"binary\":\"C:\\\\Users\\\\ermi0\\\\.cache\\\\firebase\\\\emulators\\\\dataconnect-emulator-3.4.5.exe\",\"args\":[\"--logtostderr\",\"-v=2\",\"dev\",\"--listen=localhost:50001\",\"--config_dir=c:\\\\Users\\\\ermi0\\\\flutter projects\\\\apps\\\\dataconnect\",\"--enable_output_schema_extensions=true\",\"--enable_output_generated_sdk=true\"],\"optionalArgs\":[\"listen\",\"config_dir\",\"enable_output_schema_extensions\",\"enable_output_generated_sdk\"],\"joinArgs\":true,\"shell\":false,\"port\":9399}"}}
[info] i  dataconnect: SQL Connect Emulator logging to dataconnect-debug.log {"metadata":{"emulator":{"name":"dataconnect"},"message":"SQL Connect Emulator logging to \u001b[1mdataconnect-debug.log\u001b[22m"}}
[debug] [2026-04-22T06:29:08.452Z] I0422 09:29:08.451594   13264 load.go:31] Reloading schema and connectors...
 {"metadata":{"emulator":{"name":"dataconnect"},"message":"I0422 09:29:08.451594   13264 load.go:31] Reloading schema and connectors...\n"}}
[debug] [2026-04-22T06:29:08.477Z] I0422 09:29:08.470878   13264 control.go:100] [projects/emulator/locations/emulator/services/apps 9a84] UpdateResources(): done
Main schema: sources: schema\schema.gql [1992B] 
Connector "example": sources: example\mutations.gql [1243B] example\queries.gql [1801B] 
 {"metadata":{"emulator":{"name":"dataconnect"},"message":"I0422 09:29:08.470878   13264 control.go:100] [projects/emulator/locations/emulator/services/apps 9a84] UpdateResources(): done\nMain schema: sources: schema\\schema.gql [1992B] \nConnector \"example\": sources: example\\mutations.gql [1243B] example\\queries.gql [1801B] \n"}}
[debug] [2026-04-22T06:29:08.640Z] I0422 09:29:08.490289   13264 codegen.go:101] [connector "example" dartSdk] Generating sources into "c:\\Users\\ermi0\\flutter projects\\apps\\account_manager\\lib\\dataconnect_generated"
I0422 09:29:08.504335   13264 collector.go:107] schema extensions wrote into "c:\\Users\\ermi0\\flutter projects\\apps\\dataconnect\\.dataconnect\\schema"
Generated sources: main\input.gql [28927B] main\relation.gql [14318B] main\query.gql [5099B] main\mutation.gql [13679B] main\implicit.gql [1261B] prelude.gql [82799B] 
I0422 09:29:08.508485   13264 collector.go:107] connector "example" dartSdk wrote into "c:\\Users\\ermi0\\flutter projects\\apps\\account_manager\\lib\\dataconnect_generated"
Generated sources: add_review.dart [3874B] list_movies.dart [2718B] list_users.dart [2236B] list_user_reviews.dart [5172B] get_movie_by_id.dart [8364B] README.md [11557B] .guides/config.json [236B] create_movie.dart [3598B] upsert_user.dart [3044B] delete_review.dart [3463B] search_movie.dart [4743B] generated.dart [2455B] .guides/usage.md [1181B] .guides/setup.md [756B] 
I0422 09:29:08.508485   13264 load.go:109] Finished reloading
I0422 09:29:08.528321   13264 dev.go:104] Listening on address (HTTP + gRPC): 127.0.0.1:50001
 {"metadata":{"emulator":{"name":"dataconnect"},"message":"I0422 09:29:08.490289   13264 codegen.go:101] [connector \"example\" dartSdk] Generating sources into \"c:\\\\Users\\\\ermi0\\\\flutter projects\\\\apps\\\\account_manager\\\\lib\\\\dataconnect_generated\"\nI0422 09:29:08.504335   13264 collector.go:107] schema extensions wrote into \"c:\\\\Users\\\\ermi0\\\\flutter projects\\\\apps\\\\dataconnect\\\\.dataconnect\\\\schema\"\nGenerated sources: main\\input.gql [28927B] main\\relation.gql [14318B] main\\query.gql [5099B] main\\mutation.gql [13679B] main\\implicit.gql [1261B] prelude.gql [82799B] \nI0422 09:29:08.508485   13264 collector.go:107] connector \"example\" dartSdk wrote into \"c:\\\\Users\\\\ermi0\\\\flutter projects\\\\apps\\\\account_manager\\\\lib\\\\dataconnect_generated\"\nGenerated sources: add_review.dart [3874B] list_movies.dart [2718B] list_users.dart [2236B] list_user_reviews.dart [5172B] get_movie_by_id.dart [8364B] README.md [11557B] .guides/config.json [236B] create_movie.dart [3598B] upsert_user.dart [3044B] delete_review.dart [3463B] search_movie.dart [4743B] generated.dart [2455B] .guides/usage.md [1181B] .guides/setup.md [756B] \nI0422 09:29:08.508485   13264 load.go:109] Finished reloading\nI0422 09:29:08.528321   13264 dev.go:104] Listening on address (HTTP + gRPC): 127.0.0.1:50001\n"}}
[debug] [2026-04-22T06:29:08.828Z] <<< [apiv2][status] POST https://www.googleapis.com/oauth2/v3/token 200
[debug] [2026-04-22T06:29:08.830Z] <<< [apiv2][body] POST https://www.googleapis.com/oauth2/v3/token [omitted]
[debug] [2026-04-22T06:29:08.903Z] [Firebase Plugin] User found:  ermi0343@gmail.com
[info] [Firebase Plugin] (Core:Project) New user detected, fetching projects
[debug] [2026-04-22T06:29:08.920Z] Checked if tokens are valid: true, expires at: 1776842947832
[debug] [2026-04-22T06:29:08.933Z] >>> [apiv2][query] GET https://firebase.googleapis.com/v1beta1/projects pageSize=1000
[debug] [2026-04-22T06:29:09.029Z] I0422 09:29:08.880290   13264 engine.go:209] [projects/emulator/locations/emulator/services/apps 9a84] ExecuteGraphqlRead query IntrospectionQuery: succeeded. 
 {"metadata":{"emulator":{"name":"dataconnect"},"message":"I0422 09:29:08.880290   13264 engine.go:209] [projects/emulator/locations/emulator/services/apps 9a84] ExecuteGraphqlRead query IntrospectionQuery: succeeded. \n"}}
[debug] [2026-04-22T06:29:09.918Z] <<< [apiv2][status] GET https://firebase.googleapis.com/v1beta1/projects 200
[debug] [2026-04-22T06:29:09.918Z] <<< [apiv2][body] GET https://firebase.googleapis.com/v1beta1/projects [omitted]
[info] [Firebase Plugin] Stopping SQL Connect toolkit
[debug] [2026-04-22T06:39:41.518Z] [Firebase Plugin] Activating Firebase extension.
[info] [Firebase Plugin] Checked firebase-tools, is up to date!
[debug] [2026-04-22T06:39:44.781Z] [Firebase Plugin] requireAuthWrapper
[debug] [2026-04-22T06:39:44.790Z] > command requires scopes: ["email","openid","https://www.googleapis.com/auth/cloudplatformprojects.readonly","https://www.googleapis.com/auth/firebase","https://www.googleapis.com/auth/cloud-platform"]
[debug] [2026-04-22T06:39:44.792Z] > authorizing via signed-in user (ermi0343@gmail.com)
[debug] [2026-04-22T06:39:44.801Z] Checked if tokens are valid: true, expires at: 1776842947832
[debug] [2026-04-22T06:39:44.801Z] Checked if tokens are valid: true, expires at: 1776842947832
[debug] [2026-04-22T06:39:44.804Z] [Firebase Plugin] User found:  ermi0343@gmail.com
[info] [Firebase Plugin] (Core:Project) New user detected, fetching projects
[debug] [2026-04-22T06:39:44.808Z] Checked if tokens are valid: true, expires at: 1776842947832
[debug] [2026-04-22T06:39:44.812Z] >>> [apiv2][query] GET https://firebase.googleapis.com/v1beta1/projects pageSize=1000
[debug] [2026-04-22T06:39:44.873Z] [Firebase Plugin] VSCode notification server listening on port 40001
[info] [Firebase Plugin] Starting SQL Connect toolkit (version 3.4.5) on port 50001
[debug] [2026-04-22T06:39:46.169Z] I0422 09:39:46.150766   19392 control.go:100] [projects/emulator/locations/emulator/services/apps 825a] UpdateResources(): done
Main schema: sources: schema\schema.gql [1992B] 
Connector "example": sources: example\mutations.gql [1243B] example\queries.gql [1801B] 
 {"metadata":{"emulator":{"name":"dataconnect"},"message":"I0422 09:39:46.150766   19392 control.go:100] [projects/emulator/locations/emulator/services/apps 825a] UpdateResources(): done\nMain schema: sources: schema\\schema.gql [1992B] \nConnector \"example\": sources: example\\mutations.gql [1243B] example\\queries.gql [1801B] \n"}}
[debug] [2026-04-22T06:39:46.172Z] Ignoring unsupported arg: auto_download {"metadata":{"emulator":{"name":"dataconnect"},"message":"Ignoring unsupported arg: auto_download"}}
[debug] [2026-04-22T06:39:46.172Z] Ignoring unsupported arg: port {"metadata":{"emulator":{"name":"dataconnect"},"message":"Ignoring unsupported arg: port"}}
[debug] [2026-04-22T06:39:46.173Z] Starting SQL Connect Emulator with command {"binary":"C:\\Users\\ermi0\\.cache\\firebase\\emulators\\dataconnect-emulator-3.4.5.exe","args":["--logtostderr","-v=2","dev","--listen=localhost:50001","--config_dir=c:\\Users\\ermi0\\flutter projects\\apps\\dataconnect","--enable_output_schema_extensions=true","--enable_output_generated_sdk=true"],"optionalArgs":["listen","config_dir","enable_output_schema_extensions","enable_output_generated_sdk"],"joinArgs":true,"shell":false,"port":9399} {"metadata":{"emulator":{"name":"dataconnect"},"message":"Starting SQL Connect Emulator with command {\"binary\":\"C:\\\\Users\\\\ermi0\\\\.cache\\\\firebase\\\\emulators\\\\dataconnect-emulator-3.4.5.exe\",\"args\":[\"--logtostderr\",\"-v=2\",\"dev\",\"--listen=localhost:50001\",\"--config_dir=c:\\\\Users\\\\ermi0\\\\flutter projects\\\\apps\\\\dataconnect\",\"--enable_output_schema_extensions=true\",\"--enable_output_generated_sdk=true\"],\"optionalArgs\":[\"listen\",\"config_dir\",\"enable_output_schema_extensions\",\"enable_output_generated_sdk\"],\"joinArgs\":true,\"shell\":false,\"port\":9399}"}}
[info] i  dataconnect: SQL Connect Emulator logging to dataconnect-debug.log {"metadata":{"emulator":{"name":"dataconnect"},"message":"SQL Connect Emulator logging to \u001b[1mdataconnect-debug.log\u001b[22m"}}
[debug] [2026-04-22T06:39:46.533Z] I0422 09:39:46.252972   23080 load.go:31] Reloading schema and connectors...
I0422 09:39:46.272129   23080 control.go:100] [projects/emulator/locations/emulator/services/apps 58ce] UpdateResources(): done
Main schema: sources: schema\schema.gql [1992B] 
Connector "example": sources: example\mutations.gql [1243B] example\queries.gql [1801B] 
I0422 09:39:46.294428   23080 codegen.go:101] [connector "example" dartSdk] Generating sources into "c:\\Users\\ermi0\\flutter projects\\apps\\account_manager\\lib\\dataconnect_generated"
I0422 09:39:46.306381   23080 collector.go:107] schema extensions wrote into "c:\\Users\\ermi0\\flutter projects\\apps\\dataconnect\\.dataconnect\\schema"
Generated sources: main\mutation.gql [13679B] main\implicit.gql [1261B] prelude.gql [82799B] main\input.gql [28927B] main\relation.gql [14318B] main\query.gql [5099B] 
I0422 09:39:46.309909   23080 collector.go:107] connector "example" dartSdk wrote into "c:\\Users\\ermi0\\flutter projects\\apps\\account_manager\\lib\\dataconnect_generated"
Generated sources: search_movie.dart [4743B] README.md [11557B] .guides/config.json [236B] create_movie.dart [3598B] add_review.dart [3874B] delete_review.dart [3463B] list_user_reviews.dart [5172B] get_movie_by_id.dart [8364B] generated.dart [2455B] .guides/usage.md [1181B] .guides/setup.md [756B] upsert_user.dart [3044B] list_movies.dart [2718B] list_users.dart [2236B] 
I0422 09:39:46.309909   23080 load.go:109] Finished reloading
I0422 09:39:46.425456   23080 dev.go:104] Listening on address (HTTP + gRPC): 127.0.0.1:50001
 {"metadata":{"emulator":{"name":"dataconnect"},"message":"I0422 09:39:46.252972   23080 load.go:31] Reloading schema and connectors...\nI0422 09:39:46.272129   23080 control.go:100] [projects/emulator/locations/emulator/services/apps 58ce] UpdateResources(): done\nMain schema: sources: schema\\schema.gql [1992B] \nConnector \"example\": sources: example\\mutations.gql [1243B] example\\queries.gql [1801B] \nI0422 09:39:46.294428   23080 codegen.go:101] [connector \"example\" dartSdk] Generating sources into \"c:\\\\Users\\\\ermi0\\\\flutter projects\\\\apps\\\\account_manager\\\\lib\\\\dataconnect_generated\"\nI0422 09:39:46.306381   23080 collector.go:107] schema extensions wrote into \"c:\\\\Users\\\\ermi0\\\\flutter projects\\\\apps\\\\dataconnect\\\\.dataconnect\\\\schema\"\nGenerated sources: main\\mutation.gql [13679B] main\\implicit.gql [1261B] prelude.gql [82799B] main\\input.gql [28927B] main\\relation.gql [14318B] main\\query.gql [5099B] \nI0422 09:39:46.309909   23080 collector.go:107] connector \"example\" dartSdk wrote into \"c:\\\\Users\\\\ermi0\\\\flutter projects\\\\apps\\\\account_manager\\\\lib\\\\dataconnect_generated\"\nGenerated sources: search_movie.dart [4743B] README.md [11557B] .guides/config.json [236B] create_movie.dart [3598B] add_review.dart [3874B] delete_review.dart [3463B] list_user_reviews.dart [5172B] get_movie_by_id.dart [8364B] generated.dart [2455B] .guides/usage.md [1181B] .guides/setup.md [756B] upsert_user.dart [3044B] list_movies.dart [2718B] list_users.dart [2236B] \nI0422 09:39:46.309909   23080 load.go:109] Finished reloading\nI0422 09:39:46.425456   23080 dev.go:104] Listening on address (HTTP + gRPC): 127.0.0.1:50001\n"}}
[debug] [2026-04-22T06:39:47.146Z] I0422 09:39:47.144844   23080 engine.go:209] [projects/emulator/locations/emulator/services/apps 58ce] ExecuteGraphqlRead query IntrospectionQuery: succeeded. 
 {"metadata":{"emulator":{"name":"dataconnect"},"message":"I0422 09:39:47.144844   23080 engine.go:209] [projects/emulator/locations/emulator/services/apps 58ce] ExecuteGraphqlRead query IntrospectionQuery: succeeded. \n"}}
[debug] [2026-04-22T06:39:47.259Z] <<< [apiv2][status] GET https://firebase.googleapis.com/v1beta1/projects 200
[debug] [2026-04-22T06:39:47.260Z] <<< [apiv2][body] GET https://firebase.googleapis.com/v1beta1/projects [omitted]
[debug] [2026-04-22T07:57:49.680Z] [Firebase Plugin] Value of process.env.MONOSPACE_ENV: undefined
[debug] [2026-04-22T07:57:49.681Z] [Firebase Plugin] requireAuthWrapper
[debug] [2026-04-22T07:57:49.684Z] > command requires scopes: ["email","openid","https://www.googleapis.com/auth/cloudplatformprojects.readonly","https://www.googleapis.com/auth/firebase","https://www.googleapis.com/auth/cloud-platform"]
[debug] [2026-04-22T07:57:49.685Z] > authorizing via signed-in user (ermi0343@gmail.com)
[debug] [2026-04-22T07:57:49.686Z] Checked if tokens are valid: false, expires at: 1776842947832
[debug] [2026-04-22T07:57:49.686Z] Checked if tokens are valid: false, expires at: 1776842947832
[debug] [2026-04-22T07:57:49.686Z] > refreshing access token with scopes: []
[debug] [2026-04-22T07:57:49.689Z] >>> [apiv2][query] POST https://www.googleapis.com/oauth2/v3/token [none]
[debug] [2026-04-22T07:57:49.689Z] >>> [apiv2][body] POST https://www.googleapis.com/oauth2/v3/token [omitted]
[debug] [2026-04-22T07:57:49.696Z] [Firebase Plugin] Value of process.env.MONOSPACE_ENV: undefined
[debug] [2026-04-22T07:57:49.696Z] [Firebase Plugin] requireAuthWrapper
[debug] [2026-04-22T07:57:49.697Z] > command requires scopes: ["email","openid","https://www.googleapis.com/auth/cloudplatformprojects.readonly","https://www.googleapis.com/auth/firebase","https://www.googleapis.com/auth/cloud-platform"]
[debug] [2026-04-22T07:57:49.697Z] > authorizing via signed-in user (ermi0343@gmail.com)
[debug] [2026-04-22T07:57:49.698Z] Checked if tokens are valid: false, expires at: 1776842947832
[debug] [2026-04-22T07:57:49.698Z] Checked if tokens are valid: false, expires at: 1776842947832
[debug] [2026-04-22T07:57:49.698Z] > refreshing access token with scopes: []
[debug] [2026-04-22T07:57:49.698Z] >>> [apiv2][query] POST https://www.googleapis.com/oauth2/v3/token [none]
[debug] [2026-04-22T07:57:49.699Z] >>> [apiv2][body] POST https://www.googleapis.com/oauth2/v3/token [omitted]
[debug] [2026-04-22T07:57:50.173Z] <<< [apiv2][status] POST https://www.googleapis.com/oauth2/v3/token 200
[debug] [2026-04-22T07:57:50.174Z] <<< [apiv2][body] POST https://www.googleapis.com/oauth2/v3/token [omitted]
[debug] [2026-04-22T07:57:50.244Z] [Firebase Plugin] User found:  ermi0343@gmail.com
[info] [Firebase Plugin] (Core:Project) New user detected, fetching projects
[debug] [2026-04-22T07:57:50.247Z] Checked if tokens are valid: true, expires at: 1776848269174
[debug] [2026-04-22T07:57:50.249Z] >>> [apiv2][query] GET https://firebase.googleapis.com/v1beta1/projects pageSize=1000
[debug] [2026-04-22T07:57:50.268Z] <<< [apiv2][status] POST https://www.googleapis.com/oauth2/v3/token 200
[debug] [2026-04-22T07:57:50.269Z] <<< [apiv2][body] POST https://www.googleapis.com/oauth2/v3/token [omitted]
[debug] [2026-04-22T07:57:50.290Z] [Firebase Plugin] User found:  ermi0343@gmail.com
[info] [Firebase Plugin] (Core:Project) New user detected, fetching projects
[debug] [2026-04-22T07:57:50.291Z] Checked if tokens are valid: true, expires at: 1776848269269
[debug] [2026-04-22T07:57:50.292Z] >>> [apiv2][query] GET https://firebase.googleapis.com/v1beta1/projects pageSize=1000
[debug] [2026-04-22T07:57:52.000Z] <<< [apiv2][status] GET https://firebase.googleapis.com/v1beta1/projects 200
[debug] [2026-04-22T07:57:52.000Z] <<< [apiv2][body] GET https://firebase.googleapis.com/v1beta1/projects [omitted]
[debug] [2026-04-22T07:57:52.103Z] <<< [apiv2][status] GET https://firebase.googleapis.com/v1beta1/projects 200
[debug] [2026-04-22T07:57:52.103Z] <<< [apiv2][body] GET https://firebase.googleapis.com/v1beta1/projects [omitted]
[debug] [2026-04-22T07:58:05.401Z] [Firebase Plugin] Received emulators started notification. Running detection.
[debug] [2026-04-22T07:58:05.411Z] Found emulator hub locator: {"version":"15.15.0","origins":["http://127.0.0.1:4400","http://[::1]:4400"],"pid":23408}
[debug] [2026-04-22T07:58:05.412Z] >>> [apiv2][query] GET http://127.0.0.1:4400/emulators [none]
[debug] [2026-04-22T07:58:05.451Z] <<< [apiv2][status] GET http://127.0.0.1:4400/emulators 200
[debug] [2026-04-22T07:58:05.451Z] <<< [apiv2][body] GET http://127.0.0.1:4400/emulators {"hub":{"listen":[{"address":"127.0.0.1","family":"IPv4","port":4400},{"address":"::1","family":"IPv6","port":4400}],"name":"hub","host":"127.0.0.1","port":4400},"logging":{"listen":[{"address":"127.0.0.1","family":"IPv4","port":4500}],"name":"logging","host":"127.0.0.1","port":4500},"dataconnect":{"listen":[{"address":"127.0.0.1","family":"IPv4","port":9399},{"address":"::1","family":"IPv6","port":9399}],"name":"dataconnect","host":"127.0.0.1","port":9399,"pid":23972,"timeout":10000}}
[debug] [2026-04-22T07:58:05.734Z] I0422 10:58:05.734537   23080 engine.go:209] [projects/emulator/locations/emulator/services/apps 58ce] ExecuteGraphqlRead query IntrospectionQuery: succeeded. 
 {"metadata":{"emulator":{"name":"dataconnect"},"message":"I0422 10:58:05.734537   23080 engine.go:209] [projects/emulator/locations/emulator/services/apps 58ce] ExecuteGraphqlRead query IntrospectionQuery: succeeded. \n"}}
[debug] [2026-04-22T07:58:13.276Z] Found emulator hub locator: {"version":"15.15.0","origins":["http://127.0.0.1:4400","http://[::1]:4400"],"pid":23408}
[debug] [2026-04-22T07:58:13.277Z] >>> [apiv2][query] GET http://127.0.0.1:4400/ [none]
[debug] [2026-04-22T07:58:13.283Z] <<< [apiv2][status] GET http://127.0.0.1:4400/ 200
[debug] [2026-04-22T07:58:13.284Z] <<< [apiv2][body] GET http://127.0.0.1:4400/ {"version":"15.15.0","origins":["http://127.0.0.1:4400","http://[::1]:4400"],"pid":23408,"host":"127.0.0.1","port":4400}
[debug] [2026-04-22T07:58:13.284Z] >>> [apiv2][query] POST http://127.0.0.1:4400/dataconnect/clearData [none]
[debug] [2026-04-22T07:58:13.355Z] <<< [apiv2][status] POST http://127.0.0.1:4400/dataconnect/clearData 200
[debug] [2026-04-22T07:58:13.355Z] <<< [apiv2][body] POST http://127.0.0.1:4400/dataconnect/clearData {"success":true}
[debug] [2026-04-22T08:04:22.158Z] Found emulator hub locator: {"version":"15.15.0","origins":["http://127.0.0.1:4400","http://[::1]:4400"],"pid":23408}
[debug] [2026-04-22T08:04:22.159Z] >>> [apiv2][query] GET http://127.0.0.1:4400/ [none]
[debug] [2026-04-22T08:04:22.165Z] <<< [apiv2][status] GET http://127.0.0.1:4400/ 200
[debug] [2026-04-22T08:04:22.166Z] <<< [apiv2][body] GET http://127.0.0.1:4400/ {"version":"15.15.0","origins":["http://127.0.0.1:4400","http://[::1]:4400"],"pid":23408,"host":"127.0.0.1","port":4400}
[debug] [2026-04-22T08:04:22.166Z] >>> [apiv2][query] POST http://127.0.0.1:4400/dataconnect/clearData [none]
[debug] [2026-04-22T08:04:22.221Z] <<< [apiv2][status] POST http://127.0.0.1:4400/dataconnect/clearData 200
[debug] [2026-04-22T08:04:22.222Z] <<< [apiv2][body] POST http://127.0.0.1:4400/dataconnect/clearData {"success":true}
[debug] [2026-04-22T08:15:02.120Z] [Firebase Plugin] Received emulators shutdown notification.
[debug] [2026-04-22T08:15:02.123Z] [Firebase Plugin] Received emulators shutdown notification.
[debug] [2026-04-22T09:41:36.319Z] E0422 12:41:36.314080   23080 watch.go:40] Failed to load config from "c:\\Users\\ermi0\\flutter projects\\apps\\dataconnect": could not find dataconnect.yaml in `c:\Users\ermi0\flutter projects\apps\dataconnect`
 {"metadata":{"emulator":{"name":"dataconnect"},"message":"E0422 12:41:36.314080   23080 watch.go:40] Failed to load config from \"c:\\\\Users\\\\ermi0\\\\flutter projects\\\\apps\\\\dataconnect\": could not find dataconnect.yaml in `c:\\Users\\ermi0\\flutter projects\\apps\\dataconnect`\n"}}
[debug] [2026-04-22T09:41:46.310Z] E0422 12:41:46.310602   23080 watch.go:40] Failed to load config from "c:\\Users\\ermi0\\flutter projects\\apps\\dataconnect": could not find dataconnect.yaml in `c:\Users\ermi0\flutter projects\apps\dataconnect`
 {"metadata":{"emulator":{"name":"dataconnect"},"message":"E0422 12:41:46.310602   23080 watch.go:40] Failed to load config from \"c:\\\\Users\\\\ermi0\\\\flutter projects\\\\apps\\\\dataconnect\": could not find dataconnect.yaml in `c:\\Users\\ermi0\\flutter projects\\apps\\dataconnect`\n"}}
[debug] [2026-04-22T09:41:56.310Z] E0422 12:41:56.310692   23080 watch.go:40] Failed to load config from "c:\\Users\\ermi0\\flutter projects\\apps\\dataconnect": could not find dataconnect.yaml in `c:\Users\ermi0\flutter projects\apps\dataconnect`
 {"metadata":{"emulator":{"name":"dataconnect"},"message":"E0422 12:41:56.310692   23080 watch.go:40] Failed to load config from \"c:\\\\Users\\\\ermi0\\\\flutter projects\\\\apps\\\\dataconnect\": could not find dataconnect.yaml in `c:\\Users\\ermi0\\flutter projects\\apps\\dataconnect`\n"}}
[debug] [2026-04-22T09:42:06.310Z] E0422 12:42:06.310473   23080 watch.go:40] Failed to load config from "c:\\Users\\ermi0\\flutter projects\\apps\\dataconnect": could not find dataconnect.yaml in `c:\Users\ermi0\flutter projects\apps\dataconnect`
 {"metadata":{"emulator":{"name":"dataconnect"},"message":"E0422 12:42:06.310473   23080 watch.go:40] Failed to load config from \"c:\\\\Users\\\\ermi0\\\\flutter projects\\\\apps\\\\dataconnect\": could not find dataconnect.yaml in `c:\\Users\\ermi0\\flutter projects\\apps\\dataconnect`\n"}}
[debug] [2026-04-22T09:42:16.311Z] E0422 12:42:16.310713   23080 watch.go:40] Failed to load config from "c:\\Users\\ermi0\\flutter projects\\apps\\dataconnect": could not find dataconnect.yaml in `c:\Users\ermi0\flutter projects\apps\dataconnect`
 {"metadata":{"emulator":{"name":"dataconnect"},"message":"E0422 12:42:16.310713   23080 watch.go:40] Failed to load config from \"c:\\\\Users\\\\ermi0\\\\flutter projects\\\\apps\\\\dataconnect\": could not find dataconnect.yaml in `c:\\Users\\ermi0\\flutter projects\\apps\\dataconnect`\n"}}
[debug] [2026-04-22T09:42:26.310Z] E0422 12:42:26.310441   23080 watch.go:40] Failed to load config from "c:\\Users\\ermi0\\flutter projects\\apps\\dataconnect": could not find dataconnect.yaml in `c:\Users\ermi0\flutter projects\apps\dataconnect`
 {"metadata":{"emulator":{"name":"dataconnect"},"message":"E0422 12:42:26.310441   23080 watch.go:40] Failed to load config from \"c:\\\\Users\\\\ermi0\\\\flutter projects\\\\apps\\\\dataconnect\": could not find dataconnect.yaml in `c:\\Users\\ermi0\\flutter projects\\apps\\dataconnect`\n"}}
[debug] [2026-04-22T09:42:36.310Z] E0422 12:42:36.310587   23080 watch.go:40] Failed to load config from "c:\\Users\\ermi0\\flutter projects\\apps\\dataconnect": could not find dataconnect.yaml in `c:\Users\ermi0\flutter projects\apps\dataconnect`
 {"metadata":{"emulator":{"name":"dataconnect"},"message":"E0422 12:42:36.310587   23080 watch.go:40] Failed to load config from \"c:\\\\Users\\\\ermi0\\\\flutter projects\\\\apps\\\\dataconnect\": could not find dataconnect.yaml in `c:\\Users\\ermi0\\flutter projects\\apps\\dataconnect`\n"}}
[debug] [2026-04-22T09:42:46.310Z] E0422 12:42:46.310401   23080 watch.go:40] Failed to load config from "c:\\Users\\ermi0\\flutter projects\\apps\\dataconnect": could not find dataconnect.yaml in `c:\Users\ermi0\flutter projects\apps\dataconnect`
 {"metadata":{"emulator":{"name":"dataconnect"},"message":"E0422 12:42:46.310401   23080 watch.go:40] Failed to load config from \"c:\\\\Users\\\\ermi0\\\\flutter projects\\\\apps\\\\dataconnect\": could not find dataconnect.yaml in `c:\\Users\\ermi0\\flutter projects\\apps\\dataconnect`\n"}}
[debug] [2026-04-22T09:42:56.310Z] E0422 12:42:56.310532   23080 watch.go:40] Failed to load config from "c:\\Users\\ermi0\\flutter projects\\apps\\dataconnect": could not find dataconnect.yaml in `c:\Users\ermi0\flutter projects\apps\dataconnect`
 {"metadata":{"emulator":{"name":"dataconnect"},"message":"E0422 12:42:56.310532   23080 watch.go:40] Failed to load config from \"c:\\\\Users\\\\ermi0\\\\flutter projects\\\\apps\\\\dataconnect\": could not find dataconnect.yaml in `c:\\Users\\ermi0\\flutter projects\\apps\\dataconnect`\n"}}
[debug] [2026-04-22T09:43:06.316Z] E0422 12:43:06.315328   23080 watch.go:40] Failed to load config from "c:\\Users\\ermi0\\flutter projects\\apps\\dataconnect": could not find dataconnect.yaml in `c:\Users\ermi0\flutter projects\apps\dataconnect`
 {"metadata":{"emulator":{"name":"dataconnect"},"message":"E0422 12:43:06.315328   23080 watch.go:40] Failed to load config from \"c:\\\\Users\\\\ermi0\\\\flutter projects\\\\apps\\\\dataconnect\": could not find dataconnect.yaml in `c:\\Users\\ermi0\\flutter projects\\apps\\dataconnect`\n"}}
[debug] [2026-04-22T09:43:16.310Z] E0422 12:43:16.310331   23080 watch.go:40] Failed to load config from "c:\\Users\\ermi0\\flutter projects\\apps\\dataconnect": could not find dataconnect.yaml in `c:\Users\ermi0\flutter projects\apps\dataconnect`
 {"metadata":{"emulator":{"name":"dataconnect"},"message":"E0422 12:43:16.310331   23080 watch.go:40] Failed to load config from \"c:\\\\Users\\\\ermi0\\\\flutter projects\\\\apps\\\\dataconnect\": could not find dataconnect.yaml in `c:\\Users\\ermi0\\flutter projects\\apps\\dataconnect`\n"}}
[debug] [2026-04-22T09:43:26.310Z] E0422 12:43:26.310302   23080 watch.go:40] Failed to load config from "c:\\Users\\ermi0\\flutter projects\\apps\\dataconnect": could not find dataconnect.yaml in `c:\Users\ermi0\flutter projects\apps\dataconnect`
 {"metadata":{"emulator":{"name":"dataconnect"},"message":"E0422 12:43:26.310302   23080 watch.go:40] Failed to load config from \"c:\\\\Users\\\\ermi0\\\\flutter projects\\\\apps\\\\dataconnect\": could not find dataconnect.yaml in `c:\\Users\\ermi0\\flutter projects\\apps\\dataconnect`\n"}}
[debug] [2026-04-22T09:43:36.310Z] E0422 12:43:36.310463   23080 watch.go:40] Failed to load config from "c:\\Users\\ermi0\\flutter projects\\apps\\dataconnect": could not find dataconnect.yaml in `c:\Users\ermi0\flutter projects\apps\dataconnect`
 {"metadata":{"emulator":{"name":"dataconnect"},"message":"E0422 12:43:36.310463   23080 watch.go:40] Failed to load config from \"c:\\\\Users\\\\ermi0\\\\flutter projects\\\\apps\\\\dataconnect\": could not find dataconnect.yaml in `c:\\Users\\ermi0\\flutter projects\\apps\\dataconnect`\n"}}
[debug] [2026-04-22T09:43:46.310Z] E0422 12:43:46.310383   23080 watch.go:40] Failed to load config from "c:\\Users\\ermi0\\flutter projects\\apps\\dataconnect": could not find dataconnect.yaml in `c:\Users\ermi0\flutter projects\apps\dataconnect`
 {"metadata":{"emulator":{"name":"dataconnect"},"message":"E0422 12:43:46.310383   23080 watch.go:40] Failed to load config from \"c:\\\\Users\\\\ermi0\\\\flutter projects\\\\apps\\\\dataconnect\": could not find dataconnect.yaml in `c:\\Users\\ermi0\\flutter projects\\apps\\dataconnect`\n"}}
[debug] [2026-04-22T09:43:56.310Z] E0422 12:43:56.310466   23080 watch.go:40] Failed to load config from "c:\\Users\\ermi0\\flutter projects\\apps\\dataconnect": could not find dataconnect.yaml in `c:\Users\ermi0\flutter projects\apps\dataconnect`
 {"metadata":{"emulator":{"name":"dataconnect"},"message":"E0422 12:43:56.310466   23080 watch.go:40] Failed to load config from \"c:\\\\Users\\\\ermi0\\\\flutter projects\\\\apps\\\\dataconnect\": could not find dataconnect.yaml in `c:\\Users\\ermi0\\flutter projects\\apps\\dataconnect`\n"}}
[debug] [2026-04-22T09:44:06.310Z] E0422 12:44:06.310238   23080 watch.go:40] Failed to load config from "c:\\Users\\ermi0\\flutter projects\\apps\\dataconnect": could not find dataconnect.yaml in `c:\Users\ermi0\flutter projects\apps\dataconnect`
 {"metadata":{"emulator":{"name":"dataconnect"},"message":"E0422 12:44:06.310238   23080 watch.go:40] Failed to load config from \"c:\\\\Users\\\\ermi0\\\\flutter projects\\\\apps\\\\dataconnect\": could not find dataconnect.yaml in `c:\\Users\\ermi0\\flutter projects\\apps\\dataconnect`\n"}}
[debug] [2026-04-22T09:44:16.310Z] E0422 12:44:16.310141   23080 watch.go:40] Failed to load config from "c:\\Users\\ermi0\\flutter projects\\apps\\dataconnect": could not find dataconnect.yaml in `c:\Users\ermi0\flutter projects\apps\dataconnect`
 {"metadata":{"emulator":{"name":"dataconnect"},"message":"E0422 12:44:16.310141   23080 watch.go:40] Failed to load config from \"c:\\\\Users\\\\ermi0\\\\flutter projects\\\\apps\\\\dataconnect\": could not find dataconnect.yaml in `c:\\Users\\ermi0\\flutter projects\\apps\\dataconnect`\n"}}
[debug] [2026-04-22T09:44:26.311Z] E0422 12:44:26.310679   23080 watch.go:40] Failed to load config from "c:\\Users\\ermi0\\flutter projects\\apps\\dataconnect": could not find dataconnect.yaml in `c:\Users\ermi0\flutter projects\apps\dataconnect`
 {"metadata":{"emulator":{"name":"dataconnect"},"message":"E0422 12:44:26.310679   23080 watch.go:40] Failed to load config from \"c:\\\\Users\\\\ermi0\\\\flutter projects\\\\apps\\\\dataconnect\": could not find dataconnect.yaml in `c:\\Users\\ermi0\\flutter projects\\apps\\dataconnect`\n"}}
[debug] [2026-04-22T09:44:36.310Z] E0422 12:44:36.310562   23080 watch.go:40] Failed to load config from "c:\\Users\\ermi0\\flutter projects\\apps\\dataconnect": could not find dataconnect.yaml in `c:\Users\ermi0\flutter projects\apps\dataconnect`
 {"metadata":{"emulator":{"name":"dataconnect"},"message":"E0422 12:44:36.310562   23080 watch.go:40] Failed to load config from \"c:\\\\Users\\\\ermi0\\\\flutter projects\\\\apps\\\\dataconnect\": could not find dataconnect.yaml in `c:\\Users\\ermi0\\flutter projects\\apps\\dataconnect`\n"}}
[debug] [2026-04-22T09:44:46.311Z] E0422 12:44:46.310857   23080 watch.go:40] Failed to load config from "c:\\Users\\ermi0\\flutter projects\\apps\\dataconnect": could not find dataconnect.yaml in `c:\Users\ermi0\flutter projects\apps\dataconnect`
 {"metadata":{"emulator":{"name":"dataconnect"},"message":"E0422 12:44:46.310857   23080 watch.go:40] Failed to load config from \"c:\\\\Users\\\\ermi0\\\\flutter projects\\\\apps\\\\dataconnect\": could not find dataconnect.yaml in `c:\\Users\\ermi0\\flutter projects\\apps\\dataconnect`\n"}}
[debug] [2026-04-22T09:44:56.311Z] E0422 12:44:56.311414   23080 watch.go:40] Failed to load config from "c:\\Users\\ermi0\\flutter projects\\apps\\dataconnect": could not find dataconnect.yaml in `c:\Users\ermi0\flutter projects\apps\dataconnect`
 {"metadata":{"emulator":{"name":"dataconnect"},"message":"E0422 12:44:56.311414   23080 watch.go:40] Failed to load config from \"c:\\\\Users\\\\ermi0\\\\flutter projects\\\\apps\\\\dataconnect\": could not find dataconnect.yaml in `c:\\Users\\ermi0\\flutter projects\\apps\\dataconnect`\n"}}
[debug] [2026-04-22T09:45:06.347Z] E0422 12:45:06.316244   23080 watch.go:40] Failed to load config from "c:\\Users\\ermi0\\flutter projects\\apps\\dataconnect": could not find dataconnect.yaml in `c:\Users\ermi0\flutter projects\apps\dataconnect`
 {"metadata":{"emulator":{"name":"dataconnect"},"message":"E0422 12:45:06.316244   23080 watch.go:40] Failed to load config from \"c:\\\\Users\\\\ermi0\\\\flutter projects\\\\apps\\\\dataconnect\": could not find dataconnect.yaml in `c:\\Users\\ermi0\\flutter projects\\apps\\dataconnect`\n"}}
[debug] [2026-04-22T09:45:16.314Z] E0422 12:45:16.314147   23080 watch.go:40] Failed to load config from "c:\\Users\\ermi0\\flutter projects\\apps\\dataconnect": could not find dataconnect.yaml in `c:\Users\ermi0\flutter projects\apps\dataconnect`
 {"metadata":{"emulator":{"name":"dataconnect"},"message":"E0422 12:45:16.314147   23080 watch.go:40] Failed to load config from \"c:\\\\Users\\\\ermi0\\\\flutter projects\\\\apps\\\\dataconnect\": could not find dataconnect.yaml in `c:\\Users\\ermi0\\flutter projects\\apps\\dataconnect`\n"}}
[debug] [2026-04-22T09:45:26.314Z] E0422 12:45:26.313168   23080 watch.go:40] Failed to load config from "c:\\Users\\ermi0\\flutter projects\\apps\\dataconnect": could not find dataconnect.yaml in `c:\Users\ermi0\flutter projects\apps\dataconnect`
 {"metadata":{"emulator":{"name":"dataconnect"},"message":"E0422 12:45:26.313168   23080 watch.go:40] Failed to load config from \"c:\\\\Users\\\\ermi0\\\\flutter projects\\\\apps\\\\dataconnect\": could not find dataconnect.yaml in `c:\\Users\\ermi0\\flutter projects\\apps\\dataconnect`\n"}}
[debug] [2026-04-22T09:45:36.314Z] E0422 12:45:36.314708   23080 watch.go:40] Failed to load config from "c:\\Users\\ermi0\\flutter projects\\apps\\dataconnect": could not find dataconnect.yaml in `c:\Users\ermi0\flutter projects\apps\dataconnect`
 {"metadata":{"emulator":{"name":"dataconnect"},"message":"E0422 12:45:36.314708   23080 watch.go:40] Failed to load config from \"c:\\\\Users\\\\ermi0\\\\flutter projects\\\\apps\\\\dataconnect\": could not find dataconnect.yaml in `c:\\Users\\ermi0\\flutter projects\\apps\\dataconnect`\n"}}
[debug] [2026-04-22T09:45:46.315Z] E0422 12:45:46.315541   23080 watch.go:40] Failed to load config from "c:\\Users\\ermi0\\flutter projects\\apps\\dataconnect": could not find dataconnect.yaml in `c:\Users\ermi0\flutter projects\apps\dataconnect`
 {"metadata":{"emulator":{"name":"dataconnect"},"message":"E0422 12:45:46.315541   23080 watch.go:40] Failed to load config from \"c:\\\\Users\\\\ermi0\\\\flutter projects\\\\apps\\\\dataconnect\": could not find dataconnect.yaml in `c:\\Users\\ermi0\\flutter projects\\apps\\dataconnect`\n"}}
[debug] [2026-04-22T09:45:56.392Z] E0422 12:45:56.392450   23080 watch.go:40] Failed to load config from "c:\\Users\\ermi0\\flutter projects\\apps\\dataconnect": could not find dataconnect.yaml in `c:\Users\ermi0\flutter projects\apps\dataconnect`
 {"metadata":{"emulator":{"name":"dataconnect"},"message":"E0422 12:45:56.392450   23080 watch.go:40] Failed to load config from \"c:\\\\Users\\\\ermi0\\\\flutter projects\\\\apps\\\\dataconnect\": could not find dataconnect.yaml in `c:\\Users\\ermi0\\flutter projects\\apps\\dataconnect`\n"}}
[debug] [2026-04-22T09:46:06.313Z] E0422 12:46:06.313962   23080 watch.go:40] Failed to load config from "c:\\Users\\ermi0\\flutter projects\\apps\\dataconnect": could not find dataconnect.yaml in `c:\Users\ermi0\flutter projects\apps\dataconnect`
 {"metadata":{"emulator":{"name":"dataconnect"},"message":"E0422 12:46:06.313962   23080 watch.go:40] Failed to load config from \"c:\\\\Users\\\\ermi0\\\\flutter projects\\\\apps\\\\dataconnect\": could not find dataconnect.yaml in `c:\\Users\\ermi0\\flutter projects\\apps\\dataconnect`\n"}}
[debug] [2026-04-22T09:46:16.311Z] E0422 12:46:16.311825   23080 watch.go:40] Failed to load config from "c:\\Users\\ermi0\\flutter projects\\apps\\dataconnect": could not find dataconnect.yaml in `c:\Users\ermi0\flutter projects\apps\dataconnect`
 {"metadata":{"emulator":{"name":"dataconnect"},"message":"E0422 12:46:16.311825   23080 watch.go:40] Failed to load config from \"c:\\\\Users\\\\ermi0\\\\flutter projects\\\\apps\\\\dataconnect\": could not find dataconnect.yaml in `c:\\Users\\ermi0\\flutter projects\\apps\\dataconnect`\n"}}
[debug] [2026-04-22T09:46:26.310Z] E0422 12:46:26.310280   23080 watch.go:40] Failed to load config from "c:\\Users\\ermi0\\flutter projects\\apps\\dataconnect": could not find dataconnect.yaml in `c:\Users\ermi0\flutter projects\apps\dataconnect`
 {"metadata":{"emulator":{"name":"dataconnect"},"message":"E0422 12:46:26.310280   23080 watch.go:40] Failed to load config from \"c:\\\\Users\\\\ermi0\\\\flutter projects\\\\apps\\\\dataconnect\": could not find dataconnect.yaml in `c:\\Users\\ermi0\\flutter projects\\apps\\dataconnect`\n"}}
[debug] [2026-04-22T09:46:36.312Z] E0422 12:46:36.312787   23080 watch.go:40] Failed to load config from "c:\\Users\\ermi0\\flutter projects\\apps\\dataconnect": could not find dataconnect.yaml in `c:\Users\ermi0\flutter projects\apps\dataconnect`
 {"metadata":{"emulator":{"name":"dataconnect"},"message":"E0422 12:46:36.312787   23080 watch.go:40] Failed to load config from \"c:\\\\Users\\\\ermi0\\\\flutter projects\\\\apps\\\\dataconnect\": could not find dataconnect.yaml in `c:\\Users\\ermi0\\flutter projects\\apps\\dataconnect`\n"}}
[debug] [2026-04-22T09:46:46.310Z] E0422 12:46:46.311160   23080 watch.go:40] Failed to load config from "c:\\Users\\ermi0\\flutter projects\\apps\\dataconnect": could not find dataconnect.yaml in `c:\Users\ermi0\flutter projects\apps\dataconnect`
 {"metadata":{"emulator":{"name":"dataconnect"},"message":"E0422 12:46:46.311160   23080 watch.go:40] Failed to load config from \"c:\\\\Users\\\\ermi0\\\\flutter projects\\\\apps\\\\dataconnect\": could not find dataconnect.yaml in `c:\\Users\\ermi0\\flutter projects\\apps\\dataconnect`\n"}}
[debug] [2026-04-22T09:46:56.367Z] E0422 12:46:56.351742   23080 watch.go:40] Failed to load config from "c:\\Users\\ermi0\\flutter projects\\apps\\dataconnect": could not find dataconnect.yaml in `c:\Users\ermi0\flutter projects\apps\dataconnect`
 {"metadata":{"emulator":{"name":"dataconnect"},"message":"E0422 12:46:56.351742   23080 watch.go:40] Failed to load config from \"c:\\\\Users\\\\ermi0\\\\flutter projects\\\\apps\\\\dataconnect\": could not find dataconnect.yaml in `c:\\Users\\ermi0\\flutter projects\\apps\\dataconnect`\n"}}
[debug] [2026-04-22T09:47:06.311Z] E0422 12:47:06.311465   23080 watch.go:40] Failed to load config from "c:\\Users\\ermi0\\flutter projects\\apps\\dataconnect": could not find dataconnect.yaml in `c:\Users\ermi0\flutter projects\apps\dataconnect`
 {"metadata":{"emulator":{"name":"dataconnect"},"message":"E0422 12:47:06.311465   23080 watch.go:40] Failed to load config from \"c:\\\\Users\\\\ermi0\\\\flutter projects\\\\apps\\\\dataconnect\": could not find dataconnect.yaml in `c:\\Users\\ermi0\\flutter projects\\apps\\dataconnect`\n"}}
[debug] [2026-04-22T09:47:16.314Z] E0422 12:47:16.313789   23080 watch.go:40] Failed to load config from "c:\\Users\\ermi0\\flutter projects\\apps\\dataconnect": could not find dataconnect.yaml in `c:\Users\ermi0\flutter projects\apps\dataconnect`
 {"metadata":{"emulator":{"name":"dataconnect"},"message":"E0422 12:47:16.313789   23080 watch.go:40] Failed to load config from \"c:\\\\Users\\\\ermi0\\\\flutter projects\\\\apps\\\\dataconnect\": could not find dataconnect.yaml in `c:\\Users\\ermi0\\flutter projects\\apps\\dataconnect`\n"}}
[debug] [2026-04-22T09:47:26.313Z] E0422 12:47:26.312953   23080 watch.go:40] Failed to load config from "c:\\Users\\ermi0\\flutter projects\\apps\\dataconnect": could not find dataconnect.yaml in `c:\Users\ermi0\flutter projects\apps\dataconnect`
 {"metadata":{"emulator":{"name":"dataconnect"},"message":"E0422 12:47:26.312953   23080 watch.go:40] Failed to load config from \"c:\\\\Users\\\\ermi0\\\\flutter projects\\\\apps\\\\dataconnect\": could not find dataconnect.yaml in `c:\\Users\\ermi0\\flutter projects\\apps\\dataconnect`\n"}}
[debug] [2026-04-22T09:47:36.323Z] E0422 12:47:36.322508   23080 watch.go:40] Failed to load config from "c:\\Users\\ermi0\\flutter projects\\apps\\dataconnect": could not find dataconnect.yaml in `c:\Users\ermi0\flutter projects\apps\dataconnect`
 {"metadata":{"emulator":{"name":"dataconnect"},"message":"E0422 12:47:36.322508   23080 watch.go:40] Failed to load config from \"c:\\\\Users\\\\ermi0\\\\flutter projects\\\\apps\\\\dataconnect\": could not find dataconnect.yaml in `c:\\Users\\ermi0\\flutter projects\\apps\\dataconnect`\n"}}
[debug] [2026-04-22T09:47:46.318Z] E0422 12:47:46.318018   23080 watch.go:40] Failed to load config from "c:\\Users\\ermi0\\flutter projects\\apps\\dataconnect": could not find dataconnect.yaml in `c:\Users\ermi0\flutter projects\apps\dataconnect`
 {"metadata":{"emulator":{"name":"dataconnect"},"message":"E0422 12:47:46.318018   23080 watch.go:40] Failed to load config from \"c:\\\\Users\\\\ermi0\\\\flutter projects\\\\apps\\\\dataconnect\": could not find dataconnect.yaml in `c:\\Users\\ermi0\\flutter projects\\apps\\dataconnect`\n"}}
[debug] [2026-04-22T09:47:56.323Z] E0422 12:47:56.317768   23080 watch.go:40] Failed to load config from "c:\\Users\\ermi0\\flutter projects\\apps\\dataconnect": could not find dataconnect.yaml in `c:\Users\ermi0\flutter projects\apps\dataconnect`
 {"metadata":{"emulator":{"name":"dataconnect"},"message":"E0422 12:47:56.317768   23080 watch.go:40] Failed to load config from \"c:\\\\Users\\\\ermi0\\\\flutter projects\\\\apps\\\\dataconnect\": could not find dataconnect.yaml in `c:\\Users\\ermi0\\flutter projects\\apps\\dataconnect`\n"}}
[debug] [2026-04-22T09:48:06.312Z] E0422 12:48:06.313133   23080 watch.go:40] Failed to load config from "c:\\Users\\ermi0\\flutter projects\\apps\\dataconnect": could not find dataconnect.yaml in `c:\Users\ermi0\flutter projects\apps\dataconnect`
 {"metadata":{"emulator":{"name":"dataconnect"},"message":"E0422 12:48:06.313133   23080 watch.go:40] Failed to load config from \"c:\\\\Users\\\\ermi0\\\\flutter projects\\\\apps\\\\dataconnect\": could not find dataconnect.yaml in `c:\\Users\\ermi0\\flutter projects\\apps\\dataconnect`\n"}}
[debug] [2026-04-22T09:48:16.310Z] E0422 12:48:16.311634   23080 watch.go:40] Failed to load config from "c:\\Users\\ermi0\\flutter projects\\apps\\dataconnect": could not find dataconnect.yaml in `c:\Users\ermi0\flutter projects\apps\dataconnect`
 {"metadata":{"emulator":{"name":"dataconnect"},"message":"E0422 12:48:16.311634   23080 watch.go:40] Failed to load config from \"c:\\\\Users\\\\ermi0\\\\flutter projects\\\\apps\\\\dataconnect\": could not find dataconnect.yaml in `c:\\Users\\ermi0\\flutter projects\\apps\\dataconnect`\n"}}
[debug] [2026-04-22T09:48:26.315Z] E0422 12:48:26.311803   23080 watch.go:40] Failed to load config from "c:\\Users\\ermi0\\flutter projects\\apps\\dataconnect": could not find dataconnect.yaml in `c:\Users\ermi0\flutter projects\apps\dataconnect`
 {"metadata":{"emulator":{"name":"dataconnect"},"message":"E0422 12:48:26.311803   23080 watch.go:40] Failed to load config from \"c:\\\\Users\\\\ermi0\\\\flutter projects\\\\apps\\\\dataconnect\": could not find dataconnect.yaml in `c:\\Users\\ermi0\\flutter projects\\apps\\dataconnect`\n"}}
[debug] [2026-04-22T09:48:36.310Z] E0422 12:48:36.311165   23080 watch.go:40] Failed to load config from "c:\\Users\\ermi0\\flutter projects\\apps\\dataconnect": could not find dataconnect.yaml in `c:\Users\ermi0\flutter projects\apps\dataconnect`
 {"metadata":{"emulator":{"name":"dataconnect"},"message":"E0422 12:48:36.311165   23080 watch.go:40] Failed to load config from \"c:\\\\Users\\\\ermi0\\\\flutter projects\\\\apps\\\\dataconnect\": could not find dataconnect.yaml in `c:\\Users\\ermi0\\flutter projects\\apps\\dataconnect`\n"}}
[debug] [2026-04-22T09:48:46.311Z] E0422 12:48:46.311885   23080 watch.go:40] Failed to load config from "c:\\Users\\ermi0\\flutter projects\\apps\\dataconnect": could not find dataconnect.yaml in `c:\Users\ermi0\flutter projects\apps\dataconnect`
 {"metadata":{"emulator":{"name":"dataconnect"},"message":"E0422 12:48:46.311885   23080 watch.go:40] Failed to load config from \"c:\\\\Users\\\\ermi0\\\\flutter projects\\\\apps\\\\dataconnect\": could not find dataconnect.yaml in `c:\\Users\\ermi0\\flutter projects\\apps\\dataconnect`\n"}}
[debug] [2026-04-22T09:48:56.310Z] E0422 12:48:56.311509   23080 watch.go:40] Failed to load config from "c:\\Users\\ermi0\\flutter projects\\apps\\dataconnect": could not find dataconnect.yaml in `c:\Users\ermi0\flutter projects\apps\dataconnect`
 {"metadata":{"emulator":{"name":"dataconnect"},"message":"E0422 12:48:56.311509   23080 watch.go:40] Failed to load config from \"c:\\\\Users\\\\ermi0\\\\flutter projects\\\\apps\\\\dataconnect\": could not find dataconnect.yaml in `c:\\Users\\ermi0\\flutter projects\\apps\\dataconnect`\n"}}
[debug] [2026-04-22T09:49:06.313Z] E0422 12:49:06.312657   23080 watch.go:40] Failed to load config from "c:\\Users\\ermi0\\flutter projects\\apps\\dataconnect": could not find dataconnect.yaml in `c:\Users\ermi0\flutter projects\apps\dataconnect`
 {"metadata":{"emulator":{"name":"dataconnect"},"message":"E0422 12:49:06.312657   23080 watch.go:40] Failed to load config from \"c:\\\\Users\\\\ermi0\\\\flutter projects\\\\apps\\\\dataconnect\": could not find dataconnect.yaml in `c:\\Users\\ermi0\\flutter projects\\apps\\dataconnect`\n"}}
[debug] [2026-04-22T09:49:16.320Z] E0422 12:49:16.316640   23080 watch.go:40] Failed to load config from "c:\\Users\\ermi0\\flutter projects\\apps\\dataconnect": could not find dataconnect.yaml in `c:\Users\ermi0\flutter projects\apps\dataconnect`
 {"metadata":{"emulator":{"name":"dataconnect"},"message":"E0422 12:49:16.316640   23080 watch.go:40] Failed to load config from \"c:\\\\Users\\\\ermi0\\\\flutter projects\\\\apps\\\\dataconnect\": could not find dataconnect.yaml in `c:\\Users\\ermi0\\flutter projects\\apps\\dataconnect`\n"}}
[debug] [2026-04-22T09:49:26.310Z] E0422 12:49:26.310824   23080 watch.go:40] Failed to load config from "c:\\Users\\ermi0\\flutter projects\\apps\\dataconnect": could not find dataconnect.yaml in `c:\Users\ermi0\flutter projects\apps\dataconnect`
 {"metadata":{"emulator":{"name":"dataconnect"},"message":"E0422 12:49:26.310824   23080 watch.go:40] Failed to load config from \"c:\\\\Users\\\\ermi0\\\\flutter projects\\\\apps\\\\dataconnect\": could not find dataconnect.yaml in `c:\\Users\\ermi0\\flutter projects\\apps\\dataconnect`\n"}}
[debug] [2026-04-22T09:49:36.310Z] E0422 12:49:36.310351   23080 watch.go:40] Failed to load config from "c:\\Users\\ermi0\\flutter projects\\apps\\dataconnect": could not find dataconnect.yaml in `c:\Users\ermi0\flutter projects\apps\dataconnect`
 {"metadata":{"emulator":{"name":"dataconnect"},"message":"E0422 12:49:36.310351   23080 watch.go:40] Failed to load config from \"c:\\\\Users\\\\ermi0\\\\flutter projects\\\\apps\\\\dataconnect\": could not find dataconnect.yaml in `c:\\Users\\ermi0\\flutter projects\\apps\\dataconnect`\n"}}
[debug] [2026-04-22T09:49:46.310Z] E0422 12:49:46.310370   23080 watch.go:40] Failed to load config from "c:\\Users\\ermi0\\flutter projects\\apps\\dataconnect": could not find dataconnect.yaml in `c:\Users\ermi0\flutter projects\apps\dataconnect`
 {"metadata":{"emulator":{"name":"dataconnect"},"message":"E0422 12:49:46.310370   23080 watch.go:40] Failed to load config from \"c:\\\\Users\\\\ermi0\\\\flutter projects\\\\apps\\\\dataconnect\": could not find dataconnect.yaml in `c:\\Users\\ermi0\\flutter projects\\apps\\dataconnect`\n"}}
[debug] [2026-04-22T09:49:56.310Z] E0422 12:49:56.310378   23080 watch.go:40] Failed to load config from "c:\\Users\\ermi0\\flutter projects\\apps\\dataconnect": could not find dataconnect.yaml in `c:\Users\ermi0\flutter projects\apps\dataconnect`
 {"metadata":{"emulator":{"name":"dataconnect"},"message":"E0422 12:49:56.310378   23080 watch.go:40] Failed to load config from \"c:\\\\Users\\\\ermi0\\\\flutter projects\\\\apps\\\\dataconnect\": could not find dataconnect.yaml in `c:\\Users\\ermi0\\flutter projects\\apps\\dataconnect`\n"}}
[debug] [2026-04-22T09:50:06.312Z] E0422 12:50:06.312198   23080 watch.go:40] Failed to load config from "c:\\Users\\ermi0\\flutter projects\\apps\\dataconnect": could not find dataconnect.yaml in `c:\Users\ermi0\flutter projects\apps\dataconnect`
 {"metadata":{"emulator":{"name":"dataconnect"},"message":"E0422 12:50:06.312198   23080 watch.go:40] Failed to load config from \"c:\\\\Users\\\\ermi0\\\\flutter projects\\\\apps\\\\dataconnect\": could not find dataconnect.yaml in `c:\\Users\\ermi0\\flutter projects\\apps\\dataconnect`\n"}}
[debug] [2026-04-22T09:50:16.329Z] E0422 12:50:16.328977   23080 watch.go:40] Failed to load config from "c:\\Users\\ermi0\\flutter projects\\apps\\dataconnect": could not find dataconnect.yaml in `c:\Users\ermi0\flutter projects\apps\dataconnect`
 {"metadata":{"emulator":{"name":"dataconnect"},"message":"E0422 12:50:16.328977   23080 watch.go:40] Failed to load config from \"c:\\\\Users\\\\ermi0\\\\flutter projects\\\\apps\\\\dataconnect\": could not find dataconnect.yaml in `c:\\Users\\ermi0\\flutter projects\\apps\\dataconnect`\n"}}
[debug] [2026-04-22T09:50:26.311Z] E0422 12:50:26.310566   23080 watch.go:40] Failed to load config from "c:\\Users\\ermi0\\flutter projects\\apps\\dataconnect": could not find dataconnect.yaml in `c:\Users\ermi0\flutter projects\apps\dataconnect`
 {"metadata":{"emulator":{"name":"dataconnect"},"message":"E0422 12:50:26.310566   23080 watch.go:40] Failed to load config from \"c:\\\\Users\\\\ermi0\\\\flutter projects\\\\apps\\\\dataconnect\": could not find dataconnect.yaml in `c:\\Users\\ermi0\\flutter projects\\apps\\dataconnect`\n"}}
[debug] [2026-04-22T09:50:36.310Z] E0422 12:50:36.310060   23080 watch.go:40] Failed to load config from "c:\\Users\\ermi0\\flutter projects\\apps\\dataconnect": could not find dataconnect.yaml in `c:\Users\ermi0\flutter projects\apps\dataconnect`
 {"metadata":{"emulator":{"name":"dataconnect"},"message":"E0422 12:50:36.310060   23080 watch.go:40] Failed to load config from \"c:\\\\Users\\\\ermi0\\\\flutter projects\\\\apps\\\\dataconnect\": could not find dataconnect.yaml in `c:\\Users\\ermi0\\flutter projects\\apps\\dataconnect`\n"}}
[debug] [2026-04-22T09:50:46.311Z] E0422 12:50:46.310837   23080 watch.go:40] Failed to load config from "c:\\Users\\ermi0\\flutter projects\\apps\\dataconnect": could not find dataconnect.yaml in `c:\Users\ermi0\flutter projects\apps\dataconnect`
 {"metadata":{"emulator":{"name":"dataconnect"},"message":"E0422 12:50:46.310837   23080 watch.go:40] Failed to load config from \"c:\\\\Users\\\\ermi0\\\\flutter projects\\\\apps\\\\dataconnect\": could not find dataconnect.yaml in `c:\\Users\\ermi0\\flutter projects\\apps\\dataconnect`\n"}}
[debug] [2026-04-22T09:50:56.314Z] E0422 12:50:56.313783   23080 watch.go:40] Failed to load config from "c:\\Users\\ermi0\\flutter projects\\apps\\dataconnect": could not find dataconnect.yaml in `c:\Users\ermi0\flutter projects\apps\dataconnect`
 {"metadata":{"emulator":{"name":"dataconnect"},"message":"E0422 12:50:56.313783   23080 watch.go:40] Failed to load config from \"c:\\\\Users\\\\ermi0\\\\flutter projects\\\\apps\\\\dataconnect\": could not find dataconnect.yaml in `c:\\Users\\ermi0\\flutter projects\\apps\\dataconnect`\n"}}
[debug] [2026-04-22T09:51:06.311Z] E0422 12:51:06.310849   23080 watch.go:40] Failed to load config from "c:\\Users\\ermi0\\flutter projects\\apps\\dataconnect": could not find dataconnect.yaml in `c:\Users\ermi0\flutter projects\apps\dataconnect`
 {"metadata":{"emulator":{"name":"dataconnect"},"message":"E0422 12:51:06.310849   23080 watch.go:40] Failed to load config from \"c:\\\\Users\\\\ermi0\\\\flutter projects\\\\apps\\\\dataconnect\": could not find dataconnect.yaml in `c:\\Users\\ermi0\\flutter projects\\apps\\dataconnect`\n"}}
[debug] [2026-04-22T09:51:16.310Z] E0422 12:51:16.309919   23080 watch.go:40] Failed to load config from "c:\\Users\\ermi0\\flutter projects\\apps\\dataconnect": could not find dataconnect.yaml in `c:\Users\ermi0\flutter projects\apps\dataconnect`
 {"metadata":{"emulator":{"name":"dataconnect"},"message":"E0422 12:51:16.309919   23080 watch.go:40] Failed to load config from \"c:\\\\Users\\\\ermi0\\\\flutter projects\\\\apps\\\\dataconnect\": could not find dataconnect.yaml in `c:\\Users\\ermi0\\flutter projects\\apps\\dataconnect`\n"}}
[debug] [2026-04-22T09:51:26.315Z] E0422 12:51:26.315426   23080 watch.go:40] Failed to load config from "c:\\Users\\ermi0\\flutter projects\\apps\\dataconnect": could not find dataconnect.yaml in `c:\Users\ermi0\flutter projects\apps\dataconnect`
 {"metadata":{"emulator":{"name":"dataconnect"},"message":"E0422 12:51:26.315426   23080 watch.go:40] Failed to load config from \"c:\\\\Users\\\\ermi0\\\\flutter projects\\\\apps\\\\dataconnect\": could not find dataconnect.yaml in `c:\\Users\\ermi0\\flutter projects\\apps\\dataconnect`\n"}}
[debug] [2026-04-22T09:51:36.310Z] E0422 12:51:36.310758   23080 watch.go:40] Failed to load config from "c:\\Users\\ermi0\\flutter projects\\apps\\dataconnect": could not find dataconnect.yaml in `c:\Users\ermi0\flutter projects\apps\dataconnect`
 {"metadata":{"emulator":{"name":"dataconnect"},"message":"E0422 12:51:36.310758   23080 watch.go:40] Failed to load config from \"c:\\\\Users\\\\ermi0\\\\flutter projects\\\\apps\\\\dataconnect\": could not find dataconnect.yaml in `c:\\Users\\ermi0\\flutter projects\\apps\\dataconnect`\n"}}
[debug] [2026-04-22T09:51:46.310Z] E0422 12:51:46.310261   23080 watch.go:40] Failed to load config from "c:\\Users\\ermi0\\flutter projects\\apps\\dataconnect": could not find dataconnect.yaml in `c:\Users\ermi0\flutter projects\apps\dataconnect`
 {"metadata":{"emulator":{"name":"dataconnect"},"message":"E0422 12:51:46.310261   23080 watch.go:40] Failed to load config from \"c:\\\\Users\\\\ermi0\\\\flutter projects\\\\apps\\\\dataconnect\": could not find dataconnect.yaml in `c:\\Users\\ermi0\\flutter projects\\apps\\dataconnect`\n"}}
[debug] [2026-04-22T09:51:56.311Z] E0422 12:51:56.310786   23080 watch.go:40] Failed to load config from "c:\\Users\\ermi0\\flutter projects\\apps\\dataconnect": could not find dataconnect.yaml in `c:\Users\ermi0\flutter projects\apps\dataconnect`
 {"metadata":{"emulator":{"name":"dataconnect"},"message":"E0422 12:51:56.310786   23080 watch.go:40] Failed to load config from \"c:\\\\Users\\\\ermi0\\\\flutter projects\\\\apps\\\\dataconnect\": could not find dataconnect.yaml in `c:\\Users\\ermi0\\flutter projects\\apps\\dataconnect`\n"}}
[debug] [2026-04-22T09:52:06.310Z] E0422 12:52:06.310662   23080 watch.go:40] Failed to load config from "c:\\Users\\ermi0\\flutter projects\\apps\\dataconnect": could not find dataconnect.yaml in `c:\Users\ermi0\flutter projects\apps\dataconnect`
 {"metadata":{"emulator":{"name":"dataconnect"},"message":"E0422 12:52:06.310662   23080 watch.go:40] Failed to load config from \"c:\\\\Users\\\\ermi0\\\\flutter projects\\\\apps\\\\dataconnect\": could not find dataconnect.yaml in `c:\\Users\\ermi0\\flutter projects\\apps\\dataconnect`\n"}}
[debug] [2026-04-22T09:52:16.310Z] E0422 12:52:16.310393   23080 watch.go:40] Failed to load config from "c:\\Users\\ermi0\\flutter projects\\apps\\dataconnect": could not find dataconnect.yaml in `c:\Users\ermi0\flutter projects\apps\dataconnect`
 {"metadata":{"emulator":{"name":"dataconnect"},"message":"E0422 12:52:16.310393   23080 watch.go:40] Failed to load config from \"c:\\\\Users\\\\ermi0\\\\flutter projects\\\\apps\\\\dataconnect\": could not find dataconnect.yaml in `c:\\Users\\ermi0\\flutter projects\\apps\\dataconnect`\n"}}
[debug] [2026-04-22T09:52:26.310Z] E0422 12:52:26.310422   23080 watch.go:40] Failed to load config from "c:\\Users\\ermi0\\flutter projects\\apps\\dataconnect": could not find dataconnect.yaml in `c:\Users\ermi0\flutter projects\apps\dataconnect`
 {"metadata":{"emulator":{"name":"dataconnect"},"message":"E0422 12:52:26.310422   23080 watch.go:40] Failed to load config from \"c:\\\\Users\\\\ermi0\\\\flutter projects\\\\apps\\\\dataconnect\": could not find dataconnect.yaml in `c:\\Users\\ermi0\\flutter projects\\apps\\dataconnect`\n"}}
[debug] [2026-04-22T09:52:36.311Z] E0422 12:52:36.310611   23080 watch.go:40] Failed to load config from "c:\\Users\\ermi0\\flutter projects\\apps\\dataconnect": could not find dataconnect.yaml in `c:\Users\ermi0\flutter projects\apps\dataconnect`
 {"metadata":{"emulator":{"name":"dataconnect"},"message":"E0422 12:52:36.310611   23080 watch.go:40] Failed to load config from \"c:\\\\Users\\\\ermi0\\\\flutter projects\\\\apps\\\\dataconnect\": could not find dataconnect.yaml in `c:\\Users\\ermi0\\flutter projects\\apps\\dataconnect`\n"}}
[debug] [2026-04-22T09:52:46.312Z] E0422 12:52:46.311291   23080 watch.go:40] Failed to load config from "c:\\Users\\ermi0\\flutter projects\\apps\\dataconnect": could not find dataconnect.yaml in `c:\Users\ermi0\flutter projects\apps\dataconnect`
 {"metadata":{"emulator":{"name":"dataconnect"},"message":"E0422 12:52:46.311291   23080 watch.go:40] Failed to load config from \"c:\\\\Users\\\\ermi0\\\\flutter projects\\\\apps\\\\dataconnect\": could not find dataconnect.yaml in `c:\\Users\\ermi0\\flutter projects\\apps\\dataconnect`\n"}}
[debug] [2026-04-22T09:52:56.311Z] E0422 12:52:56.311277   23080 watch.go:40] Failed to load config from "c:\\Users\\ermi0\\flutter projects\\apps\\dataconnect": could not find dataconnect.yaml in `c:\Users\ermi0\flutter projects\apps\dataconnect`
 {"metadata":{"emulator":{"name":"dataconnect"},"message":"E0422 12:52:56.311277   23080 watch.go:40] Failed to load config from \"c:\\\\Users\\\\ermi0\\\\flutter projects\\\\apps\\\\dataconnect\": could not find dataconnect.yaml in `c:\\Users\\ermi0\\flutter projects\\apps\\dataconnect`\n"}}
[debug] [2026-04-22T09:53:06.311Z] E0422 12:53:06.310681   23080 watch.go:40] Failed to load config from "c:\\Users\\ermi0\\flutter projects\\apps\\dataconnect": could not find dataconnect.yaml in `c:\Users\ermi0\flutter projects\apps\dataconnect`
 {"metadata":{"emulator":{"name":"dataconnect"},"message":"E0422 12:53:06.310681   23080 watch.go:40] Failed to load config from \"c:\\\\Users\\\\ermi0\\\\flutter projects\\\\apps\\\\dataconnect\": could not find dataconnect.yaml in `c:\\Users\\ermi0\\flutter projects\\apps\\dataconnect`\n"}}
[debug] [2026-04-22T09:53:16.311Z] E0422 12:53:16.310630   23080 watch.go:40] Failed to load config from "c:\\Users\\ermi0\\flutter projects\\apps\\dataconnect": could not find dataconnect.yaml in `c:\Users\ermi0\flutter projects\apps\dataconnect`
 {"metadata":{"emulator":{"name":"dataconnect"},"message":"E0422 12:53:16.310630   23080 watch.go:40] Failed to load config from \"c:\\\\Users\\\\ermi0\\\\flutter projects\\\\apps\\\\dataconnect\": could not find dataconnect.yaml in `c:\\Users\\ermi0\\flutter projects\\apps\\dataconnect`\n"}}
[debug] [2026-04-22T09:53:26.311Z] E0422 12:53:26.310473   23080 watch.go:40] Failed to load config from "c:\\Users\\ermi0\\flutter projects\\apps\\dataconnect": could not find dataconnect.yaml in `c:\Users\ermi0\flutter projects\apps\dataconnect`
 {"metadata":{"emulator":{"name":"dataconnect"},"message":"E0422 12:53:26.310473   23080 watch.go:40] Failed to load config from \"c:\\\\Users\\\\ermi0\\\\flutter projects\\\\apps\\\\dataconnect\": could not find dataconnect.yaml in `c:\\Users\\ermi0\\flutter projects\\apps\\dataconnect`\n"}}
[debug] [2026-04-22T09:53:36.315Z] E0422 12:53:36.314713   23080 watch.go:40] Failed to load config from "c:\\Users\\ermi0\\flutter projects\\apps\\dataconnect": could not find dataconnect.yaml in `c:\Users\ermi0\flutter projects\apps\dataconnect`
 {"metadata":{"emulator":{"name":"dataconnect"},"message":"E0422 12:53:36.314713   23080 watch.go:40] Failed to load config from \"c:\\\\Users\\\\ermi0\\\\flutter projects\\\\apps\\\\dataconnect\": could not find dataconnect.yaml in `c:\\Users\\ermi0\\flutter projects\\apps\\dataconnect`\n"}}
[debug] [2026-04-22T09:53:46.311Z] E0422 12:53:46.310827   23080 watch.go:40] Failed to load config from "c:\\Users\\ermi0\\flutter projects\\apps\\dataconnect": could not find dataconnect.yaml in `c:\Users\ermi0\flutter projects\apps\dataconnect`
 {"metadata":{"emulator":{"name":"dataconnect"},"message":"E0422 12:53:46.310827   23080 watch.go:40] Failed to load config from \"c:\\\\Users\\\\ermi0\\\\flutter projects\\\\apps\\\\dataconnect\": could not find dataconnect.yaml in `c:\\Users\\ermi0\\flutter projects\\apps\\dataconnect`\n"}}
[debug] [2026-04-22T09:53:56.311Z] E0422 12:53:56.311654   23080 watch.go:40] Failed to load config from "c:\\Users\\ermi0\\flutter projects\\apps\\dataconnect": could not find dataconnect.yaml in `c:\Users\ermi0\flutter projects\apps\dataconnect`
 {"metadata":{"emulator":{"name":"dataconnect"},"message":"E0422 12:53:56.311654   23080 watch.go:40] Failed to load config from \"c:\\\\Users\\\\ermi0\\\\flutter projects\\\\apps\\\\dataconnect\": could not find dataconnect.yaml in `c:\\Users\\ermi0\\flutter projects\\apps\\dataconnect`\n"}}
[debug] [2026-04-22T09:54:06.310Z] E0422 12:54:06.310696   23080 watch.go:40] Failed to load config from "c:\\Users\\ermi0\\flutter projects\\apps\\dataconnect": could not find dataconnect.yaml in `c:\Users\ermi0\flutter projects\apps\dataconnect`
 {"metadata":{"emulator":{"name":"dataconnect"},"message":"E0422 12:54:06.310696   23080 watch.go:40] Failed to load config from \"c:\\\\Users\\\\ermi0\\\\flutter projects\\\\apps\\\\dataconnect\": could not find dataconnect.yaml in `c:\\Users\\ermi0\\flutter projects\\apps\\dataconnect`\n"}}
[debug] [2026-04-22T09:54:16.319Z] E0422 12:54:16.310764   23080 watch.go:40] Failed to load config from "c:\\Users\\ermi0\\flutter projects\\apps\\dataconnect": could not find dataconnect.yaml in `c:\Users\ermi0\flutter projects\apps\dataconnect`
 {"metadata":{"emulator":{"name":"dataconnect"},"message":"E0422 12:54:16.310764   23080 watch.go:40] Failed to load config from \"c:\\\\Users\\\\ermi0\\\\flutter projects\\\\apps\\\\dataconnect\": could not find dataconnect.yaml in `c:\\Users\\ermi0\\flutter projects\\apps\\dataconnect`\n"}}
[debug] [2026-04-22T09:54:26.311Z] E0422 12:54:26.311503   23080 watch.go:40] Failed to load config from "c:\\Users\\ermi0\\flutter projects\\apps\\dataconnect": could not find dataconnect.yaml in `c:\Users\ermi0\flutter projects\apps\dataconnect`
 {"metadata":{"emulator":{"name":"dataconnect"},"message":"E0422 12:54:26.311503   23080 watch.go:40] Failed to load config from \"c:\\\\Users\\\\ermi0\\\\flutter projects\\\\apps\\\\dataconnect\": could not find dataconnect.yaml in `c:\\Users\\ermi0\\flutter projects\\apps\\dataconnect`\n"}}
[debug] [2026-04-22T09:54:36.310Z] E0422 12:54:36.310430   23080 watch.go:40] Failed to load config from "c:\\Users\\ermi0\\flutter projects\\apps\\dataconnect": could not find dataconnect.yaml in `c:\Users\ermi0\flutter projects\apps\dataconnect`
 {"metadata":{"emulator":{"name":"dataconnect"},"message":"E0422 12:54:36.310430   23080 watch.go:40] Failed to load config from \"c:\\\\Users\\\\ermi0\\\\flutter projects\\\\apps\\\\dataconnect\": could not find dataconnect.yaml in `c:\\Users\\ermi0\\flutter projects\\apps\\dataconnect`\n"}}
[debug] [2026-04-22T09:54:46.310Z] E0422 12:54:46.310507   23080 watch.go:40] Failed to load config from "c:\\Users\\ermi0\\flutter projects\\apps\\dataconnect": could not find dataconnect.yaml in `c:\Users\ermi0\flutter projects\apps\dataconnect`
 {"metadata":{"emulator":{"name":"dataconnect"},"message":"E0422 12:54:46.310507   23080 watch.go:40] Failed to load config from \"c:\\\\Users\\\\ermi0\\\\flutter projects\\\\apps\\\\dataconnect\": could not find dataconnect.yaml in `c:\\Users\\ermi0\\flutter projects\\apps\\dataconnect`\n"}}
[debug] [2026-04-22T09:54:56.311Z] E0422 12:54:56.310890   23080 watch.go:40] Failed to load config from "c:\\Users\\ermi0\\flutter projects\\apps\\dataconnect": could not find dataconnect.yaml in `c:\Users\ermi0\flutter projects\apps\dataconnect`
 {"metadata":{"emulator":{"name":"dataconnect"},"message":"E0422 12:54:56.310890   23080 watch.go:40] Failed to load config from \"c:\\\\Users\\\\ermi0\\\\flutter projects\\\\apps\\\\dataconnect\": could not find dataconnect.yaml in `c:\\Users\\ermi0\\flutter projects\\apps\\dataconnect`\n"}}
[debug] [2026-04-22T09:55:06.311Z] E0422 12:55:06.310636   23080 watch.go:40] Failed to load config from "c:\\Users\\ermi0\\flutter projects\\apps\\dataconnect": could not find dataconnect.yaml in `c:\Users\ermi0\flutter projects\apps\dataconnect`
 {"metadata":{"emulator":{"name":"dataconnect"},"message":"E0422 12:55:06.310636   23080 watch.go:40] Failed to load config from \"c:\\\\Users\\\\ermi0\\\\flutter projects\\\\apps\\\\dataconnect\": could not find dataconnect.yaml in `c:\\Users\\ermi0\\flutter projects\\apps\\dataconnect`\n"}}
[debug] [2026-04-22T09:55:16.310Z] E0422 12:55:16.310326   23080 watch.go:40] Failed to load config from "c:\\Users\\ermi0\\flutter projects\\apps\\dataconnect": could not find dataconnect.yaml in `c:\Users\ermi0\flutter projects\apps\dataconnect`
 {"metadata":{"emulator":{"name":"dataconnect"},"message":"E0422 12:55:16.310326   23080 watch.go:40] Failed to load config from \"c:\\\\Users\\\\ermi0\\\\flutter projects\\\\apps\\\\dataconnect\": could not find dataconnect.yaml in `c:\\Users\\ermi0\\flutter projects\\apps\\dataconnect`\n"}}
[debug] [2026-04-22T09:55:26.311Z] E0422 12:55:26.310344   23080 watch.go:40] Failed to load config from "c:\\Users\\ermi0\\flutter projects\\apps\\dataconnect": could not find dataconnect.yaml in `c:\Users\ermi0\flutter projects\apps\dataconnect`
 {"metadata":{"emulator":{"name":"dataconnect"},"message":"E0422 12:55:26.310344   23080 watch.go:40] Failed to load config from \"c:\\\\Users\\\\ermi0\\\\flutter projects\\\\apps\\\\dataconnect\": could not find dataconnect.yaml in `c:\\Users\\ermi0\\flutter projects\\apps\\dataconnect`\n"}}
[debug] [2026-04-22T09:55:36.310Z] E0422 12:55:36.310297   23080 watch.go:40] Failed to load config from "c:\\Users\\ermi0\\flutter projects\\apps\\dataconnect": could not find dataconnect.yaml in `c:\Users\ermi0\flutter projects\apps\dataconnect`
 {"metadata":{"emulator":{"name":"dataconnect"},"message":"E0422 12:55:36.310297   23080 watch.go:40] Failed to load config from \"c:\\\\Users\\\\ermi0\\\\flutter projects\\\\apps\\\\dataconnect\": could not find dataconnect.yaml in `c:\\Users\\ermi0\\flutter projects\\apps\\dataconnect`\n"}}
[debug] [2026-04-22T09:55:46.312Z] E0422 12:55:46.310774   23080 watch.go:40] Failed to load config from "c:\\Users\\ermi0\\flutter projects\\apps\\dataconnect": could not find dataconnect.yaml in `c:\Users\ermi0\flutter projects\apps\dataconnect`
 {"metadata":{"emulator":{"name":"dataconnect"},"message":"E0422 12:55:46.310774   23080 watch.go:40] Failed to load config from \"c:\\\\Users\\\\ermi0\\\\flutter projects\\\\apps\\\\dataconnect\": could not find dataconnect.yaml in `c:\\Users\\ermi0\\flutter projects\\apps\\dataconnect`\n"}}
[debug] [2026-04-22T09:55:56.311Z] E0422 12:55:56.310615   23080 watch.go:40] Failed to load config from "c:\\Users\\ermi0\\flutter projects\\apps\\dataconnect": could not find dataconnect.yaml in `c:\Users\ermi0\flutter projects\apps\dataconnect`
 {"metadata":{"emulator":{"name":"dataconnect"},"message":"E0422 12:55:56.310615   23080 watch.go:40] Failed to load config from \"c:\\\\Users\\\\ermi0\\\\flutter projects\\\\apps\\\\dataconnect\": could not find dataconnect.yaml in `c:\\Users\\ermi0\\flutter projects\\apps\\dataconnect`\n"}}
[debug] [2026-04-22T09:56:06.310Z] E0422 12:56:06.310168   23080 watch.go:40] Failed to load config from "c:\\Users\\ermi0\\flutter projects\\apps\\dataconnect": could not find dataconnect.yaml in `c:\Users\ermi0\flutter projects\apps\dataconnect`
 {"metadata":{"emulator":{"name":"dataconnect"},"message":"E0422 12:56:06.310168   23080 watch.go:40] Failed to load config from \"c:\\\\Users\\\\ermi0\\\\flutter projects\\\\apps\\\\dataconnect\": could not find dataconnect.yaml in `c:\\Users\\ermi0\\flutter projects\\apps\\dataconnect`\n"}}
[debug] [2026-04-22T09:56:16.311Z] E0422 12:56:16.310260   23080 watch.go:40] Failed to load config from "c:\\Users\\ermi0\\flutter projects\\apps\\dataconnect": could not find dataconnect.yaml in `c:\Users\ermi0\flutter projects\apps\dataconnect`
 {"metadata":{"emulator":{"name":"dataconnect"},"message":"E0422 12:56:16.310260   23080 watch.go:40] Failed to load config from \"c:\\\\Users\\\\ermi0\\\\flutter projects\\\\apps\\\\dataconnect\": could not find dataconnect.yaml in `c:\\Users\\ermi0\\flutter projects\\apps\\dataconnect`\n"}}
[debug] [2026-04-22T09:56:26.311Z] E0422 12:56:26.310191   23080 watch.go:40] Failed to load config from "c:\\Users\\ermi0\\flutter projects\\apps\\dataconnect": could not find dataconnect.yaml in `c:\Users\ermi0\flutter projects\apps\dataconnect`
 {"metadata":{"emulator":{"name":"dataconnect"},"message":"E0422 12:56:26.310191   23080 watch.go:40] Failed to load config from \"c:\\\\Users\\\\ermi0\\\\flutter projects\\\\apps\\\\dataconnect\": could not find dataconnect.yaml in `c:\\Users\\ermi0\\flutter projects\\apps\\dataconnect`\n"}}
[debug] [2026-04-22T09:56:36.310Z] E0422 12:56:36.310479   23080 watch.go:40] Failed to load config from "c:\\Users\\ermi0\\flutter projects\\apps\\dataconnect": could not find dataconnect.yaml in `c:\Users\ermi0\flutter projects\apps\dataconnect`
 {"metadata":{"emulator":{"name":"dataconnect"},"message":"E0422 12:56:36.310479   23080 watch.go:40] Failed to load config from \"c:\\\\Users\\\\ermi0\\\\flutter projects\\\\apps\\\\dataconnect\": could not find dataconnect.yaml in `c:\\Users\\ermi0\\flutter projects\\apps\\dataconnect`\n"}}
[debug] [2026-04-22T09:56:46.310Z] E0422 12:56:46.310183   23080 watch.go:40] Failed to load config from "c:\\Users\\ermi0\\flutter projects\\apps\\dataconnect": could not find dataconnect.yaml in `c:\Users\ermi0\flutter projects\apps\dataconnect`
 {"metadata":{"emulator":{"name":"dataconnect"},"message":"E0422 12:56:46.310183   23080 watch.go:40] Failed to load config from \"c:\\\\Users\\\\ermi0\\\\flutter projects\\\\apps\\\\dataconnect\": could not find dataconnect.yaml in `c:\\Users\\ermi0\\flutter projects\\apps\\dataconnect`\n"}}
[debug] [2026-04-22T09:56:56.310Z] E0422 12:56:56.310546   23080 watch.go:40] Failed to load config from "c:\\Users\\ermi0\\flutter projects\\apps\\dataconnect": could not find dataconnect.yaml in `c:\Users\ermi0\flutter projects\apps\dataconnect`
 {"metadata":{"emulator":{"name":"dataconnect"},"message":"E0422 12:56:56.310546   23080 watch.go:40] Failed to load config from \"c:\\\\Users\\\\ermi0\\\\flutter projects\\\\apps\\\\dataconnect\": could not find dataconnect.yaml in `c:\\Users\\ermi0\\flutter projects\\apps\\dataconnect`\n"}}
[debug] [2026-04-22T09:57:06.310Z] E0422 12:57:06.310637   23080 watch.go:40] Failed to load config from "c:\\Users\\ermi0\\flutter projects\\apps\\dataconnect": could not find dataconnect.yaml in `c:\Users\ermi0\flutter projects\apps\dataconnect`
 {"metadata":{"emulator":{"name":"dataconnect"},"message":"E0422 12:57:06.310637   23080 watch.go:40] Failed to load config from \"c:\\\\Users\\\\ermi0\\\\flutter projects\\\\apps\\\\dataconnect\": could not find dataconnect.yaml in `c:\\Users\\ermi0\\flutter projects\\apps\\dataconnect`\n"}}
[debug] [2026-04-22T09:57:16.312Z] E0422 12:57:16.310184   23080 watch.go:40] Failed to load config from "c:\\Users\\ermi0\\flutter projects\\apps\\dataconnect": could not find dataconnect.yaml in `c:\Users\ermi0\flutter projects\apps\dataconnect`
 {"metadata":{"emulator":{"name":"dataconnect"},"message":"E0422 12:57:16.310184   23080 watch.go:40] Failed to load config from \"c:\\\\Users\\\\ermi0\\\\flutter projects\\\\apps\\\\dataconnect\": could not find dataconnect.yaml in `c:\\Users\\ermi0\\flutter projects\\apps\\dataconnect`\n"}}
[debug] [2026-04-22T09:57:26.310Z] E0422 12:57:26.310590   23080 watch.go:40] Failed to load config from "c:\\Users\\ermi0\\flutter projects\\apps\\dataconnect": could not find dataconnect.yaml in `c:\Users\ermi0\flutter projects\apps\dataconnect`
 {"metadata":{"emulator":{"name":"dataconnect"},"message":"E0422 12:57:26.310590   23080 watch.go:40] Failed to load config from \"c:\\\\Users\\\\ermi0\\\\flutter projects\\\\apps\\\\dataconnect\": could not find dataconnect.yaml in `c:\\Users\\ermi0\\flutter projects\\apps\\dataconnect`\n"}}
[debug] [2026-04-22T09:57:36.310Z] E0422 12:57:36.310840   23080 watch.go:40] Failed to load config from "c:\\Users\\ermi0\\flutter projects\\apps\\dataconnect": could not find dataconnect.yaml in `c:\Users\ermi0\flutter projects\apps\dataconnect`
 {"metadata":{"emulator":{"name":"dataconnect"},"message":"E0422 12:57:36.310840   23080 watch.go:40] Failed to load config from \"c:\\\\Users\\\\ermi0\\\\flutter projects\\\\apps\\\\dataconnect\": could not find dataconnect.yaml in `c:\\Users\\ermi0\\flutter projects\\apps\\dataconnect`\n"}}
[debug] [2026-04-22T09:57:46.310Z] E0422 12:57:46.310409   23080 watch.go:40] Failed to load config from "c:\\Users\\ermi0\\flutter projects\\apps\\dataconnect": could not find dataconnect.yaml in `c:\Users\ermi0\flutter projects\apps\dataconnect`
 {"metadata":{"emulator":{"name":"dataconnect"},"message":"E0422 12:57:46.310409   23080 watch.go:40] Failed to load config from \"c:\\\\Users\\\\ermi0\\\\flutter projects\\\\apps\\\\dataconnect\": could not find dataconnect.yaml in `c:\\Users\\ermi0\\flutter projects\\apps\\dataconnect`\n"}}
[debug] [2026-04-22T09:57:56.310Z] E0422 12:57:56.310313   23080 watch.go:40] Failed to load config from "c:\\Users\\ermi0\\flutter projects\\apps\\dataconnect": could not find dataconnect.yaml in `c:\Users\ermi0\flutter projects\apps\dataconnect`
 {"metadata":{"emulator":{"name":"dataconnect"},"message":"E0422 12:57:56.310313   23080 watch.go:40] Failed to load config from \"c:\\\\Users\\\\ermi0\\\\flutter projects\\\\apps\\\\dataconnect\": could not find dataconnect.yaml in `c:\\Users\\ermi0\\flutter projects\\apps\\dataconnect`\n"}}
[debug] [2026-04-22T09:58:06.310Z] E0422 12:58:06.310457   23080 watch.go:40] Failed to load config from "c:\\Users\\ermi0\\flutter projects\\apps\\dataconnect": could not find dataconnect.yaml in `c:\Users\ermi0\flutter projects\apps\dataconnect`
 {"metadata":{"emulator":{"name":"dataconnect"},"message":"E0422 12:58:06.310457   23080 watch.go:40] Failed to load config from \"c:\\\\Users\\\\ermi0\\\\flutter projects\\\\apps\\\\dataconnect\": could not find dataconnect.yaml in `c:\\Users\\ermi0\\flutter projects\\apps\\dataconnect`\n"}}
[debug] [2026-04-22T09:58:16.311Z] E0422 12:58:16.311177   23080 watch.go:40] Failed to load config from "c:\\Users\\ermi0\\flutter projects\\apps\\dataconnect": could not find dataconnect.yaml in `c:\Users\ermi0\flutter projects\apps\dataconnect`
 {"metadata":{"emulator":{"name":"dataconnect"},"message":"E0422 12:58:16.311177   23080 watch.go:40] Failed to load config from \"c:\\\\Users\\\\ermi0\\\\flutter projects\\\\apps\\\\dataconnect\": could not find dataconnect.yaml in `c:\\Users\\ermi0\\flutter projects\\apps\\dataconnect`\n"}}
[debug] [2026-04-22T09:58:26.311Z] E0422 12:58:26.310558   23080 watch.go:40] Failed to load config from "c:\\Users\\ermi0\\flutter projects\\apps\\dataconnect": could not find dataconnect.yaml in `c:\Users\ermi0\flutter projects\apps\dataconnect`
 {"metadata":{"emulator":{"name":"dataconnect"},"message":"E0422 12:58:26.310558   23080 watch.go:40] Failed to load config from \"c:\\\\Users\\\\ermi0\\\\flutter projects\\\\apps\\\\dataconnect\": could not find dataconnect.yaml in `c:\\Users\\ermi0\\flutter projects\\apps\\dataconnect`\n"}}
[debug] [2026-04-22T09:58:36.311Z] E0422 12:58:36.311275   23080 watch.go:40] Failed to load config from "c:\\Users\\ermi0\\flutter projects\\apps\\dataconnect": could not find dataconnect.yaml in `c:\Users\ermi0\flutter projects\apps\dataconnect`
 {"metadata":{"emulator":{"name":"dataconnect"},"message":"E0422 12:58:36.311275   23080 watch.go:40] Failed to load config from \"c:\\\\Users\\\\ermi0\\\\flutter projects\\\\apps\\\\dataconnect\": could not find dataconnect.yaml in `c:\\Users\\ermi0\\flutter projects\\apps\\dataconnect`\n"}}
[debug] [2026-04-22T09:58:46.310Z] E0422 12:58:46.310619   23080 watch.go:40] Failed to load config from "c:\\Users\\ermi0\\flutter projects\\apps\\dataconnect": could not find dataconnect.yaml in `c:\Users\ermi0\flutter projects\apps\dataconnect`
 {"metadata":{"emulator":{"name":"dataconnect"},"message":"E0422 12:58:46.310619   23080 watch.go:40] Failed to load config from \"c:\\\\Users\\\\ermi0\\\\flutter projects\\\\apps\\\\dataconnect\": could not find dataconnect.yaml in `c:\\Users\\ermi0\\flutter projects\\apps\\dataconnect`\n"}}
[debug] [2026-04-22T09:58:56.313Z] E0422 12:58:56.313133   23080 watch.go:40] Failed to load config from "c:\\Users\\ermi0\\flutter projects\\apps\\dataconnect": could not find dataconnect.yaml in `c:\Users\ermi0\flutter projects\apps\dataconnect`
 {"metadata":{"emulator":{"name":"dataconnect"},"message":"E0422 12:58:56.313133   23080 watch.go:40] Failed to load config from \"c:\\\\Users\\\\ermi0\\\\flutter projects\\\\apps\\\\dataconnect\": could not find dataconnect.yaml in `c:\\Users\\ermi0\\flutter projects\\apps\\dataconnect`\n"}}
[debug] [2026-04-22T09:59:06.311Z] E0422 12:59:06.310503   23080 watch.go:40] Failed to load config from "c:\\Users\\ermi0\\flutter projects\\apps\\dataconnect": could not find dataconnect.yaml in `c:\Users\ermi0\flutter projects\apps\dataconnect`
 {"metadata":{"emulator":{"name":"dataconnect"},"message":"E0422 12:59:06.310503   23080 watch.go:40] Failed to load config from \"c:\\\\Users\\\\ermi0\\\\flutter projects\\\\apps\\\\dataconnect\": could not find dataconnect.yaml in `c:\\Users\\ermi0\\flutter projects\\apps\\dataconnect`\n"}}
[debug] [2026-04-22T09:59:16.311Z] E0422 12:59:16.310632   23080 watch.go:40] Failed to load config from "c:\\Users\\ermi0\\flutter projects\\apps\\dataconnect": could not find dataconnect.yaml in `c:\Users\ermi0\flutter projects\apps\dataconnect`
 {"metadata":{"emulator":{"name":"dataconnect"},"message":"E0422 12:59:16.310632   23080 watch.go:40] Failed to load config from \"c:\\\\Users\\\\ermi0\\\\flutter projects\\\\apps\\\\dataconnect\": could not find dataconnect.yaml in `c:\\Users\\ermi0\\flutter projects\\apps\\dataconnect`\n"}}
[debug] [2026-04-22T09:59:26.311Z] E0422 12:59:26.310732   23080 watch.go:40] Failed to load config from "c:\\Users\\ermi0\\flutter projects\\apps\\dataconnect": could not find dataconnect.yaml in `c:\Users\ermi0\flutter projects\apps\dataconnect`
 {"metadata":{"emulator":{"name":"dataconnect"},"message":"E0422 12:59:26.310732   23080 watch.go:40] Failed to load config from \"c:\\\\Users\\\\ermi0\\\\flutter projects\\\\apps\\\\dataconnect\": could not find dataconnect.yaml in `c:\\Users\\ermi0\\flutter projects\\apps\\dataconnect`\n"}}
[debug] [2026-04-22T09:59:36.311Z] E0422 12:59:36.310445   23080 watch.go:40] Failed to load config from "c:\\Users\\ermi0\\flutter projects\\apps\\dataconnect": could not find dataconnect.yaml in `c:\Users\ermi0\flutter projects\apps\dataconnect`
 {"metadata":{"emulator":{"name":"dataconnect"},"message":"E0422 12:59:36.310445   23080 watch.go:40] Failed to load config from \"c:\\\\Users\\\\ermi0\\\\flutter projects\\\\apps\\\\dataconnect\": could not find dataconnect.yaml in `c:\\Users\\ermi0\\flutter projects\\apps\\dataconnect`\n"}}
[debug] [2026-04-22T09:59:46.311Z] E0422 12:59:46.310564   23080 watch.go:40] Failed to load config from "c:\\Users\\ermi0\\flutter projects\\apps\\dataconnect": could not find dataconnect.yaml in `c:\Users\ermi0\flutter projects\apps\dataconnect`
 {"metadata":{"emulator":{"name":"dataconnect"},"message":"E0422 12:59:46.310564   23080 watch.go:40] Failed to load config from \"c:\\\\Users\\\\ermi0\\\\flutter projects\\\\apps\\\\dataconnect\": could not find dataconnect.yaml in `c:\\Users\\ermi0\\flutter projects\\apps\\dataconnect`\n"}}
[debug] [2026-04-22T09:59:56.312Z] E0422 12:59:56.311378   23080 watch.go:40] Failed to load config from "c:\\Users\\ermi0\\flutter projects\\apps\\dataconnect": could not find dataconnect.yaml in `c:\Users\ermi0\flutter projects\apps\dataconnect`
 {"metadata":{"emulator":{"name":"dataconnect"},"message":"E0422 12:59:56.311378   23080 watch.go:40] Failed to load config from \"c:\\\\Users\\\\ermi0\\\\flutter projects\\\\apps\\\\dataconnect\": could not find dataconnect.yaml in `c:\\Users\\ermi0\\flutter projects\\apps\\dataconnect`\n"}}
[debug] [2026-04-22T10:00:06.310Z] E0422 13:00:06.311282   23080 watch.go:40] Failed to load config from "c:\\Users\\ermi0\\flutter projects\\apps\\dataconnect": could not find dataconnect.yaml in `c:\Users\ermi0\flutter projects\apps\dataconnect`
 {"metadata":{"emulator":{"name":"dataconnect"},"message":"E0422 13:00:06.311282   23080 watch.go:40] Failed to load config from \"c:\\\\Users\\\\ermi0\\\\flutter projects\\\\apps\\\\dataconnect\": could not find dataconnect.yaml in `c:\\Users\\ermi0\\flutter projects\\apps\\dataconnect`\n"}}
[debug] [2026-04-22T10:00:16.310Z] E0422 13:00:16.310337   23080 watch.go:40] Failed to load config from "c:\\Users\\ermi0\\flutter projects\\apps\\dataconnect": could not find dataconnect.yaml in `c:\Users\ermi0\flutter projects\apps\dataconnect`
 {"metadata":{"emulator":{"name":"dataconnect"},"message":"E0422 13:00:16.310337   23080 watch.go:40] Failed to load config from \"c:\\\\Users\\\\ermi0\\\\flutter projects\\\\apps\\\\dataconnect\": could not find dataconnect.yaml in `c:\\Users\\ermi0\\flutter projects\\apps\\dataconnect`\n"}}
[debug] [2026-04-22T10:00:26.311Z] E0422 13:00:26.311070   23080 watch.go:40] Failed to load config from "c:\\Users\\ermi0\\flutter projects\\apps\\dataconnect": could not find dataconnect.yaml in `c:\Users\ermi0\flutter projects\apps\dataconnect`
 {"metadata":{"emulator":{"name":"dataconnect"},"message":"E0422 13:00:26.311070   23080 watch.go:40] Failed to load config from \"c:\\\\Users\\\\ermi0\\\\flutter projects\\\\apps\\\\dataconnect\": could not find dataconnect.yaml in `c:\\Users\\ermi0\\flutter projects\\apps\\dataconnect`\n"}}
[debug] [2026-04-22T10:00:36.311Z] E0422 13:00:36.311789   23080 watch.go:40] Failed to load config from "c:\\Users\\ermi0\\flutter projects\\apps\\dataconnect": could not find dataconnect.yaml in `c:\Users\ermi0\flutter projects\apps\dataconnect`
 {"metadata":{"emulator":{"name":"dataconnect"},"message":"E0422 13:00:36.311789   23080 watch.go:40] Failed to load config from \"c:\\\\Users\\\\ermi0\\\\flutter projects\\\\apps\\\\dataconnect\": could not find dataconnect.yaml in `c:\\Users\\ermi0\\flutter projects\\apps\\dataconnect`\n"}}
[debug] [2026-04-22T10:00:46.311Z] E0422 13:00:46.311012   23080 watch.go:40] Failed to load config from "c:\\Users\\ermi0\\flutter projects\\apps\\dataconnect": could not find dataconnect.yaml in `c:\Users\ermi0\flutter projects\apps\dataconnect`
 {"metadata":{"emulator":{"name":"dataconnect"},"message":"E0422 13:00:46.311012   23080 watch.go:40] Failed to load config from \"c:\\\\Users\\\\ermi0\\\\flutter projects\\\\apps\\\\dataconnect\": could not find dataconnect.yaml in `c:\\Users\\ermi0\\flutter projects\\apps\\dataconnect`\n"}}
[debug] [2026-04-22T10:00:56.310Z] E0422 13:00:56.311212   23080 watch.go:40] Failed to load config from "c:\\Users\\ermi0\\flutter projects\\apps\\dataconnect": could not find dataconnect.yaml in `c:\Users\ermi0\flutter projects\apps\dataconnect`
 {"metadata":{"emulator":{"name":"dataconnect"},"message":"E0422 13:00:56.311212   23080 watch.go:40] Failed to load config from \"c:\\\\Users\\\\ermi0\\\\flutter projects\\\\apps\\\\dataconnect\": could not find dataconnect.yaml in `c:\\Users\\ermi0\\flutter projects\\apps\\dataconnect`\n"}}
[debug] [2026-04-22T10:01:06.311Z] E0422 13:01:06.310813   23080 watch.go:40] Failed to load config from "c:\\Users\\ermi0\\flutter projects\\apps\\dataconnect": could not find dataconnect.yaml in `c:\Users\ermi0\flutter projects\apps\dataconnect`
 {"metadata":{"emulator":{"name":"dataconnect"},"message":"E0422 13:01:06.310813   23080 watch.go:40] Failed to load config from \"c:\\\\Users\\\\ermi0\\\\flutter projects\\\\apps\\\\dataconnect\": could not find dataconnect.yaml in `c:\\Users\\ermi0\\flutter projects\\apps\\dataconnect`\n"}}
[debug] [2026-04-22T10:01:16.311Z] E0422 13:01:16.311114   23080 watch.go:40] Failed to load config from "c:\\Users\\ermi0\\flutter projects\\apps\\dataconnect": could not find dataconnect.yaml in `c:\Users\ermi0\flutter projects\apps\dataconnect`
 {"metadata":{"emulator":{"name":"dataconnect"},"message":"E0422 13:01:16.311114   23080 watch.go:40] Failed to load config from \"c:\\\\Users\\\\ermi0\\\\flutter projects\\\\apps\\\\dataconnect\": could not find dataconnect.yaml in `c:\\Users\\ermi0\\flutter projects\\apps\\dataconnect`\n"}}
[debug] [2026-04-22T10:01:26.310Z] E0422 13:01:26.310119   23080 watch.go:40] Failed to load config from "c:\\Users\\ermi0\\flutter projects\\apps\\dataconnect": could not find dataconnect.yaml in `c:\Users\ermi0\flutter projects\apps\dataconnect`
 {"metadata":{"emulator":{"name":"dataconnect"},"message":"E0422 13:01:26.310119   23080 watch.go:40] Failed to load config from \"c:\\\\Users\\\\ermi0\\\\flutter projects\\\\apps\\\\dataconnect\": could not find dataconnect.yaml in `c:\\Users\\ermi0\\flutter projects\\apps\\dataconnect`\n"}}
[debug] [2026-04-22T10:01:36.310Z] E0422 13:01:36.310279   23080 watch.go:40] Failed to load config from "c:\\Users\\ermi0\\flutter projects\\apps\\dataconnect": could not find dataconnect.yaml in `c:\Users\ermi0\flutter projects\apps\dataconnect`
 {"metadata":{"emulator":{"name":"dataconnect"},"message":"E0422 13:01:36.310279   23080 watch.go:40] Failed to load config from \"c:\\\\Users\\\\ermi0\\\\flutter projects\\\\apps\\\\dataconnect\": could not find dataconnect.yaml in `c:\\Users\\ermi0\\flutter projects\\apps\\dataconnect`\n"}}
[debug] [2026-04-22T10:01:46.311Z] E0422 13:01:46.311020   23080 watch.go:40] Failed to load config from "c:\\Users\\ermi0\\flutter projects\\apps\\dataconnect": could not find dataconnect.yaml in `c:\Users\ermi0\flutter projects\apps\dataconnect`
 {"metadata":{"emulator":{"name":"dataconnect"},"message":"E0422 13:01:46.311020   23080 watch.go:40] Failed to load config from \"c:\\\\Users\\\\ermi0\\\\flutter projects\\\\apps\\\\dataconnect\": could not find dataconnect.yaml in `c:\\Users\\ermi0\\flutter projects\\apps\\dataconnect`\n"}}
[debug] [2026-04-22T10:01:56.311Z] E0422 13:01:56.311163   23080 watch.go:40] Failed to load config from "c:\\Users\\ermi0\\flutter projects\\apps\\dataconnect": could not find dataconnect.yaml in `c:\Users\ermi0\flutter projects\apps\dataconnect`
 {"metadata":{"emulator":{"name":"dataconnect"},"message":"E0422 13:01:56.311163   23080 watch.go:40] Failed to load config from \"c:\\\\Users\\\\ermi0\\\\flutter projects\\\\apps\\\\dataconnect\": could not find dataconnect.yaml in `c:\\Users\\ermi0\\flutter projects\\apps\\dataconnect`\n"}}
[debug] [2026-04-22T10:02:06.313Z] E0422 13:02:06.311859   23080 watch.go:40] Failed to load config from "c:\\Users\\ermi0\\flutter projects\\apps\\dataconnect": could not find dataconnect.yaml in `c:\Users\ermi0\flutter projects\apps\dataconnect`
 {"metadata":{"emulator":{"name":"dataconnect"},"message":"E0422 13:02:06.311859   23080 watch.go:40] Failed to load config from \"c:\\\\Users\\\\ermi0\\\\flutter projects\\\\apps\\\\dataconnect\": could not find dataconnect.yaml in `c:\\Users\\ermi0\\flutter projects\\apps\\dataconnect`\n"}}
[debug] [2026-04-22T10:02:16.310Z] E0422 13:02:16.310168   23080 watch.go:40] Failed to load config from "c:\\Users\\ermi0\\flutter projects\\apps\\dataconnect": could not find dataconnect.yaml in `c:\Users\ermi0\flutter projects\apps\dataconnect`
 {"metadata":{"emulator":{"name":"dataconnect"},"message":"E0422 13:02:16.310168   23080 watch.go:40] Failed to load config from \"c:\\\\Users\\\\ermi0\\\\flutter projects\\\\apps\\\\dataconnect\": could not find dataconnect.yaml in `c:\\Users\\ermi0\\flutter projects\\apps\\dataconnect`\n"}}
[debug] [2026-04-22T10:02:26.310Z] E0422 13:02:26.310379   23080 watch.go:40] Failed to load config from "c:\\Users\\ermi0\\flutter projects\\apps\\dataconnect": could not find dataconnect.yaml in `c:\Users\ermi0\flutter projects\apps\dataconnect`
 {"metadata":{"emulator":{"name":"dataconnect"},"message":"E0422 13:02:26.310379   23080 watch.go:40] Failed to load config from \"c:\\\\Users\\\\ermi0\\\\flutter projects\\\\apps\\\\dataconnect\": could not find dataconnect.yaml in `c:\\Users\\ermi0\\flutter projects\\apps\\dataconnect`\n"}}
[debug] [2026-04-22T10:02:36.310Z] E0422 13:02:36.310442   23080 watch.go:40] Failed to load config from "c:\\Users\\ermi0\\flutter projects\\apps\\dataconnect": could not find dataconnect.yaml in `c:\Users\ermi0\flutter projects\apps\dataconnect`
 {"metadata":{"emulator":{"name":"dataconnect"},"message":"E0422 13:02:36.310442   23080 watch.go:40] Failed to load config from \"c:\\\\Users\\\\ermi0\\\\flutter projects\\\\apps\\\\dataconnect\": could not find dataconnect.yaml in `c:\\Users\\ermi0\\flutter projects\\apps\\dataconnect`\n"}}
[debug] [2026-04-22T10:02:46.310Z] E0422 13:02:46.310553   23080 watch.go:40] Failed to load config from "c:\\Users\\ermi0\\flutter projects\\apps\\dataconnect": could not find dataconnect.yaml in `c:\Users\ermi0\flutter projects\apps\dataconnect`
 {"metadata":{"emulator":{"name":"dataconnect"},"message":"E0422 13:02:46.310553   23080 watch.go:40] Failed to load config from \"c:\\\\Users\\\\ermi0\\\\flutter projects\\\\apps\\\\dataconnect\": could not find dataconnect.yaml in `c:\\Users\\ermi0\\flutter projects\\apps\\dataconnect`\n"}}
[debug] [2026-04-22T10:02:56.310Z] E0422 13:02:56.310941   23080 watch.go:40] Failed to load config from "c:\\Users\\ermi0\\flutter projects\\apps\\dataconnect": could not find dataconnect.yaml in `c:\Users\ermi0\flutter projects\apps\dataconnect`
 {"metadata":{"emulator":{"name":"dataconnect"},"message":"E0422 13:02:56.310941   23080 watch.go:40] Failed to load config from \"c:\\\\Users\\\\ermi0\\\\flutter projects\\\\apps\\\\dataconnect\": could not find dataconnect.yaml in `c:\\Users\\ermi0\\flutter projects\\apps\\dataconnect`\n"}}
[debug] [2026-04-22T10:03:06.311Z] E0422 13:03:06.310719   23080 watch.go:40] Failed to load config from "c:\\Users\\ermi0\\flutter projects\\apps\\dataconnect": could not find dataconnect.yaml in `c:\Users\ermi0\flutter projects\apps\dataconnect`
 {"metadata":{"emulator":{"name":"dataconnect"},"message":"E0422 13:03:06.310719   23080 watch.go:40] Failed to load config from \"c:\\\\Users\\\\ermi0\\\\flutter projects\\\\apps\\\\dataconnect\": could not find dataconnect.yaml in `c:\\Users\\ermi0\\flutter projects\\apps\\dataconnect`\n"}}
[debug] [2026-04-22T10:03:16.310Z] E0422 13:03:16.310096   23080 watch.go:40] Failed to load config from "c:\\Users\\ermi0\\flutter projects\\apps\\dataconnect": could not find dataconnect.yaml in `c:\Users\ermi0\flutter projects\apps\dataconnect`
 {"metadata":{"emulator":{"name":"dataconnect"},"message":"E0422 13:03:16.310096   23080 watch.go:40] Failed to load config from \"c:\\\\Users\\\\ermi0\\\\flutter projects\\\\apps\\\\dataconnect\": could not find dataconnect.yaml in `c:\\Users\\ermi0\\flutter projects\\apps\\dataconnect`\n"}}
[debug] [2026-04-22T10:03:26.311Z] E0422 13:03:26.311301   23080 watch.go:40] Failed to load config from "c:\\Users\\ermi0\\flutter projects\\apps\\dataconnect": could not find dataconnect.yaml in `c:\Users\ermi0\flutter projects\apps\dataconnect`
 {"metadata":{"emulator":{"name":"dataconnect"},"message":"E0422 13:03:26.311301   23080 watch.go:40] Failed to load config from \"c:\\\\Users\\\\ermi0\\\\flutter projects\\\\apps\\\\dataconnect\": could not find dataconnect.yaml in `c:\\Users\\ermi0\\flutter projects\\apps\\dataconnect`\n"}}
[debug] [2026-04-22T10:03:36.311Z] E0422 13:03:36.310780   23080 watch.go:40] Failed to load config from "c:\\Users\\ermi0\\flutter projects\\apps\\dataconnect": could not find dataconnect.yaml in `c:\Users\ermi0\flutter projects\apps\dataconnect`
 {"metadata":{"emulator":{"name":"dataconnect"},"message":"E0422 13:03:36.310780   23080 watch.go:40] Failed to load config from \"c:\\\\Users\\\\ermi0\\\\flutter projects\\\\apps\\\\dataconnect\": could not find dataconnect.yaml in `c:\\Users\\ermi0\\flutter projects\\apps\\dataconnect`\n"}}
[debug] [2026-04-22T10:03:46.310Z] E0422 13:03:46.310430   23080 watch.go:40] Failed to load config from "c:\\Users\\ermi0\\flutter projects\\apps\\dataconnect": could not find dataconnect.yaml in `c:\Users\ermi0\flutter projects\apps\dataconnect`
 {"metadata":{"emulator":{"name":"dataconnect"},"message":"E0422 13:03:46.310430   23080 watch.go:40] Failed to load config from \"c:\\\\Users\\\\ermi0\\\\flutter projects\\\\apps\\\\dataconnect\": could not find dataconnect.yaml in `c:\\Users\\ermi0\\flutter projects\\apps\\dataconnect`\n"}}
[debug] [2026-04-22T10:03:56.310Z] E0422 13:03:56.310503   23080 watch.go:40] Failed to load config from "c:\\Users\\ermi0\\flutter projects\\apps\\dataconnect": could not find dataconnect.yaml in `c:\Users\ermi0\flutter projects\apps\dataconnect`
 {"metadata":{"emulator":{"name":"dataconnect"},"message":"E0422 13:03:56.310503   23080 watch.go:40] Failed to load config from \"c:\\\\Users\\\\ermi0\\\\flutter projects\\\\apps\\\\dataconnect\": could not find dataconnect.yaml in `c:\\Users\\ermi0\\flutter projects\\apps\\dataconnect`\n"}}
[debug] [2026-04-22T10:04:06.310Z] E0422 13:04:06.310425   23080 watch.go:40] Failed to load config from "c:\\Users\\ermi0\\flutter projects\\apps\\dataconnect": could not find dataconnect.yaml in `c:\Users\ermi0\flutter projects\apps\dataconnect`
 {"metadata":{"emulator":{"name":"dataconnect"},"message":"E0422 13:04:06.310425   23080 watch.go:40] Failed to load config from \"c:\\\\Users\\\\ermi0\\\\flutter projects\\\\apps\\\\dataconnect\": could not find dataconnect.yaml in `c:\\Users\\ermi0\\flutter projects\\apps\\dataconnect`\n"}}
[debug] [2026-04-22T10:04:16.310Z] E0422 13:04:16.310648   23080 watch.go:40] Failed to load config from "c:\\Users\\ermi0\\flutter projects\\apps\\dataconnect": could not find dataconnect.yaml in `c:\Users\ermi0\flutter projects\apps\dataconnect`
 {"metadata":{"emulator":{"name":"dataconnect"},"message":"E0422 13:04:16.310648   23080 watch.go:40] Failed to load config from \"c:\\\\Users\\\\ermi0\\\\flutter projects\\\\apps\\\\dataconnect\": could not find dataconnect.yaml in `c:\\Users\\ermi0\\flutter projects\\apps\\dataconnect`\n"}}
[debug] [2026-04-22T10:04:26.311Z] E0422 13:04:26.310947   23080 watch.go:40] Failed to load config from "c:\\Users\\ermi0\\flutter projects\\apps\\dataconnect": could not find dataconnect.yaml in `c:\Users\ermi0\flutter projects\apps\dataconnect`
 {"metadata":{"emulator":{"name":"dataconnect"},"message":"E0422 13:04:26.310947   23080 watch.go:40] Failed to load config from \"c:\\\\Users\\\\ermi0\\\\flutter projects\\\\apps\\\\dataconnect\": could not find dataconnect.yaml in `c:\\Users\\ermi0\\flutter projects\\apps\\dataconnect`\n"}}
[debug] [2026-04-22T10:04:36.310Z] E0422 13:04:36.310440   23080 watch.go:40] Failed to load config from "c:\\Users\\ermi0\\flutter projects\\apps\\dataconnect": could not find dataconnect.yaml in `c:\Users\ermi0\flutter projects\apps\dataconnect`
 {"metadata":{"emulator":{"name":"dataconnect"},"message":"E0422 13:04:36.310440   23080 watch.go:40] Failed to load config from \"c:\\\\Users\\\\ermi0\\\\flutter projects\\\\apps\\\\dataconnect\": could not find dataconnect.yaml in `c:\\Users\\ermi0\\flutter projects\\apps\\dataconnect`\n"}}
[debug] [2026-04-22T10:04:46.310Z] E0422 13:04:46.310169   23080 watch.go:40] Failed to load config from "c:\\Users\\ermi0\\flutter projects\\apps\\dataconnect": could not find dataconnect.yaml in `c:\Users\ermi0\flutter projects\apps\dataconnect`
 {"metadata":{"emulator":{"name":"dataconnect"},"message":"E0422 13:04:46.310169   23080 watch.go:40] Failed to load config from \"c:\\\\Users\\\\ermi0\\\\flutter projects\\\\apps\\\\dataconnect\": could not find dataconnect.yaml in `c:\\Users\\ermi0\\flutter projects\\apps\\dataconnect`\n"}}
[debug] [2026-04-22T10:04:56.310Z] E0422 13:04:56.310331   23080 watch.go:40] Failed to load config from "c:\\Users\\ermi0\\flutter projects\\apps\\dataconnect": could not find dataconnect.yaml in `c:\Users\ermi0\flutter projects\apps\dataconnect`
 {"metadata":{"emulator":{"name":"dataconnect"},"message":"E0422 13:04:56.310331   23080 watch.go:40] Failed to load config from \"c:\\\\Users\\\\ermi0\\\\flutter projects\\\\apps\\\\dataconnect\": could not find dataconnect.yaml in `c:\\Users\\ermi0\\flutter projects\\apps\\dataconnect`\n"}}
[debug] [2026-04-22T10:05:06.311Z] E0422 13:05:06.310695   23080 watch.go:40] Failed to load config from "c:\\Users\\ermi0\\flutter projects\\apps\\dataconnect": could not find dataconnect.yaml in `c:\Users\ermi0\flutter projects\apps\dataconnect`
 {"metadata":{"emulator":{"name":"dataconnect"},"message":"E0422 13:05:06.310695   23080 watch.go:40] Failed to load config from \"c:\\\\Users\\\\ermi0\\\\flutter projects\\\\apps\\\\dataconnect\": could not find dataconnect.yaml in `c:\\Users\\ermi0\\flutter projects\\apps\\dataconnect`\n"}}
[debug] [2026-04-22T10:05:16.310Z] E0422 13:05:16.310288   23080 watch.go:40] Failed to load config from "c:\\Users\\ermi0\\flutter projects\\apps\\dataconnect": could not find dataconnect.yaml in `c:\Users\ermi0\flutter projects\apps\dataconnect`
 {"metadata":{"emulator":{"name":"dataconnect"},"message":"E0422 13:05:16.310288   23080 watch.go:40] Failed to load config from \"c:\\\\Users\\\\ermi0\\\\flutter projects\\\\apps\\\\dataconnect\": could not find dataconnect.yaml in `c:\\Users\\ermi0\\flutter projects\\apps\\dataconnect`\n"}}
[debug] [2026-04-22T10:05:26.311Z] E0422 13:05:26.311085   23080 watch.go:40] Failed to load config from "c:\\Users\\ermi0\\flutter projects\\apps\\dataconnect": could not find dataconnect.yaml in `c:\Users\ermi0\flutter projects\apps\dataconnect`
 {"metadata":{"emulator":{"name":"dataconnect"},"message":"E0422 13:05:26.311085   23080 watch.go:40] Failed to load config from \"c:\\\\Users\\\\ermi0\\\\flutter projects\\\\apps\\\\dataconnect\": could not find dataconnect.yaml in `c:\\Users\\ermi0\\flutter projects\\apps\\dataconnect`\n"}}
[debug] [2026-04-22T10:05:36.311Z] E0422 13:05:36.310669   23080 watch.go:40] Failed to load config from "c:\\Users\\ermi0\\flutter projects\\apps\\dataconnect": could not find dataconnect.yaml in `c:\Users\ermi0\flutter projects\apps\dataconnect`
 {"metadata":{"emulator":{"name":"dataconnect"},"message":"E0422 13:05:36.310669   23080 watch.go:40] Failed to load config from \"c:\\\\Users\\\\ermi0\\\\flutter projects\\\\apps\\\\dataconnect\": could not find dataconnect.yaml in `c:\\Users\\ermi0\\flutter projects\\apps\\dataconnect`\n"}}
[debug] [2026-04-22T10:05:46.310Z] E0422 13:05:46.310843   23080 watch.go:40] Failed to load config from "c:\\Users\\ermi0\\flutter projects\\apps\\dataconnect": could not find dataconnect.yaml in `c:\Users\ermi0\flutter projects\apps\dataconnect`
 {"metadata":{"emulator":{"name":"dataconnect"},"message":"E0422 13:05:46.310843   23080 watch.go:40] Failed to load config from \"c:\\\\Users\\\\ermi0\\\\flutter projects\\\\apps\\\\dataconnect\": could not find dataconnect.yaml in `c:\\Users\\ermi0\\flutter projects\\apps\\dataconnect`\n"}}
[debug] [2026-04-22T10:05:56.310Z] E0422 13:05:56.310641   23080 watch.go:40] Failed to load config from "c:\\Users\\ermi0\\flutter projects\\apps\\dataconnect": could not find dataconnect.yaml in `c:\Users\ermi0\flutter projects\apps\dataconnect`
 {"metadata":{"emulator":{"name":"dataconnect"},"message":"E0422 13:05:56.310641   23080 watch.go:40] Failed to load config from \"c:\\\\Users\\\\ermi0\\\\flutter projects\\\\apps\\\\dataconnect\": could not find dataconnect.yaml in `c:\\Users\\ermi0\\flutter projects\\apps\\dataconnect`\n"}}
[debug] [2026-04-22T10:06:06.310Z] E0422 13:06:06.310490   23080 watch.go:40] Failed to load config from "c:\\Users\\ermi0\\flutter projects\\apps\\dataconnect": could not find dataconnect.yaml in `c:\Users\ermi0\flutter projects\apps\dataconnect`
 {"metadata":{"emulator":{"name":"dataconnect"},"message":"E0422 13:06:06.310490   23080 watch.go:40] Failed to load config from \"c:\\\\Users\\\\ermi0\\\\flutter projects\\\\apps\\\\dataconnect\": could not find dataconnect.yaml in `c:\\Users\\ermi0\\flutter projects\\apps\\dataconnect`\n"}}
[debug] [2026-04-22T10:06:16.310Z] E0422 13:06:16.310301   23080 watch.go:40] Failed to load config from "c:\\Users\\ermi0\\flutter projects\\apps\\dataconnect": could not find dataconnect.yaml in `c:\Users\ermi0\flutter projects\apps\dataconnect`
 {"metadata":{"emulator":{"name":"dataconnect"},"message":"E0422 13:06:16.310301   23080 watch.go:40] Failed to load config from \"c:\\\\Users\\\\ermi0\\\\flutter projects\\\\apps\\\\dataconnect\": could not find dataconnect.yaml in `c:\\Users\\ermi0\\flutter projects\\apps\\dataconnect`\n"}}
[debug] [2026-04-22T10:06:26.311Z] E0422 13:06:26.311068   23080 watch.go:40] Failed to load config from "c:\\Users\\ermi0\\flutter projects\\apps\\dataconnect": could not find dataconnect.yaml in `c:\Users\ermi0\flutter projects\apps\dataconnect`
 {"metadata":{"emulator":{"name":"dataconnect"},"message":"E0422 13:06:26.311068   23080 watch.go:40] Failed to load config from \"c:\\\\Users\\\\ermi0\\\\flutter projects\\\\apps\\\\dataconnect\": could not find dataconnect.yaml in `c:\\Users\\ermi0\\flutter projects\\apps\\dataconnect`\n"}}
[debug] [2026-04-22T10:06:36.311Z] E0422 13:06:36.310561   23080 watch.go:40] Failed to load config from "c:\\Users\\ermi0\\flutter projects\\apps\\dataconnect": could not find dataconnect.yaml in `c:\Users\ermi0\flutter projects\apps\dataconnect`
 {"metadata":{"emulator":{"name":"dataconnect"},"message":"E0422 13:06:36.310561   23080 watch.go:40] Failed to load config from \"c:\\\\Users\\\\ermi0\\\\flutter projects\\\\apps\\\\dataconnect\": could not find dataconnect.yaml in `c:\\Users\\ermi0\\flutter projects\\apps\\dataconnect`\n"}}
[debug] [2026-04-22T10:06:46.310Z] E0422 13:06:46.310298   23080 watch.go:40] Failed to load config from "c:\\Users\\ermi0\\flutter projects\\apps\\dataconnect": could not find dataconnect.yaml in `c:\Users\ermi0\flutter projects\apps\dataconnect`
 {"metadata":{"emulator":{"name":"dataconnect"},"message":"E0422 13:06:46.310298   23080 watch.go:40] Failed to load config from \"c:\\\\Users\\\\ermi0\\\\flutter projects\\\\apps\\\\dataconnect\": could not find dataconnect.yaml in `c:\\Users\\ermi0\\flutter projects\\apps\\dataconnect`\n"}}
[debug] [2026-04-22T10:06:56.311Z] E0422 13:06:56.310900   23080 watch.go:40] Failed to load config from "c:\\Users\\ermi0\\flutter projects\\apps\\dataconnect": could not find dataconnect.yaml in `c:\Users\ermi0\flutter projects\apps\dataconnect`
 {"metadata":{"emulator":{"name":"dataconnect"},"message":"E0422 13:06:56.310900   23080 watch.go:40] Failed to load config from \"c:\\\\Users\\\\ermi0\\\\flutter projects\\\\apps\\\\dataconnect\": could not find dataconnect.yaml in `c:\\Users\\ermi0\\flutter projects\\apps\\dataconnect`\n"}}
[debug] [2026-04-22T10:07:06.311Z] E0422 13:07:06.310127   23080 watch.go:40] Failed to load config from "c:\\Users\\ermi0\\flutter projects\\apps\\dataconnect": could not find dataconnect.yaml in `c:\Users\ermi0\flutter projects\apps\dataconnect`
 {"metadata":{"emulator":{"name":"dataconnect"},"message":"E0422 13:07:06.310127   23080 watch.go:40] Failed to load config from \"c:\\\\Users\\\\ermi0\\\\flutter projects\\\\apps\\\\dataconnect\": could not find dataconnect.yaml in `c:\\Users\\ermi0\\flutter projects\\apps\\dataconnect`\n"}}
[debug] [2026-04-22T10:07:16.311Z] E0422 13:07:16.310490   23080 watch.go:40] Failed to load config from "c:\\Users\\ermi0\\flutter projects\\apps\\dataconnect": could not find dataconnect.yaml in `c:\Users\ermi0\flutter projects\apps\dataconnect`
 {"metadata":{"emulator":{"name":"dataconnect"},"message":"E0422 13:07:16.310490   23080 watch.go:40] Failed to load config from \"c:\\\\Users\\\\ermi0\\\\flutter projects\\\\apps\\\\dataconnect\": could not find dataconnect.yaml in `c:\\Users\\ermi0\\flutter projects\\apps\\dataconnect`\n"}}
[debug] [2026-04-22T10:07:26.311Z] E0422 13:07:26.310447   23080 watch.go:40] Failed to load config from "c:\\Users\\ermi0\\flutter projects\\apps\\dataconnect": could not find dataconnect.yaml in `c:\Users\ermi0\flutter projects\apps\dataconnect`
 {"metadata":{"emulator":{"name":"dataconnect"},"message":"E0422 13:07:26.310447   23080 watch.go:40] Failed to load config from \"c:\\\\Users\\\\ermi0\\\\flutter projects\\\\apps\\\\dataconnect\": could not find dataconnect.yaml in `c:\\Users\\ermi0\\flutter projects\\apps\\dataconnect`\n"}}
[debug] [2026-04-22T10:07:36.311Z] E0422 13:07:36.310978   23080 watch.go:40] Failed to load config from "c:\\Users\\ermi0\\flutter projects\\apps\\dataconnect": could not find dataconnect.yaml in `c:\Users\ermi0\flutter projects\apps\dataconnect`
 {"metadata":{"emulator":{"name":"dataconnect"},"message":"E0422 13:07:36.310978   23080 watch.go:40] Failed to load config from \"c:\\\\Users\\\\ermi0\\\\flutter projects\\\\apps\\\\dataconnect\": could not find dataconnect.yaml in `c:\\Users\\ermi0\\flutter projects\\apps\\dataconnect`\n"}}
[debug] [2026-04-22T10:07:46.311Z] E0422 13:07:46.310723   23080 watch.go:40] Failed to load config from "c:\\Users\\ermi0\\flutter projects\\apps\\dataconnect": could not find dataconnect.yaml in `c:\Users\ermi0\flutter projects\apps\dataconnect`
 {"metadata":{"emulator":{"name":"dataconnect"},"message":"E0422 13:07:46.310723   23080 watch.go:40] Failed to load config from \"c:\\\\Users\\\\ermi0\\\\flutter projects\\\\apps\\\\dataconnect\": could not find dataconnect.yaml in `c:\\Users\\ermi0\\flutter projects\\apps\\dataconnect`\n"}}
[debug] [2026-04-22T10:07:56.312Z] E0422 13:07:56.311170   23080 watch.go:40] Failed to load config from "c:\\Users\\ermi0\\flutter projects\\apps\\dataconnect": could not find dataconnect.yaml in `c:\Users\ermi0\flutter projects\apps\dataconnect`
 {"metadata":{"emulator":{"name":"dataconnect"},"message":"E0422 13:07:56.311170   23080 watch.go:40] Failed to load config from \"c:\\\\Users\\\\ermi0\\\\flutter projects\\\\apps\\\\dataconnect\": could not find dataconnect.yaml in `c:\\Users\\ermi0\\flutter projects\\apps\\dataconnect`\n"}}
[debug] [2026-04-22T10:08:06.310Z] E0422 13:08:06.310789   23080 watch.go:40] Failed to load config from "c:\\Users\\ermi0\\flutter projects\\apps\\dataconnect": could not find dataconnect.yaml in `c:\Users\ermi0\flutter projects\apps\dataconnect`
 {"metadata":{"emulator":{"name":"dataconnect"},"message":"E0422 13:08:06.310789   23080 watch.go:40] Failed to load config from \"c:\\\\Users\\\\ermi0\\\\flutter projects\\\\apps\\\\dataconnect\": could not find dataconnect.yaml in `c:\\Users\\ermi0\\flutter projects\\apps\\dataconnect`\n"}}
[debug] [2026-04-22T10:08:16.310Z] E0422 13:08:16.310134   23080 watch.go:40] Failed to load config from "c:\\Users\\ermi0\\flutter projects\\apps\\dataconnect": could not find dataconnect.yaml in `c:\Users\ermi0\flutter projects\apps\dataconnect`
 {"metadata":{"emulator":{"name":"dataconnect"},"message":"E0422 13:08:16.310134   23080 watch.go:40] Failed to load config from \"c:\\\\Users\\\\ermi0\\\\flutter projects\\\\apps\\\\dataconnect\": could not find dataconnect.yaml in `c:\\Users\\ermi0\\flutter projects\\apps\\dataconnect`\n"}}
[debug] [2026-04-22T10:08:26.312Z] E0422 13:08:26.312348   23080 watch.go:40] Failed to load config from "c:\\Users\\ermi0\\flutter projects\\apps\\dataconnect": could not find dataconnect.yaml in `c:\Users\ermi0\flutter projects\apps\dataconnect`
 {"metadata":{"emulator":{"name":"dataconnect"},"message":"E0422 13:08:26.312348   23080 watch.go:40] Failed to load config from \"c:\\\\Users\\\\ermi0\\\\flutter projects\\\\apps\\\\dataconnect\": could not find dataconnect.yaml in `c:\\Users\\ermi0\\flutter projects\\apps\\dataconnect`\n"}}
[debug] [2026-04-22T10:08:36.311Z] E0422 13:08:36.310639   23080 watch.go:40] Failed to load config from "c:\\Users\\ermi0\\flutter projects\\apps\\dataconnect": could not find dataconnect.yaml in `c:\Users\ermi0\flutter projects\apps\dataconnect`
 {"metadata":{"emulator":{"name":"dataconnect"},"message":"E0422 13:08:36.310639   23080 watch.go:40] Failed to load config from \"c:\\\\Users\\\\ermi0\\\\flutter projects\\\\apps\\\\dataconnect\": could not find dataconnect.yaml in `c:\\Users\\ermi0\\flutter projects\\apps\\dataconnect`\n"}}
[debug] [2026-04-22T10:08:46.310Z] E0422 13:08:46.310515   23080 watch.go:40] Failed to load config from "c:\\Users\\ermi0\\flutter projects\\apps\\dataconnect": could not find dataconnect.yaml in `c:\Users\ermi0\flutter projects\apps\dataconnect`
 {"metadata":{"emulator":{"name":"dataconnect"},"message":"E0422 13:08:46.310515   23080 watch.go:40] Failed to load config from \"c:\\\\Users\\\\ermi0\\\\flutter projects\\\\apps\\\\dataconnect\": could not find dataconnect.yaml in `c:\\Users\\ermi0\\flutter projects\\apps\\dataconnect`\n"}}
[debug] [2026-04-22T10:08:56.311Z] E0422 13:08:56.310816   23080 watch.go:40] Failed to load config from "c:\\Users\\ermi0\\flutter projects\\apps\\dataconnect": could not find dataconnect.yaml in `c:\Users\ermi0\flutter projects\apps\dataconnect`
 {"metadata":{"emulator":{"name":"dataconnect"},"message":"E0422 13:08:56.310816   23080 watch.go:40] Failed to load config from \"c:\\\\Users\\\\ermi0\\\\flutter projects\\\\apps\\\\dataconnect\": could not find dataconnect.yaml in `c:\\Users\\ermi0\\flutter projects\\apps\\dataconnect`\n"}}
[debug] [2026-04-22T10:09:06.310Z] E0422 13:09:06.310505   23080 watch.go:40] Failed to load config from "c:\\Users\\ermi0\\flutter projects\\apps\\dataconnect": could not find dataconnect.yaml in `c:\Users\ermi0\flutter projects\apps\dataconnect`
 {"metadata":{"emulator":{"name":"dataconnect"},"message":"E0422 13:09:06.310505   23080 watch.go:40] Failed to load config from \"c:\\\\Users\\\\ermi0\\\\flutter projects\\\\apps\\\\dataconnect\": could not find dataconnect.yaml in `c:\\Users\\ermi0\\flutter projects\\apps\\dataconnect`\n"}}
[debug] [2026-04-22T10:09:16.310Z] E0422 13:09:16.310249   23080 watch.go:40] Failed to load config from "c:\\Users\\ermi0\\flutter projects\\apps\\dataconnect": could not find dataconnect.yaml in `c:\Users\ermi0\flutter projects\apps\dataconnect`
 {"metadata":{"emulator":{"name":"dataconnect"},"message":"E0422 13:09:16.310249   23080 watch.go:40] Failed to load config from \"c:\\\\Users\\\\ermi0\\\\flutter projects\\\\apps\\\\dataconnect\": could not find dataconnect.yaml in `c:\\Users\\ermi0\\flutter projects\\apps\\dataconnect`\n"}}
[debug] [2026-04-22T10:09:26.310Z] E0422 13:09:26.310381   23080 watch.go:40] Failed to load config from "c:\\Users\\ermi0\\flutter projects\\apps\\dataconnect": could not find dataconnect.yaml in `c:\Users\ermi0\flutter projects\apps\dataconnect`
 {"metadata":{"emulator":{"name":"dataconnect"},"message":"E0422 13:09:26.310381   23080 watch.go:40] Failed to load config from \"c:\\\\Users\\\\ermi0\\\\flutter projects\\\\apps\\\\dataconnect\": could not find dataconnect.yaml in `c:\\Users\\ermi0\\flutter projects\\apps\\dataconnect`\n"}}
[debug] [2026-04-22T10:09:36.310Z] E0422 13:09:36.310406   23080 watch.go:40] Failed to load config from "c:\\Users\\ermi0\\flutter projects\\apps\\dataconnect": could not find dataconnect.yaml in `c:\Users\ermi0\flutter projects\apps\dataconnect`
 {"metadata":{"emulator":{"name":"dataconnect"},"message":"E0422 13:09:36.310406   23080 watch.go:40] Failed to load config from \"c:\\\\Users\\\\ermi0\\\\flutter projects\\\\apps\\\\dataconnect\": could not find dataconnect.yaml in `c:\\Users\\ermi0\\flutter projects\\apps\\dataconnect`\n"}}
[debug] [2026-04-22T10:09:46.310Z] E0422 13:09:46.310686   23080 watch.go:40] Failed to load config from "c:\\Users\\ermi0\\flutter projects\\apps\\dataconnect": could not find dataconnect.yaml in `c:\Users\ermi0\flutter projects\apps\dataconnect`
 {"metadata":{"emulator":{"name":"dataconnect"},"message":"E0422 13:09:46.310686   23080 watch.go:40] Failed to load config from \"c:\\\\Users\\\\ermi0\\\\flutter projects\\\\apps\\\\dataconnect\": could not find dataconnect.yaml in `c:\\Users\\ermi0\\flutter projects\\apps\\dataconnect`\n"}}
[debug] [2026-04-22T10:09:56.310Z] E0422 13:09:56.310414   23080 watch.go:40] Failed to load config from "c:\\Users\\ermi0\\flutter projects\\apps\\dataconnect": could not find dataconnect.yaml in `c:\Users\ermi0\flutter projects\apps\dataconnect`
 {"metadata":{"emulator":{"name":"dataconnect"},"message":"E0422 13:09:56.310414   23080 watch.go:40] Failed to load config from \"c:\\\\Users\\\\ermi0\\\\flutter projects\\\\apps\\\\dataconnect\": could not find dataconnect.yaml in `c:\\Users\\ermi0\\flutter projects\\apps\\dataconnect`\n"}}
[debug] [2026-04-22T10:10:06.311Z] E0422 13:10:06.311112   23080 watch.go:40] Failed to load config from "c:\\Users\\ermi0\\flutter projects\\apps\\dataconnect": could not find dataconnect.yaml in `c:\Users\ermi0\flutter projects\apps\dataconnect`
 {"metadata":{"emulator":{"name":"dataconnect"},"message":"E0422 13:10:06.311112   23080 watch.go:40] Failed to load config from \"c:\\\\Users\\\\ermi0\\\\flutter projects\\\\apps\\\\dataconnect\": could not find dataconnect.yaml in `c:\\Users\\ermi0\\flutter projects\\apps\\dataconnect`\n"}}
[debug] [2026-04-22T10:10:16.310Z] E0422 13:10:16.310640   23080 watch.go:40] Failed to load config from "c:\\Users\\ermi0\\flutter projects\\apps\\dataconnect": could not find dataconnect.yaml in `c:\Users\ermi0\flutter projects\apps\dataconnect`
 {"metadata":{"emulator":{"name":"dataconnect"},"message":"E0422 13:10:16.310640   23080 watch.go:40] Failed to load config from \"c:\\\\Users\\\\ermi0\\\\flutter projects\\\\apps\\\\dataconnect\": could not find dataconnect.yaml in `c:\\Users\\ermi0\\flutter projects\\apps\\dataconnect`\n"}}
[debug] [2026-04-22T10:10:26.310Z] E0422 13:10:26.310344   23080 watch.go:40] Failed to load config from "c:\\Users\\ermi0\\flutter projects\\apps\\dataconnect": could not find dataconnect.yaml in `c:\Users\ermi0\flutter projects\apps\dataconnect`
 {"metadata":{"emulator":{"name":"dataconnect"},"message":"E0422 13:10:26.310344   23080 watch.go:40] Failed to load config from \"c:\\\\Users\\\\ermi0\\\\flutter projects\\\\apps\\\\dataconnect\": could not find dataconnect.yaml in `c:\\Users\\ermi0\\flutter projects\\apps\\dataconnect`\n"}}
[debug] [2026-04-22T10:10:36.313Z] E0422 13:10:36.313546   23080 watch.go:40] Failed to load config from "c:\\Users\\ermi0\\flutter projects\\apps\\dataconnect": could not find dataconnect.yaml in `c:\Users\ermi0\flutter projects\apps\dataconnect`
 {"metadata":{"emulator":{"name":"dataconnect"},"message":"E0422 13:10:36.313546   23080 watch.go:40] Failed to load config from \"c:\\\\Users\\\\ermi0\\\\flutter projects\\\\apps\\\\dataconnect\": could not find dataconnect.yaml in `c:\\Users\\ermi0\\flutter projects\\apps\\dataconnect`\n"}}
[debug] [2026-04-22T10:10:46.310Z] E0422 13:10:46.310568   23080 watch.go:40] Failed to load config from "c:\\Users\\ermi0\\flutter projects\\apps\\dataconnect": could not find dataconnect.yaml in `c:\Users\ermi0\flutter projects\apps\dataconnect`
 {"metadata":{"emulator":{"name":"dataconnect"},"message":"E0422 13:10:46.310568   23080 watch.go:40] Failed to load config from \"c:\\\\Users\\\\ermi0\\\\flutter projects\\\\apps\\\\dataconnect\": could not find dataconnect.yaml in `c:\\Users\\ermi0\\flutter projects\\apps\\dataconnect`\n"}}
[debug] [2026-04-22T10:10:56.310Z] E0422 13:10:56.310676   23080 watch.go:40] Failed to load config from "c:\\Users\\ermi0\\flutter projects\\apps\\dataconnect": could not find dataconnect.yaml in `c:\Users\ermi0\flutter projects\apps\dataconnect`
 {"metadata":{"emulator":{"name":"dataconnect"},"message":"E0422 13:10:56.310676   23080 watch.go:40] Failed to load config from \"c:\\\\Users\\\\ermi0\\\\flutter projects\\\\apps\\\\dataconnect\": could not find dataconnect.yaml in `c:\\Users\\ermi0\\flutter projects\\apps\\dataconnect`\n"}}
[debug] [2026-04-22T10:11:06.310Z] E0422 13:11:06.310174   23080 watch.go:40] Failed to load config from "c:\\Users\\ermi0\\flutter projects\\apps\\dataconnect": could not find dataconnect.yaml in `c:\Users\ermi0\flutter projects\apps\dataconnect`
 {"metadata":{"emulator":{"name":"dataconnect"},"message":"E0422 13:11:06.310174   23080 watch.go:40] Failed to load config from \"c:\\\\Users\\\\ermi0\\\\flutter projects\\\\apps\\\\dataconnect\": could not find dataconnect.yaml in `c:\\Users\\ermi0\\flutter projects\\apps\\dataconnect`\n"}}
[debug] [2026-04-22T10:11:16.310Z] E0422 13:11:16.310572   23080 watch.go:40] Failed to load config from "c:\\Users\\ermi0\\flutter projects\\apps\\dataconnect": could not find dataconnect.yaml in `c:\Users\ermi0\flutter projects\apps\dataconnect`
 {"metadata":{"emulator":{"name":"dataconnect"},"message":"E0422 13:11:16.310572   23080 watch.go:40] Failed to load config from \"c:\\\\Users\\\\ermi0\\\\flutter projects\\\\apps\\\\dataconnect\": could not find dataconnect.yaml in `c:\\Users\\ermi0\\flutter projects\\apps\\dataconnect`\n"}}
[debug] [2026-04-22T10:11:26.310Z] E0422 13:11:26.310612   23080 watch.go:40] Failed to load config from "c:\\Users\\ermi0\\flutter projects\\apps\\dataconnect": could not find dataconnect.yaml in `c:\Users\ermi0\flutter projects\apps\dataconnect`
 {"metadata":{"emulator":{"name":"dataconnect"},"message":"E0422 13:11:26.310612   23080 watch.go:40] Failed to load config from \"c:\\\\Users\\\\ermi0\\\\flutter projects\\\\apps\\\\dataconnect\": could not find dataconnect.yaml in `c:\\Users\\ermi0\\flutter projects\\apps\\dataconnect`\n"}}
[debug] [2026-04-22T10:11:36.313Z] E0422 13:11:36.314036   23080 watch.go:40] Failed to load config from "c:\\Users\\ermi0\\flutter projects\\apps\\dataconnect": could not find dataconnect.yaml in `c:\Users\ermi0\flutter projects\apps\dataconnect`
 {"metadata":{"emulator":{"name":"dataconnect"},"message":"E0422 13:11:36.314036   23080 watch.go:40] Failed to load config from \"c:\\\\Users\\\\ermi0\\\\flutter projects\\\\apps\\\\dataconnect\": could not find dataconnect.yaml in `c:\\Users\\ermi0\\flutter projects\\apps\\dataconnect`\n"}}
[debug] [2026-04-22T10:11:46.310Z] E0422 13:11:46.310348   23080 watch.go:40] Failed to load config from "c:\\Users\\ermi0\\flutter projects\\apps\\dataconnect": could not find dataconnect.yaml in `c:\Users\ermi0\flutter projects\apps\dataconnect`
 {"metadata":{"emulator":{"name":"dataconnect"},"message":"E0422 13:11:46.310348   23080 watch.go:40] Failed to load config from \"c:\\\\Users\\\\ermi0\\\\flutter projects\\\\apps\\\\dataconnect\": could not find dataconnect.yaml in `c:\\Users\\ermi0\\flutter projects\\apps\\dataconnect`\n"}}
[debug] [2026-04-22T10:11:56.310Z] E0422 13:11:56.311110   23080 watch.go:40] Failed to load config from "c:\\Users\\ermi0\\flutter projects\\apps\\dataconnect": could not find dataconnect.yaml in `c:\Users\ermi0\flutter projects\apps\dataconnect`
 {"metadata":{"emulator":{"name":"dataconnect"},"message":"E0422 13:11:56.311110   23080 watch.go:40] Failed to load config from \"c:\\\\Users\\\\ermi0\\\\flutter projects\\\\apps\\\\dataconnect\": could not find dataconnect.yaml in `c:\\Users\\ermi0\\flutter projects\\apps\\dataconnect`\n"}}
[debug] [2026-04-22T10:12:06.310Z] E0422 13:12:06.310479   23080 watch.go:40] Failed to load config from "c:\\Users\\ermi0\\flutter projects\\apps\\dataconnect": could not find dataconnect.yaml in `c:\Users\ermi0\flutter projects\apps\dataconnect`
 {"metadata":{"emulator":{"name":"dataconnect"},"message":"E0422 13:12:06.310479   23080 watch.go:40] Failed to load config from \"c:\\\\Users\\\\ermi0\\\\flutter projects\\\\apps\\\\dataconnect\": could not find dataconnect.yaml in `c:\\Users\\ermi0\\flutter projects\\apps\\dataconnect`\n"}}
[debug] [2026-04-22T10:12:16.310Z] E0422 13:12:16.310665   23080 watch.go:40] Failed to load config from "c:\\Users\\ermi0\\flutter projects\\apps\\dataconnect": could not find dataconnect.yaml in `c:\Users\ermi0\flutter projects\apps\dataconnect`
 {"metadata":{"emulator":{"name":"dataconnect"},"message":"E0422 13:12:16.310665   23080 watch.go:40] Failed to load config from \"c:\\\\Users\\\\ermi0\\\\flutter projects\\\\apps\\\\dataconnect\": could not find dataconnect.yaml in `c:\\Users\\ermi0\\flutter projects\\apps\\dataconnect`\n"}}
[debug] [2026-04-22T10:12:26.311Z] E0422 13:12:26.310529   23080 watch.go:40] Failed to load config from "c:\\Users\\ermi0\\flutter projects\\apps\\dataconnect": could not find dataconnect.yaml in `c:\Users\ermi0\flutter projects\apps\dataconnect`
 {"metadata":{"emulator":{"name":"dataconnect"},"message":"E0422 13:12:26.310529   23080 watch.go:40] Failed to load config from \"c:\\\\Users\\\\ermi0\\\\flutter projects\\\\apps\\\\dataconnect\": could not find dataconnect.yaml in `c:\\Users\\ermi0\\flutter projects\\apps\\dataconnect`\n"}}
[debug] [2026-04-22T10:12:36.310Z] E0422 13:12:36.310378   23080 watch.go:40] Failed to load config from "c:\\Users\\ermi0\\flutter projects\\apps\\dataconnect": could not find dataconnect.yaml in `c:\Users\ermi0\flutter projects\apps\dataconnect`
 {"metadata":{"emulator":{"name":"dataconnect"},"message":"E0422 13:12:36.310378   23080 watch.go:40] Failed to load config from \"c:\\\\Users\\\\ermi0\\\\flutter projects\\\\apps\\\\dataconnect\": could not find dataconnect.yaml in `c:\\Users\\ermi0\\flutter projects\\apps\\dataconnect`\n"}}
[debug] [2026-04-22T10:12:46.311Z] E0422 13:12:46.311444   23080 watch.go:40] Failed to load config from "c:\\Users\\ermi0\\flutter projects\\apps\\dataconnect": could not find dataconnect.yaml in `c:\Users\ermi0\flutter projects\apps\dataconnect`
 {"metadata":{"emulator":{"name":"dataconnect"},"message":"E0422 13:12:46.311444   23080 watch.go:40] Failed to load config from \"c:\\\\Users\\\\ermi0\\\\flutter projects\\\\apps\\\\dataconnect\": could not find dataconnect.yaml in `c:\\Users\\ermi0\\flutter projects\\apps\\dataconnect`\n"}}
[debug] [2026-04-22T10:12:56.311Z] E0422 13:12:56.310844   23080 watch.go:40] Failed to load config from "c:\\Users\\ermi0\\flutter projects\\apps\\dataconnect": could not find dataconnect.yaml in `c:\Users\ermi0\flutter projects\apps\dataconnect`
 {"metadata":{"emulator":{"name":"dataconnect"},"message":"E0422 13:12:56.310844   23080 watch.go:40] Failed to load config from \"c:\\\\Users\\\\ermi0\\\\flutter projects\\\\apps\\\\dataconnect\": could not find dataconnect.yaml in `c:\\Users\\ermi0\\flutter projects\\apps\\dataconnect`\n"}}
[debug] [2026-04-22T10:13:06.311Z] E0422 13:13:06.310950   23080 watch.go:40] Failed to load config from "c:\\Users\\ermi0\\flutter projects\\apps\\dataconnect": could not find dataconnect.yaml in `c:\Users\ermi0\flutter projects\apps\dataconnect`
 {"metadata":{"emulator":{"name":"dataconnect"},"message":"E0422 13:13:06.310950   23080 watch.go:40] Failed to load config from \"c:\\\\Users\\\\ermi0\\\\flutter projects\\\\apps\\\\dataconnect\": could not find dataconnect.yaml in `c:\\Users\\ermi0\\flutter projects\\apps\\dataconnect`\n"}}
[debug] [2026-04-22T10:13:16.310Z] E0422 13:13:16.310645   23080 watch.go:40] Failed to load config from "c:\\Users\\ermi0\\flutter projects\\apps\\dataconnect": could not find dataconnect.yaml in `c:\Users\ermi0\flutter projects\apps\dataconnect`
 {"metadata":{"emulator":{"name":"dataconnect"},"message":"E0422 13:13:16.310645   23080 watch.go:40] Failed to load config from \"c:\\\\Users\\\\ermi0\\\\flutter projects\\\\apps\\\\dataconnect\": could not find dataconnect.yaml in `c:\\Users\\ermi0\\flutter projects\\apps\\dataconnect`\n"}}
[debug] [2026-04-22T10:13:26.310Z] E0422 13:13:26.310491   23080 watch.go:40] Failed to load config from "c:\\Users\\ermi0\\flutter projects\\apps\\dataconnect": could not find dataconnect.yaml in `c:\Users\ermi0\flutter projects\apps\dataconnect`
 {"metadata":{"emulator":{"name":"dataconnect"},"message":"E0422 13:13:26.310491   23080 watch.go:40] Failed to load config from \"c:\\\\Users\\\\ermi0\\\\flutter projects\\\\apps\\\\dataconnect\": could not find dataconnect.yaml in `c:\\Users\\ermi0\\flutter projects\\apps\\dataconnect`\n"}}
[debug] [2026-04-22T10:13:36.311Z] E0422 13:13:36.311175   23080 watch.go:40] Failed to load config from "c:\\Users\\ermi0\\flutter projects\\apps\\dataconnect": could not find dataconnect.yaml in `c:\Users\ermi0\flutter projects\apps\dataconnect`
 {"metadata":{"emulator":{"name":"dataconnect"},"message":"E0422 13:13:36.311175   23080 watch.go:40] Failed to load config from \"c:\\\\Users\\\\ermi0\\\\flutter projects\\\\apps\\\\dataconnect\": could not find dataconnect.yaml in `c:\\Users\\ermi0\\flutter projects\\apps\\dataconnect`\n"}}
[debug] [2026-04-22T10:13:46.310Z] E0422 13:13:46.310122   23080 watch.go:40] Failed to load config from "c:\\Users\\ermi0\\flutter projects\\apps\\dataconnect": could not find dataconnect.yaml in `c:\Users\ermi0\flutter projects\apps\dataconnect`
 {"metadata":{"emulator":{"name":"dataconnect"},"message":"E0422 13:13:46.310122   23080 watch.go:40] Failed to load config from \"c:\\\\Users\\\\ermi0\\\\flutter projects\\\\apps\\\\dataconnect\": could not find dataconnect.yaml in `c:\\Users\\ermi0\\flutter projects\\apps\\dataconnect`\n"}}
[debug] [2026-04-22T10:13:56.311Z] E0422 13:13:56.311180   23080 watch.go:40] Failed to load config from "c:\\Users\\ermi0\\flutter projects\\apps\\dataconnect": could not find dataconnect.yaml in `c:\Users\ermi0\flutter projects\apps\dataconnect`
 {"metadata":{"emulator":{"name":"dataconnect"},"message":"E0422 13:13:56.311180   23080 watch.go:40] Failed to load config from \"c:\\\\Users\\\\ermi0\\\\flutter projects\\\\apps\\\\dataconnect\": could not find dataconnect.yaml in `c:\\Users\\ermi0\\flutter projects\\apps\\dataconnect`\n"}}
[debug] [2026-04-22T10:14:06.311Z] E0422 13:14:06.311108   23080 watch.go:40] Failed to load config from "c:\\Users\\ermi0\\flutter projects\\apps\\dataconnect": could not find dataconnect.yaml in `c:\Users\ermi0\flutter projects\apps\dataconnect`
 {"metadata":{"emulator":{"name":"dataconnect"},"message":"E0422 13:14:06.311108   23080 watch.go:40] Failed to load config from \"c:\\\\Users\\\\ermi0\\\\flutter projects\\\\apps\\\\dataconnect\": could not find dataconnect.yaml in `c:\\Users\\ermi0\\flutter projects\\apps\\dataconnect`\n"}}
[debug] [2026-04-22T10:14:16.311Z] E0422 13:14:16.310629   23080 watch.go:40] Failed to load config from "c:\\Users\\ermi0\\flutter projects\\apps\\dataconnect": could not find dataconnect.yaml in `c:\Users\ermi0\flutter projects\apps\dataconnect`
 {"metadata":{"emulator":{"name":"dataconnect"},"message":"E0422 13:14:16.310629   23080 watch.go:40] Failed to load config from \"c:\\\\Users\\\\ermi0\\\\flutter projects\\\\apps\\\\dataconnect\": could not find dataconnect.yaml in `c:\\Users\\ermi0\\flutter projects\\apps\\dataconnect`\n"}}
[debug] [2026-04-22T10:14:26.311Z] E0422 13:14:26.310822   23080 watch.go:40] Failed to load config from "c:\\Users\\ermi0\\flutter projects\\apps\\dataconnect": could not find dataconnect.yaml in `c:\Users\ermi0\flutter projects\apps\dataconnect`
 {"metadata":{"emulator":{"name":"dataconnect"},"message":"E0422 13:14:26.310822   23080 watch.go:40] Failed to load config from \"c:\\\\Users\\\\ermi0\\\\flutter projects\\\\apps\\\\dataconnect\": could not find dataconnect.yaml in `c:\\Users\\ermi0\\flutter projects\\apps\\dataconnect`\n"}}
[debug] [2026-04-22T10:14:36.311Z] E0422 13:14:36.310499   23080 watch.go:40] Failed to load config from "c:\\Users\\ermi0\\flutter projects\\apps\\dataconnect": could not find dataconnect.yaml in `c:\Users\ermi0\flutter projects\apps\dataconnect`
 {"metadata":{"emulator":{"name":"dataconnect"},"message":"E0422 13:14:36.310499   23080 watch.go:40] Failed to load config from \"c:\\\\Users\\\\ermi0\\\\flutter projects\\\\apps\\\\dataconnect\": could not find dataconnect.yaml in `c:\\Users\\ermi0\\flutter projects\\apps\\dataconnect`\n"}}
[debug] [2026-04-22T10:14:46.313Z] E0422 13:14:46.312432   23080 watch.go:40] Failed to load config from "c:\\Users\\ermi0\\flutter projects\\apps\\dataconnect": could not find dataconnect.yaml in `c:\Users\ermi0\flutter projects\apps\dataconnect`
 {"metadata":{"emulator":{"name":"dataconnect"},"message":"E0422 13:14:46.312432   23080 watch.go:40] Failed to load config from \"c:\\\\Users\\\\ermi0\\\\flutter projects\\\\apps\\\\dataconnect\": could not find dataconnect.yaml in `c:\\Users\\ermi0\\flutter projects\\apps\\dataconnect`\n"}}
[debug] [2026-04-22T10:14:56.311Z] E0422 13:14:56.310631   23080 watch.go:40] Failed to load config from "c:\\Users\\ermi0\\flutter projects\\apps\\dataconnect": could not find dataconnect.yaml in `c:\Users\ermi0\flutter projects\apps\dataconnect`
 {"metadata":{"emulator":{"name":"dataconnect"},"message":"E0422 13:14:56.310631   23080 watch.go:40] Failed to load config from \"c:\\\\Users\\\\ermi0\\\\flutter projects\\\\apps\\\\dataconnect\": could not find dataconnect.yaml in `c:\\Users\\ermi0\\flutter projects\\apps\\dataconnect`\n"}}
[debug] [2026-04-22T10:15:06.310Z] E0422 13:15:06.311052   23080 watch.go:40] Failed to load config from "c:\\Users\\ermi0\\flutter projects\\apps\\dataconnect": could not find dataconnect.yaml in `c:\Users\ermi0\flutter projects\apps\dataconnect`
 {"metadata":{"emulator":{"name":"dataconnect"},"message":"E0422 13:15:06.311052   23080 watch.go:40] Failed to load config from \"c:\\\\Users\\\\ermi0\\\\flutter projects\\\\apps\\\\dataconnect\": could not find dataconnect.yaml in `c:\\Users\\ermi0\\flutter projects\\apps\\dataconnect`\n"}}
[debug] [2026-04-22T10:15:16.311Z] E0422 13:15:16.310910   23080 watch.go:40] Failed to load config from "c:\\Users\\ermi0\\flutter projects\\apps\\dataconnect": could not find dataconnect.yaml in `c:\Users\ermi0\flutter projects\apps\dataconnect`
 {"metadata":{"emulator":{"name":"dataconnect"},"message":"E0422 13:15:16.310910   23080 watch.go:40] Failed to load config from \"c:\\\\Users\\\\ermi0\\\\flutter projects\\\\apps\\\\dataconnect\": could not find dataconnect.yaml in `c:\\Users\\ermi0\\flutter projects\\apps\\dataconnect`\n"}}
[debug] [2026-04-22T10:15:26.311Z] E0422 13:15:26.311317   23080 watch.go:40] Failed to load config from "c:\\Users\\ermi0\\flutter projects\\apps\\dataconnect": could not find dataconnect.yaml in `c:\Users\ermi0\flutter projects\apps\dataconnect`
 {"metadata":{"emulator":{"name":"dataconnect"},"message":"E0422 13:15:26.311317   23080 watch.go:40] Failed to load config from \"c:\\\\Users\\\\ermi0\\\\flutter projects\\\\apps\\\\dataconnect\": could not find dataconnect.yaml in `c:\\Users\\ermi0\\flutter projects\\apps\\dataconnect`\n"}}
[debug] [2026-04-22T10:15:36.311Z] E0422 13:15:36.311613   23080 watch.go:40] Failed to load config from "c:\\Users\\ermi0\\flutter projects\\apps\\dataconnect": could not find dataconnect.yaml in `c:\Users\ermi0\flutter projects\apps\dataconnect`
 {"metadata":{"emulator":{"name":"dataconnect"},"message":"E0422 13:15:36.311613   23080 watch.go:40] Failed to load config from \"c:\\\\Users\\\\ermi0\\\\flutter projects\\\\apps\\\\dataconnect\": could not find dataconnect.yaml in `c:\\Users\\ermi0\\flutter projects\\apps\\dataconnect`\n"}}
[debug] [2026-04-22T10:15:46.310Z] E0422 13:15:46.310639   23080 watch.go:40] Failed to load config from "c:\\Users\\ermi0\\flutter projects\\apps\\dataconnect": could not find dataconnect.yaml in `c:\Users\ermi0\flutter projects\apps\dataconnect`
 {"metadata":{"emulator":{"name":"dataconnect"},"message":"E0422 13:15:46.310639   23080 watch.go:40] Failed to load config from \"c:\\\\Users\\\\ermi0\\\\flutter projects\\\\apps\\\\dataconnect\": could not find dataconnect.yaml in `c:\\Users\\ermi0\\flutter projects\\apps\\dataconnect`\n"}}
[debug] [2026-04-22T10:15:56.310Z] E0422 13:15:56.310665   23080 watch.go:40] Failed to load config from "c:\\Users\\ermi0\\flutter projects\\apps\\dataconnect": could not find dataconnect.yaml in `c:\Users\ermi0\flutter projects\apps\dataconnect`
 {"metadata":{"emulator":{"name":"dataconnect"},"message":"E0422 13:15:56.310665   23080 watch.go:40] Failed to load config from \"c:\\\\Users\\\\ermi0\\\\flutter projects\\\\apps\\\\dataconnect\": could not find dataconnect.yaml in `c:\\Users\\ermi0\\flutter projects\\apps\\dataconnect`\n"}}
[debug] [2026-04-22T10:16:06.310Z] E0422 13:16:06.310563   23080 watch.go:40] Failed to load config from "c:\\Users\\ermi0\\flutter projects\\apps\\dataconnect": could not find dataconnect.yaml in `c:\Users\ermi0\flutter projects\apps\dataconnect`
 {"metadata":{"emulator":{"name":"dataconnect"},"message":"E0422 13:16:06.310563   23080 watch.go:40] Failed to load config from \"c:\\\\Users\\\\ermi0\\\\flutter projects\\\\apps\\\\dataconnect\": could not find dataconnect.yaml in `c:\\Users\\ermi0\\flutter projects\\apps\\dataconnect`\n"}}
[debug] [2026-04-22T10:16:16.311Z] E0422 13:16:16.310559   23080 watch.go:40] Failed to load config from "c:\\Users\\ermi0\\flutter projects\\apps\\dataconnect": could not find dataconnect.yaml in `c:\Users\ermi0\flutter projects\apps\dataconnect`
 {"metadata":{"emulator":{"name":"dataconnect"},"message":"E0422 13:16:16.310559   23080 watch.go:40] Failed to load config from \"c:\\\\Users\\\\ermi0\\\\flutter projects\\\\apps\\\\dataconnect\": could not find dataconnect.yaml in `c:\\Users\\ermi0\\flutter projects\\apps\\dataconnect`\n"}}
[debug] [2026-04-22T10:16:26.310Z] E0422 13:16:26.310512   23080 watch.go:40] Failed to load config from "c:\\Users\\ermi0\\flutter projects\\apps\\dataconnect": could not find dataconnect.yaml in `c:\Users\ermi0\flutter projects\apps\dataconnect`
 {"metadata":{"emulator":{"name":"dataconnect"},"message":"E0422 13:16:26.310512   23080 watch.go:40] Failed to load config from \"c:\\\\Users\\\\ermi0\\\\flutter projects\\\\apps\\\\dataconnect\": could not find dataconnect.yaml in `c:\\Users\\ermi0\\flutter projects\\apps\\dataconnect`\n"}}
[debug] [2026-04-22T10:16:36.310Z] E0422 13:16:36.310844   23080 watch.go:40] Failed to load config from "c:\\Users\\ermi0\\flutter projects\\apps\\dataconnect": could not find dataconnect.yaml in `c:\Users\ermi0\flutter projects\apps\dataconnect`
 {"metadata":{"emulator":{"name":"dataconnect"},"message":"E0422 13:16:36.310844   23080 watch.go:40] Failed to load config from \"c:\\\\Users\\\\ermi0\\\\flutter projects\\\\apps\\\\dataconnect\": could not find dataconnect.yaml in `c:\\Users\\ermi0\\flutter projects\\apps\\dataconnect`\n"}}
[debug] [2026-04-22T10:16:46.310Z] E0422 13:16:46.310895   23080 watch.go:40] Failed to load config from "c:\\Users\\ermi0\\flutter projects\\apps\\dataconnect": could not find dataconnect.yaml in `c:\Users\ermi0\flutter projects\apps\dataconnect`
 {"metadata":{"emulator":{"name":"dataconnect"},"message":"E0422 13:16:46.310895   23080 watch.go:40] Failed to load config from \"c:\\\\Users\\\\ermi0\\\\flutter projects\\\\apps\\\\dataconnect\": could not find dataconnect.yaml in `c:\\Users\\ermi0\\flutter projects\\apps\\dataconnect`\n"}}
[debug] [2026-04-22T10:16:56.315Z] E0422 13:16:56.315714   23080 watch.go:40] Failed to load config from "c:\\Users\\ermi0\\flutter projects\\apps\\dataconnect": could not find dataconnect.yaml in `c:\Users\ermi0\flutter projects\apps\dataconnect`
 {"metadata":{"emulator":{"name":"dataconnect"},"message":"E0422 13:16:56.315714   23080 watch.go:40] Failed to load config from \"c:\\\\Users\\\\ermi0\\\\flutter projects\\\\apps\\\\dataconnect\": could not find dataconnect.yaml in `c:\\Users\\ermi0\\flutter projects\\apps\\dataconnect`\n"}}
[debug] [2026-04-22T10:17:06.310Z] E0422 13:17:06.310616   23080 watch.go:40] Failed to load config from "c:\\Users\\ermi0\\flutter projects\\apps\\dataconnect": could not find dataconnect.yaml in `c:\Users\ermi0\flutter projects\apps\dataconnect`
 {"metadata":{"emulator":{"name":"dataconnect"},"message":"E0422 13:17:06.310616   23080 watch.go:40] Failed to load config from \"c:\\\\Users\\\\ermi0\\\\flutter projects\\\\apps\\\\dataconnect\": could not find dataconnect.yaml in `c:\\Users\\ermi0\\flutter projects\\apps\\dataconnect`\n"}}
[debug] [2026-04-22T10:17:16.310Z] E0422 13:17:16.310385   23080 watch.go:40] Failed to load config from "c:\\Users\\ermi0\\flutter projects\\apps\\dataconnect": could not find dataconnect.yaml in `c:\Users\ermi0\flutter projects\apps\dataconnect`
 {"metadata":{"emulator":{"name":"dataconnect"},"message":"E0422 13:17:16.310385   23080 watch.go:40] Failed to load config from \"c:\\\\Users\\\\ermi0\\\\flutter projects\\\\apps\\\\dataconnect\": could not find dataconnect.yaml in `c:\\Users\\ermi0\\flutter projects\\apps\\dataconnect`\n"}}
[debug] [2026-04-22T10:17:26.310Z] E0422 13:17:26.310441   23080 watch.go:40] Failed to load config from "c:\\Users\\ermi0\\flutter projects\\apps\\dataconnect": could not find dataconnect.yaml in `c:\Users\ermi0\flutter projects\apps\dataconnect`
 {"metadata":{"emulator":{"name":"dataconnect"},"message":"E0422 13:17:26.310441   23080 watch.go:40] Failed to load config from \"c:\\\\Users\\\\ermi0\\\\flutter projects\\\\apps\\\\dataconnect\": could not find dataconnect.yaml in `c:\\Users\\ermi0\\flutter projects\\apps\\dataconnect`\n"}}
[debug] [2026-04-22T10:17:36.312Z] E0422 13:17:36.312124   23080 watch.go:40] Failed to load config from "c:\\Users\\ermi0\\flutter projects\\apps\\dataconnect": could not find dataconnect.yaml in `c:\Users\ermi0\flutter projects\apps\dataconnect`
 {"metadata":{"emulator":{"name":"dataconnect"},"message":"E0422 13:17:36.312124   23080 watch.go:40] Failed to load config from \"c:\\\\Users\\\\ermi0\\\\flutter projects\\\\apps\\\\dataconnect\": could not find dataconnect.yaml in `c:\\Users\\ermi0\\flutter projects\\apps\\dataconnect`\n"}}
[debug] [2026-04-22T10:17:46.311Z] E0422 13:17:46.310815   23080 watch.go:40] Failed to load config from "c:\\Users\\ermi0\\flutter projects\\apps\\dataconnect": could not find dataconnect.yaml in `c:\Users\ermi0\flutter projects\apps\dataconnect`
 {"metadata":{"emulator":{"name":"dataconnect"},"message":"E0422 13:17:46.310815   23080 watch.go:40] Failed to load config from \"c:\\\\Users\\\\ermi0\\\\flutter projects\\\\apps\\\\dataconnect\": could not find dataconnect.yaml in `c:\\Users\\ermi0\\flutter projects\\apps\\dataconnect`\n"}}
[debug] [2026-04-22T10:17:56.311Z] E0422 13:17:56.310939   23080 watch.go:40] Failed to load config from "c:\\Users\\ermi0\\flutter projects\\apps\\dataconnect": could not find dataconnect.yaml in `c:\Users\ermi0\flutter projects\apps\dataconnect`
 {"metadata":{"emulator":{"name":"dataconnect"},"message":"E0422 13:17:56.310939   23080 watch.go:40] Failed to load config from \"c:\\\\Users\\\\ermi0\\\\flutter projects\\\\apps\\\\dataconnect\": could not find dataconnect.yaml in `c:\\Users\\ermi0\\flutter projects\\apps\\dataconnect`\n"}}
[debug] [2026-04-22T10:18:06.310Z] E0422 13:18:06.310502   23080 watch.go:40] Failed to load config from "c:\\Users\\ermi0\\flutter projects\\apps\\dataconnect": could not find dataconnect.yaml in `c:\Users\ermi0\flutter projects\apps\dataconnect`
 {"metadata":{"emulator":{"name":"dataconnect"},"message":"E0422 13:18:06.310502   23080 watch.go:40] Failed to load config from \"c:\\\\Users\\\\ermi0\\\\flutter projects\\\\apps\\\\dataconnect\": could not find dataconnect.yaml in `c:\\Users\\ermi0\\flutter projects\\apps\\dataconnect`\n"}}
[debug] [2026-04-22T10:18:16.310Z] E0422 13:18:16.310835   23080 watch.go:40] Failed to load config from "c:\\Users\\ermi0\\flutter projects\\apps\\dataconnect": could not find dataconnect.yaml in `c:\Users\ermi0\flutter projects\apps\dataconnect`
 {"metadata":{"emulator":{"name":"dataconnect"},"message":"E0422 13:18:16.310835   23080 watch.go:40] Failed to load config from \"c:\\\\Users\\\\ermi0\\\\flutter projects\\\\apps\\\\dataconnect\": could not find dataconnect.yaml in `c:\\Users\\ermi0\\flutter projects\\apps\\dataconnect`\n"}}
[debug] [2026-04-22T10:18:26.310Z] E0422 13:18:26.310590   23080 watch.go:40] Failed to load config from "c:\\Users\\ermi0\\flutter projects\\apps\\dataconnect": could not find dataconnect.yaml in `c:\Users\ermi0\flutter projects\apps\dataconnect`
 {"metadata":{"emulator":{"name":"dataconnect"},"message":"E0422 13:18:26.310590   23080 watch.go:40] Failed to load config from \"c:\\\\Users\\\\ermi0\\\\flutter projects\\\\apps\\\\dataconnect\": could not find dataconnect.yaml in `c:\\Users\\ermi0\\flutter projects\\apps\\dataconnect`\n"}}
[debug] [2026-04-22T10:18:36.311Z] E0422 13:18:36.311325   23080 watch.go:40] Failed to load config from "c:\\Users\\ermi0\\flutter projects\\apps\\dataconnect": could not find dataconnect.yaml in `c:\Users\ermi0\flutter projects\apps\dataconnect`
 {"metadata":{"emulator":{"name":"dataconnect"},"message":"E0422 13:18:36.311325   23080 watch.go:40] Failed to load config from \"c:\\\\Users\\\\ermi0\\\\flutter projects\\\\apps\\\\dataconnect\": could not find dataconnect.yaml in `c:\\Users\\ermi0\\flutter projects\\apps\\dataconnect`\n"}}
[debug] [2026-04-22T10:18:46.310Z] E0422 13:18:46.310584   23080 watch.go:40] Failed to load config from "c:\\Users\\ermi0\\flutter projects\\apps\\dataconnect": could not find dataconnect.yaml in `c:\Users\ermi0\flutter projects\apps\dataconnect`
 {"metadata":{"emulator":{"name":"dataconnect"},"message":"E0422 13:18:46.310584   23080 watch.go:40] Failed to load config from \"c:\\\\Users\\\\ermi0\\\\flutter projects\\\\apps\\\\dataconnect\": could not find dataconnect.yaml in `c:\\Users\\ermi0\\flutter projects\\apps\\dataconnect`\n"}}
[debug] [2026-04-22T10:18:56.310Z] E0422 13:18:56.310408   23080 watch.go:40] Failed to load config from "c:\\Users\\ermi0\\flutter projects\\apps\\dataconnect": could not find dataconnect.yaml in `c:\Users\ermi0\flutter projects\apps\dataconnect`
 {"metadata":{"emulator":{"name":"dataconnect"},"message":"E0422 13:18:56.310408   23080 watch.go:40] Failed to load config from \"c:\\\\Users\\\\ermi0\\\\flutter projects\\\\apps\\\\dataconnect\": could not find dataconnect.yaml in `c:\\Users\\ermi0\\flutter projects\\apps\\dataconnect`\n"}}
[debug] [2026-04-22T10:19:06.316Z] E0422 13:19:06.316324   23080 watch.go:40] Failed to load config from "c:\\Users\\ermi0\\flutter projects\\apps\\dataconnect": could not find dataconnect.yaml in `c:\Users\ermi0\flutter projects\apps\dataconnect`
 {"metadata":{"emulator":{"name":"dataconnect"},"message":"E0422 13:19:06.316324   23080 watch.go:40] Failed to load config from \"c:\\\\Users\\\\ermi0\\\\flutter projects\\\\apps\\\\dataconnect\": could not find dataconnect.yaml in `c:\\Users\\ermi0\\flutter projects\\apps\\dataconnect`\n"}}
[debug] [2026-04-22T10:19:16.311Z] E0422 13:19:16.310395   23080 watch.go:40] Failed to load config from "c:\\Users\\ermi0\\flutter projects\\apps\\dataconnect": could not find dataconnect.yaml in `c:\Users\ermi0\flutter projects\apps\dataconnect`
 {"metadata":{"emulator":{"name":"dataconnect"},"message":"E0422 13:19:16.310395   23080 watch.go:40] Failed to load config from \"c:\\\\Users\\\\ermi0\\\\flutter projects\\\\apps\\\\dataconnect\": could not find dataconnect.yaml in `c:\\Users\\ermi0\\flutter projects\\apps\\dataconnect`\n"}}
[debug] [2026-04-22T10:19:26.311Z] E0422 13:19:26.310236   23080 watch.go:40] Failed to load config from "c:\\Users\\ermi0\\flutter projects\\apps\\dataconnect": could not find dataconnect.yaml in `c:\Users\ermi0\flutter projects\apps\dataconnect`
 {"metadata":{"emulator":{"name":"dataconnect"},"message":"E0422 13:19:26.310236   23080 watch.go:40] Failed to load config from \"c:\\\\Users\\\\ermi0\\\\flutter projects\\\\apps\\\\dataconnect\": could not find dataconnect.yaml in `c:\\Users\\ermi0\\flutter projects\\apps\\dataconnect`\n"}}
[debug] [2026-04-22T10:19:36.310Z] E0422 13:19:36.310090   23080 watch.go:40] Failed to load config from "c:\\Users\\ermi0\\flutter projects\\apps\\dataconnect": could not find dataconnect.yaml in `c:\Users\ermi0\flutter projects\apps\dataconnect`
 {"metadata":{"emulator":{"name":"dataconnect"},"message":"E0422 13:19:36.310090   23080 watch.go:40] Failed to load config from \"c:\\\\Users\\\\ermi0\\\\flutter projects\\\\apps\\\\dataconnect\": could not find dataconnect.yaml in `c:\\Users\\ermi0\\flutter projects\\apps\\dataconnect`\n"}}
[debug] [2026-04-22T10:19:46.310Z] E0422 13:19:46.310264   23080 watch.go:40] Failed to load config from "c:\\Users\\ermi0\\flutter projects\\apps\\dataconnect": could not find dataconnect.yaml in `c:\Users\ermi0\flutter projects\apps\dataconnect`
 {"metadata":{"emulator":{"name":"dataconnect"},"message":"E0422 13:19:46.310264   23080 watch.go:40] Failed to load config from \"c:\\\\Users\\\\ermi0\\\\flutter projects\\\\apps\\\\dataconnect\": could not find dataconnect.yaml in `c:\\Users\\ermi0\\flutter projects\\apps\\dataconnect`\n"}}
[debug] [2026-04-22T10:19:56.311Z] E0422 13:19:56.310393   23080 watch.go:40] Failed to load config from "c:\\Users\\ermi0\\flutter projects\\apps\\dataconnect": could not find dataconnect.yaml in `c:\Users\ermi0\flutter projects\apps\dataconnect`
 {"metadata":{"emulator":{"name":"dataconnect"},"message":"E0422 13:19:56.310393   23080 watch.go:40] Failed to load config from \"c:\\\\Users\\\\ermi0\\\\flutter projects\\\\apps\\\\dataconnect\": could not find dataconnect.yaml in `c:\\Users\\ermi0\\flutter projects\\apps\\dataconnect`\n"}}
[debug] [2026-04-22T10:20:06.311Z] E0422 13:20:06.311155   23080 watch.go:40] Failed to load config from "c:\\Users\\ermi0\\flutter projects\\apps\\dataconnect": could not find dataconnect.yaml in `c:\Users\ermi0\flutter projects\apps\dataconnect`
 {"metadata":{"emulator":{"name":"dataconnect"},"message":"E0422 13:20:06.311155   23080 watch.go:40] Failed to load config from \"c:\\\\Users\\\\ermi0\\\\flutter projects\\\\apps\\\\dataconnect\": could not find dataconnect.yaml in `c:\\Users\\ermi0\\flutter projects\\apps\\dataconnect`\n"}}
[debug] [2026-04-22T10:20:16.311Z] E0422 13:20:16.310661   23080 watch.go:40] Failed to load config from "c:\\Users\\ermi0\\flutter projects\\apps\\dataconnect": could not find dataconnect.yaml in `c:\Users\ermi0\flutter projects\apps\dataconnect`
 {"metadata":{"emulator":{"name":"dataconnect"},"message":"E0422 13:20:16.310661   23080 watch.go:40] Failed to load config from \"c:\\\\Users\\\\ermi0\\\\flutter projects\\\\apps\\\\dataconnect\": could not find dataconnect.yaml in `c:\\Users\\ermi0\\flutter projects\\apps\\dataconnect`\n"}}
[debug] [2026-04-22T10:20:26.310Z] E0422 13:20:26.310322   23080 watch.go:40] Failed to load config from "c:\\Users\\ermi0\\flutter projects\\apps\\dataconnect": could not find dataconnect.yaml in `c:\Users\ermi0\flutter projects\apps\dataconnect`
 {"metadata":{"emulator":{"name":"dataconnect"},"message":"E0422 13:20:26.310322   23080 watch.go:40] Failed to load config from \"c:\\\\Users\\\\ermi0\\\\flutter projects\\\\apps\\\\dataconnect\": could not find dataconnect.yaml in `c:\\Users\\ermi0\\flutter projects\\apps\\dataconnect`\n"}}
[debug] [2026-04-22T10:20:36.311Z] E0422 13:20:36.310638   23080 watch.go:40] Failed to load config from "c:\\Users\\ermi0\\flutter projects\\apps\\dataconnect": could not find dataconnect.yaml in `c:\Users\ermi0\flutter projects\apps\dataconnect`
 {"metadata":{"emulator":{"name":"dataconnect"},"message":"E0422 13:20:36.310638   23080 watch.go:40] Failed to load config from \"c:\\\\Users\\\\ermi0\\\\flutter projects\\\\apps\\\\dataconnect\": could not find dataconnect.yaml in `c:\\Users\\ermi0\\flutter projects\\apps\\dataconnect`\n"}}
[debug] [2026-04-22T10:20:46.311Z] E0422 13:20:46.310984   23080 watch.go:40] Failed to load config from "c:\\Users\\ermi0\\flutter projects\\apps\\dataconnect": could not find dataconnect.yaml in `c:\Users\ermi0\flutter projects\apps\dataconnect`
 {"metadata":{"emulator":{"name":"dataconnect"},"message":"E0422 13:20:46.310984   23080 watch.go:40] Failed to load config from \"c:\\\\Users\\\\ermi0\\\\flutter projects\\\\apps\\\\dataconnect\": could not find dataconnect.yaml in `c:\\Users\\ermi0\\flutter projects\\apps\\dataconnect`\n"}}
[debug] [2026-04-22T10:20:56.310Z] E0422 13:20:56.310230   23080 watch.go:40] Failed to load config from "c:\\Users\\ermi0\\flutter projects\\apps\\dataconnect": could not find dataconnect.yaml in `c:\Users\ermi0\flutter projects\apps\dataconnect`
 {"metadata":{"emulator":{"name":"dataconnect"},"message":"E0422 13:20:56.310230   23080 watch.go:40] Failed to load config from \"c:\\\\Users\\\\ermi0\\\\flutter projects\\\\apps\\\\dataconnect\": could not find dataconnect.yaml in `c:\\Users\\ermi0\\flutter projects\\apps\\dataconnect`\n"}}
[debug] [2026-04-22T10:21:06.311Z] E0422 13:21:06.310793   23080 watch.go:40] Failed to load config from "c:\\Users\\ermi0\\flutter projects\\apps\\dataconnect": could not find dataconnect.yaml in `c:\Users\ermi0\flutter projects\apps\dataconnect`
 {"metadata":{"emulator":{"name":"dataconnect"},"message":"E0422 13:21:06.310793   23080 watch.go:40] Failed to load config from \"c:\\\\Users\\\\ermi0\\\\flutter projects\\\\apps\\\\dataconnect\": could not find dataconnect.yaml in `c:\\Users\\ermi0\\flutter projects\\apps\\dataconnect`\n"}}
[debug] [2026-04-22T10:21:16.311Z] E0422 13:21:16.310656   23080 watch.go:40] Failed to load config from "c:\\Users\\ermi0\\flutter projects\\apps\\dataconnect": could not find dataconnect.yaml in `c:\Users\ermi0\flutter projects\apps\dataconnect`
 {"metadata":{"emulator":{"name":"dataconnect"},"message":"E0422 13:21:16.310656   23080 watch.go:40] Failed to load config from \"c:\\\\Users\\\\ermi0\\\\flutter projects\\\\apps\\\\dataconnect\": could not find dataconnect.yaml in `c:\\Users\\ermi0\\flutter projects\\apps\\dataconnect`\n"}}
[debug] [2026-04-22T10:21:26.310Z] E0422 13:21:26.310435   23080 watch.go:40] Failed to load config from "c:\\Users\\ermi0\\flutter projects\\apps\\dataconnect": could not find dataconnect.yaml in `c:\Users\ermi0\flutter projects\apps\dataconnect`
 {"metadata":{"emulator":{"name":"dataconnect"},"message":"E0422 13:21:26.310435   23080 watch.go:40] Failed to load config from \"c:\\\\Users\\\\ermi0\\\\flutter projects\\\\apps\\\\dataconnect\": could not find dataconnect.yaml in `c:\\Users\\ermi0\\flutter projects\\apps\\dataconnect`\n"}}
[debug] [2026-04-22T10:21:36.310Z] E0422 13:21:36.310384   23080 watch.go:40] Failed to load config from "c:\\Users\\ermi0\\flutter projects\\apps\\dataconnect": could not find dataconnect.yaml in `c:\Users\ermi0\flutter projects\apps\dataconnect`
 {"metadata":{"emulator":{"name":"dataconnect"},"message":"E0422 13:21:36.310384   23080 watch.go:40] Failed to load config from \"c:\\\\Users\\\\ermi0\\\\flutter projects\\\\apps\\\\dataconnect\": could not find dataconnect.yaml in `c:\\Users\\ermi0\\flutter projects\\apps\\dataconnect`\n"}}
[debug] [2026-04-22T10:21:46.310Z] E0422 13:21:46.310596   23080 watch.go:40] Failed to load config from "c:\\Users\\ermi0\\flutter projects\\apps\\dataconnect": could not find dataconnect.yaml in `c:\Users\ermi0\flutter projects\apps\dataconnect`
 {"metadata":{"emulator":{"name":"dataconnect"},"message":"E0422 13:21:46.310596   23080 watch.go:40] Failed to load config from \"c:\\\\Users\\\\ermi0\\\\flutter projects\\\\apps\\\\dataconnect\": could not find dataconnect.yaml in `c:\\Users\\ermi0\\flutter projects\\apps\\dataconnect`\n"}}
[debug] [2026-04-22T10:21:56.311Z] E0422 13:21:56.310780   23080 watch.go:40] Failed to load config from "c:\\Users\\ermi0\\flutter projects\\apps\\dataconnect": could not find dataconnect.yaml in `c:\Users\ermi0\flutter projects\apps\dataconnect`
 {"metadata":{"emulator":{"name":"dataconnect"},"message":"E0422 13:21:56.310780   23080 watch.go:40] Failed to load config from \"c:\\\\Users\\\\ermi0\\\\flutter projects\\\\apps\\\\dataconnect\": could not find dataconnect.yaml in `c:\\Users\\ermi0\\flutter projects\\apps\\dataconnect`\n"}}
[debug] [2026-04-22T10:22:06.311Z] E0422 13:22:06.310456   23080 watch.go:40] Failed to load config from "c:\\Users\\ermi0\\flutter projects\\apps\\dataconnect": could not find dataconnect.yaml in `c:\Users\ermi0\flutter projects\apps\dataconnect`
 {"metadata":{"emulator":{"name":"dataconnect"},"message":"E0422 13:22:06.310456   23080 watch.go:40] Failed to load config from \"c:\\\\Users\\\\ermi0\\\\flutter projects\\\\apps\\\\dataconnect\": could not find dataconnect.yaml in `c:\\Users\\ermi0\\flutter projects\\apps\\dataconnect`\n"}}
[debug] [2026-04-22T10:22:16.311Z] E0422 13:22:16.311017   23080 watch.go:40] Failed to load config from "c:\\Users\\ermi0\\flutter projects\\apps\\dataconnect": could not find dataconnect.yaml in `c:\Users\ermi0\flutter projects\apps\dataconnect`
 {"metadata":{"emulator":{"name":"dataconnect"},"message":"E0422 13:22:16.311017   23080 watch.go:40] Failed to load config from \"c:\\\\Users\\\\ermi0\\\\flutter projects\\\\apps\\\\dataconnect\": could not find dataconnect.yaml in `c:\\Users\\ermi0\\flutter projects\\apps\\dataconnect`\n"}}
[debug] [2026-04-22T10:22:26.310Z] E0422 13:22:26.310396   23080 watch.go:40] Failed to load config from "c:\\Users\\ermi0\\flutter projects\\apps\\dataconnect": could not find dataconnect.yaml in `c:\Users\ermi0\flutter projects\apps\dataconnect`
 {"metadata":{"emulator":{"name":"dataconnect"},"message":"E0422 13:22:26.310396   23080 watch.go:40] Failed to load config from \"c:\\\\Users\\\\ermi0\\\\flutter projects\\\\apps\\\\dataconnect\": could not find dataconnect.yaml in `c:\\Users\\ermi0\\flutter projects\\apps\\dataconnect`\n"}}
[debug] [2026-04-22T10:22:36.311Z] E0422 13:22:36.310474   23080 watch.go:40] Failed to load config from "c:\\Users\\ermi0\\flutter projects\\apps\\dataconnect": could not find dataconnect.yaml in `c:\Users\ermi0\flutter projects\apps\dataconnect`
 {"metadata":{"emulator":{"name":"dataconnect"},"message":"E0422 13:22:36.310474   23080 watch.go:40] Failed to load config from \"c:\\\\Users\\\\ermi0\\\\flutter projects\\\\apps\\\\dataconnect\": could not find dataconnect.yaml in `c:\\Users\\ermi0\\flutter projects\\apps\\dataconnect`\n"}}
[debug] [2026-04-22T10:22:46.311Z] E0422 13:22:46.310856   23080 watch.go:40] Failed to load config from "c:\\Users\\ermi0\\flutter projects\\apps\\dataconnect": could not find dataconnect.yaml in `c:\Users\ermi0\flutter projects\apps\dataconnect`
 {"metadata":{"emulator":{"name":"dataconnect"},"message":"E0422 13:22:46.310856   23080 watch.go:40] Failed to load config from \"c:\\\\Users\\\\ermi0\\\\flutter projects\\\\apps\\\\dataconnect\": could not find dataconnect.yaml in `c:\\Users\\ermi0\\flutter projects\\apps\\dataconnect`\n"}}
[debug] [2026-04-22T10:22:56.311Z] E0422 13:22:56.310631   23080 watch.go:40] Failed to load config from "c:\\Users\\ermi0\\flutter projects\\apps\\dataconnect": could not find dataconnect.yaml in `c:\Users\ermi0\flutter projects\apps\dataconnect`
 {"metadata":{"emulator":{"name":"dataconnect"},"message":"E0422 13:22:56.310631   23080 watch.go:40] Failed to load config from \"c:\\\\Users\\\\ermi0\\\\flutter projects\\\\apps\\\\dataconnect\": could not find dataconnect.yaml in `c:\\Users\\ermi0\\flutter projects\\apps\\dataconnect`\n"}}
[debug] [2026-04-22T10:23:06.310Z] E0422 13:23:06.310574   23080 watch.go:40] Failed to load config from "c:\\Users\\ermi0\\flutter projects\\apps\\dataconnect": could not find dataconnect.yaml in `c:\Users\ermi0\flutter projects\apps\dataconnect`
 {"metadata":{"emulator":{"name":"dataconnect"},"message":"E0422 13:23:06.310574   23080 watch.go:40] Failed to load config from \"c:\\\\Users\\\\ermi0\\\\flutter projects\\\\apps\\\\dataconnect\": could not find dataconnect.yaml in `c:\\Users\\ermi0\\flutter projects\\apps\\dataconnect`\n"}}
[debug] [2026-04-22T10:23:16.311Z] E0422 13:23:16.310652   23080 watch.go:40] Failed to load config from "c:\\Users\\ermi0\\flutter projects\\apps\\dataconnect": could not find dataconnect.yaml in `c:\Users\ermi0\flutter projects\apps\dataconnect`
 {"metadata":{"emulator":{"name":"dataconnect"},"message":"E0422 13:23:16.310652   23080 watch.go:40] Failed to load config from \"c:\\\\Users\\\\ermi0\\\\flutter projects\\\\apps\\\\dataconnect\": could not find dataconnect.yaml in `c:\\Users\\ermi0\\flutter projects\\apps\\dataconnect`\n"}}
[debug] [2026-04-22T10:23:26.311Z] E0422 13:23:26.310729   23080 watch.go:40] Failed to load config from "c:\\Users\\ermi0\\flutter projects\\apps\\dataconnect": could not find dataconnect.yaml in `c:\Users\ermi0\flutter projects\apps\dataconnect`
 {"metadata":{"emulator":{"name":"dataconnect"},"message":"E0422 13:23:26.310729   23080 watch.go:40] Failed to load config from \"c:\\\\Users\\\\ermi0\\\\flutter projects\\\\apps\\\\dataconnect\": could not find dataconnect.yaml in `c:\\Users\\ermi0\\flutter projects\\apps\\dataconnect`\n"}}
[debug] [2026-04-22T10:23:36.310Z] E0422 13:23:36.310577   23080 watch.go:40] Failed to load config from "c:\\Users\\ermi0\\flutter projects\\apps\\dataconnect": could not find dataconnect.yaml in `c:\Users\ermi0\flutter projects\apps\dataconnect`
 {"metadata":{"emulator":{"name":"dataconnect"},"message":"E0422 13:23:36.310577   23080 watch.go:40] Failed to load config from \"c:\\\\Users\\\\ermi0\\\\flutter projects\\\\apps\\\\dataconnect\": could not find dataconnect.yaml in `c:\\Users\\ermi0\\flutter projects\\apps\\dataconnect`\n"}}
[debug] [2026-04-22T10:23:46.311Z] E0422 13:23:46.310894   23080 watch.go:40] Failed to load config from "c:\\Users\\ermi0\\flutter projects\\apps\\dataconnect": could not find dataconnect.yaml in `c:\Users\ermi0\flutter projects\apps\dataconnect`
 {"metadata":{"emulator":{"name":"dataconnect"},"message":"E0422 13:23:46.310894   23080 watch.go:40] Failed to load config from \"c:\\\\Users\\\\ermi0\\\\flutter projects\\\\apps\\\\dataconnect\": could not find dataconnect.yaml in `c:\\Users\\ermi0\\flutter projects\\apps\\dataconnect`\n"}}
[debug] [2026-04-22T10:23:56.310Z] E0422 13:23:56.310254   23080 watch.go:40] Failed to load config from "c:\\Users\\ermi0\\flutter projects\\apps\\dataconnect": could not find dataconnect.yaml in `c:\Users\ermi0\flutter projects\apps\dataconnect`
 {"metadata":{"emulator":{"name":"dataconnect"},"message":"E0422 13:23:56.310254   23080 watch.go:40] Failed to load config from \"c:\\\\Users\\\\ermi0\\\\flutter projects\\\\apps\\\\dataconnect\": could not find dataconnect.yaml in `c:\\Users\\ermi0\\flutter projects\\apps\\dataconnect`\n"}}
[debug] [2026-04-22T10:24:06.310Z] E0422 13:24:06.310303   23080 watch.go:40] Failed to load config from "c:\\Users\\ermi0\\flutter projects\\apps\\dataconnect": could not find dataconnect.yaml in `c:\Users\ermi0\flutter projects\apps\dataconnect`
 {"metadata":{"emulator":{"name":"dataconnect"},"message":"E0422 13:24:06.310303   23080 watch.go:40] Failed to load config from \"c:\\\\Users\\\\ermi0\\\\flutter projects\\\\apps\\\\dataconnect\": could not find dataconnect.yaml in `c:\\Users\\ermi0\\flutter projects\\apps\\dataconnect`\n"}}
[debug] [2026-04-22T10:24:16.310Z] E0422 13:24:16.310395   23080 watch.go:40] Failed to load config from "c:\\Users\\ermi0\\flutter projects\\apps\\dataconnect": could not find dataconnect.yaml in `c:\Users\ermi0\flutter projects\apps\dataconnect`
 {"metadata":{"emulator":{"name":"dataconnect"},"message":"E0422 13:24:16.310395   23080 watch.go:40] Failed to load config from \"c:\\\\Users\\\\ermi0\\\\flutter projects\\\\apps\\\\dataconnect\": could not find dataconnect.yaml in `c:\\Users\\ermi0\\flutter projects\\apps\\dataconnect`\n"}}
[debug] [2026-04-22T10:24:26.310Z] E0422 13:24:26.310400   23080 watch.go:40] Failed to load config from "c:\\Users\\ermi0\\flutter projects\\apps\\dataconnect": could not find dataconnect.yaml in `c:\Users\ermi0\flutter projects\apps\dataconnect`
 {"metadata":{"emulator":{"name":"dataconnect"},"message":"E0422 13:24:26.310400   23080 watch.go:40] Failed to load config from \"c:\\\\Users\\\\ermi0\\\\flutter projects\\\\apps\\\\dataconnect\": could not find dataconnect.yaml in `c:\\Users\\ermi0\\flutter projects\\apps\\dataconnect`\n"}}
[debug] [2026-04-22T10:24:36.310Z] E0422 13:24:36.310578   23080 watch.go:40] Failed to load config from "c:\\Users\\ermi0\\flutter projects\\apps\\dataconnect": could not find dataconnect.yaml in `c:\Users\ermi0\flutter projects\apps\dataconnect`
 {"metadata":{"emulator":{"name":"dataconnect"},"message":"E0422 13:24:36.310578   23080 watch.go:40] Failed to load config from \"c:\\\\Users\\\\ermi0\\\\flutter projects\\\\apps\\\\dataconnect\": could not find dataconnect.yaml in `c:\\Users\\ermi0\\flutter projects\\apps\\dataconnect`\n"}}
[debug] [2026-04-22T10:24:46.311Z] E0422 13:24:46.311244   23080 watch.go:40] Failed to load config from "c:\\Users\\ermi0\\flutter projects\\apps\\dataconnect": could not find dataconnect.yaml in `c:\Users\ermi0\flutter projects\apps\dataconnect`
 {"metadata":{"emulator":{"name":"dataconnect"},"message":"E0422 13:24:46.311244   23080 watch.go:40] Failed to load config from \"c:\\\\Users\\\\ermi0\\\\flutter projects\\\\apps\\\\dataconnect\": could not find dataconnect.yaml in `c:\\Users\\ermi0\\flutter projects\\apps\\dataconnect`\n"}}
[debug] [2026-04-22T10:24:56.310Z] E0422 13:24:56.310508   23080 watch.go:40] Failed to load config from "c:\\Users\\ermi0\\flutter projects\\apps\\dataconnect": could not find dataconnect.yaml in `c:\Users\ermi0\flutter projects\apps\dataconnect`
 {"metadata":{"emulator":{"name":"dataconnect"},"message":"E0422 13:24:56.310508   23080 watch.go:40] Failed to load config from \"c:\\\\Users\\\\ermi0\\\\flutter projects\\\\apps\\\\dataconnect\": could not find dataconnect.yaml in `c:\\Users\\ermi0\\flutter projects\\apps\\dataconnect`\n"}}
[debug] [2026-04-22T10:25:06.310Z] E0422 13:25:06.310607   23080 watch.go:40] Failed to load config from "c:\\Users\\ermi0\\flutter projects\\apps\\dataconnect": could not find dataconnect.yaml in `c:\Users\ermi0\flutter projects\apps\dataconnect`
 {"metadata":{"emulator":{"name":"dataconnect"},"message":"E0422 13:25:06.310607   23080 watch.go:40] Failed to load config from \"c:\\\\Users\\\\ermi0\\\\flutter projects\\\\apps\\\\dataconnect\": could not find dataconnect.yaml in `c:\\Users\\ermi0\\flutter projects\\apps\\dataconnect`\n"}}
[debug] [2026-04-22T10:25:16.312Z] E0422 13:25:16.312532   23080 watch.go:40] Failed to load config from "c:\\Users\\ermi0\\flutter projects\\apps\\dataconnect": could not find dataconnect.yaml in `c:\Users\ermi0\flutter projects\apps\dataconnect`
 {"metadata":{"emulator":{"name":"dataconnect"},"message":"E0422 13:25:16.312532   23080 watch.go:40] Failed to load config from \"c:\\\\Users\\\\ermi0\\\\flutter projects\\\\apps\\\\dataconnect\": could not find dataconnect.yaml in `c:\\Users\\ermi0\\flutter projects\\apps\\dataconnect`\n"}}
[debug] [2026-04-22T10:25:26.311Z] E0422 13:25:26.311385   23080 watch.go:40] Failed to load config from "c:\\Users\\ermi0\\flutter projects\\apps\\dataconnect": could not find dataconnect.yaml in `c:\Users\ermi0\flutter projects\apps\dataconnect`
 {"metadata":{"emulator":{"name":"dataconnect"},"message":"E0422 13:25:26.311385   23080 watch.go:40] Failed to load config from \"c:\\\\Users\\\\ermi0\\\\flutter projects\\\\apps\\\\dataconnect\": could not find dataconnect.yaml in `c:\\Users\\ermi0\\flutter projects\\apps\\dataconnect`\n"}}
[debug] [2026-04-22T10:25:36.310Z] E0422 13:25:36.310261   23080 watch.go:40] Failed to load config from "c:\\Users\\ermi0\\flutter projects\\apps\\dataconnect": could not find dataconnect.yaml in `c:\Users\ermi0\flutter projects\apps\dataconnect`
 {"metadata":{"emulator":{"name":"dataconnect"},"message":"E0422 13:25:36.310261   23080 watch.go:40] Failed to load config from \"c:\\\\Users\\\\ermi0\\\\flutter projects\\\\apps\\\\dataconnect\": could not find dataconnect.yaml in `c:\\Users\\ermi0\\flutter projects\\apps\\dataconnect`\n"}}
[debug] [2026-04-22T10:25:46.311Z] E0422 13:25:46.311206   23080 watch.go:40] Failed to load config from "c:\\Users\\ermi0\\flutter projects\\apps\\dataconnect": could not find dataconnect.yaml in `c:\Users\ermi0\flutter projects\apps\dataconnect`
 {"metadata":{"emulator":{"name":"dataconnect"},"message":"E0422 13:25:46.311206   23080 watch.go:40] Failed to load config from \"c:\\\\Users\\\\ermi0\\\\flutter projects\\\\apps\\\\dataconnect\": could not find dataconnect.yaml in `c:\\Users\\ermi0\\flutter projects\\apps\\dataconnect`\n"}}
[debug] [2026-04-22T10:25:56.311Z] E0422 13:25:56.311413   23080 watch.go:40] Failed to load config from "c:\\Users\\ermi0\\flutter projects\\apps\\dataconnect": could not find dataconnect.yaml in `c:\Users\ermi0\flutter projects\apps\dataconnect`
 {"metadata":{"emulator":{"name":"dataconnect"},"message":"E0422 13:25:56.311413   23080 watch.go:40] Failed to load config from \"c:\\\\Users\\\\ermi0\\\\flutter projects\\\\apps\\\\dataconnect\": could not find dataconnect.yaml in `c:\\Users\\ermi0\\flutter projects\\apps\\dataconnect`\n"}}
[debug] [2026-04-22T10:26:06.311Z] E0422 13:26:06.310819   23080 watch.go:40] Failed to load config from "c:\\Users\\ermi0\\flutter projects\\apps\\dataconnect": could not find dataconnect.yaml in `c:\Users\ermi0\flutter projects\apps\dataconnect`
 {"metadata":{"emulator":{"name":"dataconnect"},"message":"E0422 13:26:06.310819   23080 watch.go:40] Failed to load config from \"c:\\\\Users\\\\ermi0\\\\flutter projects\\\\apps\\\\dataconnect\": could not find dataconnect.yaml in `c:\\Users\\ermi0\\flutter projects\\apps\\dataconnect`\n"}}
[debug] [2026-04-22T10:26:16.310Z] E0422 13:26:16.310376   23080 watch.go:40] Failed to load config from "c:\\Users\\ermi0\\flutter projects\\apps\\dataconnect": could not find dataconnect.yaml in `c:\Users\ermi0\flutter projects\apps\dataconnect`
 {"metadata":{"emulator":{"name":"dataconnect"},"message":"E0422 13:26:16.310376   23080 watch.go:40] Failed to load config from \"c:\\\\Users\\\\ermi0\\\\flutter projects\\\\apps\\\\dataconnect\": could not find dataconnect.yaml in `c:\\Users\\ermi0\\flutter projects\\apps\\dataconnect`\n"}}
[debug] [2026-04-22T10:26:26.310Z] E0422 13:26:26.310496   23080 watch.go:40] Failed to load config from "c:\\Users\\ermi0\\flutter projects\\apps\\dataconnect": could not find dataconnect.yaml in `c:\Users\ermi0\flutter projects\apps\dataconnect`
 {"metadata":{"emulator":{"name":"dataconnect"},"message":"E0422 13:26:26.310496   23080 watch.go:40] Failed to load config from \"c:\\\\Users\\\\ermi0\\\\flutter projects\\\\apps\\\\dataconnect\": could not find dataconnect.yaml in `c:\\Users\\ermi0\\flutter projects\\apps\\dataconnect`\n"}}
[debug] [2026-04-22T10:26:36.311Z] E0422 13:26:36.311121   23080 watch.go:40] Failed to load config from "c:\\Users\\ermi0\\flutter projects\\apps\\dataconnect": could not find dataconnect.yaml in `c:\Users\ermi0\flutter projects\apps\dataconnect`
 {"metadata":{"emulator":{"name":"dataconnect"},"message":"E0422 13:26:36.311121   23080 watch.go:40] Failed to load config from \"c:\\\\Users\\\\ermi0\\\\flutter projects\\\\apps\\\\dataconnect\": could not find dataconnect.yaml in `c:\\Users\\ermi0\\flutter projects\\apps\\dataconnect`\n"}}
[debug] [2026-04-22T10:26:46.311Z] E0422 13:26:46.311289   23080 watch.go:40] Failed to load config from "c:\\Users\\ermi0\\flutter projects\\apps\\dataconnect": could not find dataconnect.yaml in `c:\Users\ermi0\flutter projects\apps\dataconnect`
 {"metadata":{"emulator":{"name":"dataconnect"},"message":"E0422 13:26:46.311289   23080 watch.go:40] Failed to load config from \"c:\\\\Users\\\\ermi0\\\\flutter projects\\\\apps\\\\dataconnect\": could not find dataconnect.yaml in `c:\\Users\\ermi0\\flutter projects\\apps\\dataconnect`\n"}}
[debug] [2026-04-22T10:26:56.311Z] E0422 13:26:56.310732   23080 watch.go:40] Failed to load config from "c:\\Users\\ermi0\\flutter projects\\apps\\dataconnect": could not find dataconnect.yaml in `c:\Users\ermi0\flutter projects\apps\dataconnect`
 {"metadata":{"emulator":{"name":"dataconnect"},"message":"E0422 13:26:56.310732   23080 watch.go:40] Failed to load config from \"c:\\\\Users\\\\ermi0\\\\flutter projects\\\\apps\\\\dataconnect\": could not find dataconnect.yaml in `c:\\Users\\ermi0\\flutter projects\\apps\\dataconnect`\n"}}
[debug] [2026-04-22T10:27:06.310Z] E0422 13:27:06.310385   23080 watch.go:40] Failed to load config from "c:\\Users\\ermi0\\flutter projects\\apps\\dataconnect": could not find dataconnect.yaml in `c:\Users\ermi0\flutter projects\apps\dataconnect`
 {"metadata":{"emulator":{"name":"dataconnect"},"message":"E0422 13:27:06.310385   23080 watch.go:40] Failed to load config from \"c:\\\\Users\\\\ermi0\\\\flutter projects\\\\apps\\\\dataconnect\": could not find dataconnect.yaml in `c:\\Users\\ermi0\\flutter projects\\apps\\dataconnect`\n"}}
[debug] [2026-04-22T10:27:16.311Z] E0422 13:27:16.311376   23080 watch.go:40] Failed to load config from "c:\\Users\\ermi0\\flutter projects\\apps\\dataconnect": could not find dataconnect.yaml in `c:\Users\ermi0\flutter projects\apps\dataconnect`
 {"metadata":{"emulator":{"name":"dataconnect"},"message":"E0422 13:27:16.311376   23080 watch.go:40] Failed to load config from \"c:\\\\Users\\\\ermi0\\\\flutter projects\\\\apps\\\\dataconnect\": could not find dataconnect.yaml in `c:\\Users\\ermi0\\flutter projects\\apps\\dataconnect`\n"}}
[debug] [2026-04-22T10:27:26.314Z] E0422 13:27:26.311938   23080 watch.go:40] Failed to load config from "c:\\Users\\ermi0\\flutter projects\\apps\\dataconnect": could not find dataconnect.yaml in `c:\Users\ermi0\flutter projects\apps\dataconnect`
 {"metadata":{"emulator":{"name":"dataconnect"},"message":"E0422 13:27:26.311938   23080 watch.go:40] Failed to load config from \"c:\\\\Users\\\\ermi0\\\\flutter projects\\\\apps\\\\dataconnect\": could not find dataconnect.yaml in `c:\\Users\\ermi0\\flutter projects\\apps\\dataconnect`\n"}}
[debug] [2026-04-22T10:27:36.311Z] E0422 13:27:36.310607   23080 watch.go:40] Failed to load config from "c:\\Users\\ermi0\\flutter projects\\apps\\dataconnect": could not find dataconnect.yaml in `c:\Users\ermi0\flutter projects\apps\dataconnect`
 {"metadata":{"emulator":{"name":"dataconnect"},"message":"E0422 13:27:36.310607   23080 watch.go:40] Failed to load config from \"c:\\\\Users\\\\ermi0\\\\flutter projects\\\\apps\\\\dataconnect\": could not find dataconnect.yaml in `c:\\Users\\ermi0\\flutter projects\\apps\\dataconnect`\n"}}
[debug] [2026-04-22T10:27:46.310Z] E0422 13:27:46.310490   23080 watch.go:40] Failed to load config from "c:\\Users\\ermi0\\flutter projects\\apps\\dataconnect": could not find dataconnect.yaml in `c:\Users\ermi0\flutter projects\apps\dataconnect`
 {"metadata":{"emulator":{"name":"dataconnect"},"message":"E0422 13:27:46.310490   23080 watch.go:40] Failed to load config from \"c:\\\\Users\\\\ermi0\\\\flutter projects\\\\apps\\\\dataconnect\": could not find dataconnect.yaml in `c:\\Users\\ermi0\\flutter projects\\apps\\dataconnect`\n"}}
[debug] [2026-04-22T10:27:56.310Z] E0422 13:27:56.310552   23080 watch.go:40] Failed to load config from "c:\\Users\\ermi0\\flutter projects\\apps\\dataconnect": could not find dataconnect.yaml in `c:\Users\ermi0\flutter projects\apps\dataconnect`
 {"metadata":{"emulator":{"name":"dataconnect"},"message":"E0422 13:27:56.310552   23080 watch.go:40] Failed to load config from \"c:\\\\Users\\\\ermi0\\\\flutter projects\\\\apps\\\\dataconnect\": could not find dataconnect.yaml in `c:\\Users\\ermi0\\flutter projects\\apps\\dataconnect`\n"}}
[debug] [2026-04-22T10:28:06.311Z] E0422 13:28:06.311159   23080 watch.go:40] Failed to load config from "c:\\Users\\ermi0\\flutter projects\\apps\\dataconnect": could not find dataconnect.yaml in `c:\Users\ermi0\flutter projects\apps\dataconnect`
 {"metadata":{"emulator":{"name":"dataconnect"},"message":"E0422 13:28:06.311159   23080 watch.go:40] Failed to load config from \"c:\\\\Users\\\\ermi0\\\\flutter projects\\\\apps\\\\dataconnect\": could not find dataconnect.yaml in `c:\\Users\\ermi0\\flutter projects\\apps\\dataconnect`\n"}}
[debug] [2026-04-22T10:28:16.310Z] E0422 13:28:16.311135   23080 watch.go:40] Failed to load config from "c:\\Users\\ermi0\\flutter projects\\apps\\dataconnect": could not find dataconnect.yaml in `c:\Users\ermi0\flutter projects\apps\dataconnect`
 {"metadata":{"emulator":{"name":"dataconnect"},"message":"E0422 13:28:16.311135   23080 watch.go:40] Failed to load config from \"c:\\\\Users\\\\ermi0\\\\flutter projects\\\\apps\\\\dataconnect\": could not find dataconnect.yaml in `c:\\Users\\ermi0\\flutter projects\\apps\\dataconnect`\n"}}
[debug] [2026-04-22T10:28:26.310Z] E0422 13:28:26.310506   23080 watch.go:40] Failed to load config from "c:\\Users\\ermi0\\flutter projects\\apps\\dataconnect": could not find dataconnect.yaml in `c:\Users\ermi0\flutter projects\apps\dataconnect`
 {"metadata":{"emulator":{"name":"dataconnect"},"message":"E0422 13:28:26.310506   23080 watch.go:40] Failed to load config from \"c:\\\\Users\\\\ermi0\\\\flutter projects\\\\apps\\\\dataconnect\": could not find dataconnect.yaml in `c:\\Users\\ermi0\\flutter projects\\apps\\dataconnect`\n"}}
[debug] [2026-04-22T10:28:36.310Z] E0422 13:28:36.310341   23080 watch.go:40] Failed to load config from "c:\\Users\\ermi0\\flutter projects\\apps\\dataconnect": could not find dataconnect.yaml in `c:\Users\ermi0\flutter projects\apps\dataconnect`
 {"metadata":{"emulator":{"name":"dataconnect"},"message":"E0422 13:28:36.310341   23080 watch.go:40] Failed to load config from \"c:\\\\Users\\\\ermi0\\\\flutter projects\\\\apps\\\\dataconnect\": could not find dataconnect.yaml in `c:\\Users\\ermi0\\flutter projects\\apps\\dataconnect`\n"}}
[debug] [2026-04-22T10:28:46.310Z] E0422 13:28:46.310219   23080 watch.go:40] Failed to load config from "c:\\Users\\ermi0\\flutter projects\\apps\\dataconnect": could not find dataconnect.yaml in `c:\Users\ermi0\flutter projects\apps\dataconnect`
 {"metadata":{"emulator":{"name":"dataconnect"},"message":"E0422 13:28:46.310219   23080 watch.go:40] Failed to load config from \"c:\\\\Users\\\\ermi0\\\\flutter projects\\\\apps\\\\dataconnect\": could not find dataconnect.yaml in `c:\\Users\\ermi0\\flutter projects\\apps\\dataconnect`\n"}}
[debug] [2026-04-22T10:28:56.310Z] E0422 13:28:56.310307   23080 watch.go:40] Failed to load config from "c:\\Users\\ermi0\\flutter projects\\apps\\dataconnect": could not find dataconnect.yaml in `c:\Users\ermi0\flutter projects\apps\dataconnect`
 {"metadata":{"emulator":{"name":"dataconnect"},"message":"E0422 13:28:56.310307   23080 watch.go:40] Failed to load config from \"c:\\\\Users\\\\ermi0\\\\flutter projects\\\\apps\\\\dataconnect\": could not find dataconnect.yaml in `c:\\Users\\ermi0\\flutter projects\\apps\\dataconnect`\n"}}
[debug] [2026-04-22T10:29:06.310Z] E0422 13:29:06.310586   23080 watch.go:40] Failed to load config from "c:\\Users\\ermi0\\flutter projects\\apps\\dataconnect": could not find dataconnect.yaml in `c:\Users\ermi0\flutter projects\apps\dataconnect`
 {"metadata":{"emulator":{"name":"dataconnect"},"message":"E0422 13:29:06.310586   23080 watch.go:40] Failed to load config from \"c:\\\\Users\\\\ermi0\\\\flutter projects\\\\apps\\\\dataconnect\": could not find dataconnect.yaml in `c:\\Users\\ermi0\\flutter projects\\apps\\dataconnect`\n"}}
[debug] [2026-04-22T10:29:16.309Z] E0422 13:29:16.310104   23080 watch.go:40] Failed to load config from "c:\\Users\\ermi0\\flutter projects\\apps\\dataconnect": could not find dataconnect.yaml in `c:\Users\ermi0\flutter projects\apps\dataconnect`
 {"metadata":{"emulator":{"name":"dataconnect"},"message":"E0422 13:29:16.310104   23080 watch.go:40] Failed to load config from \"c:\\\\Users\\\\ermi0\\\\flutter projects\\\\apps\\\\dataconnect\": could not find dataconnect.yaml in `c:\\Users\\ermi0\\flutter projects\\apps\\dataconnect`\n"}}
[debug] [2026-04-22T10:29:26.310Z] E0422 13:29:26.310903   23080 watch.go:40] Failed to load config from "c:\\Users\\ermi0\\flutter projects\\apps\\dataconnect": could not find dataconnect.yaml in `c:\Users\ermi0\flutter projects\apps\dataconnect`
 {"metadata":{"emulator":{"name":"dataconnect"},"message":"E0422 13:29:26.310903   23080 watch.go:40] Failed to load config from \"c:\\\\Users\\\\ermi0\\\\flutter projects\\\\apps\\\\dataconnect\": could not find dataconnect.yaml in `c:\\Users\\ermi0\\flutter projects\\apps\\dataconnect`\n"}}
[debug] [2026-04-22T10:29:36.312Z] E0422 13:29:36.311624   23080 watch.go:40] Failed to load config from "c:\\Users\\ermi0\\flutter projects\\apps\\dataconnect": could not find dataconnect.yaml in `c:\Users\ermi0\flutter projects\apps\dataconnect`
 {"metadata":{"emulator":{"name":"dataconnect"},"message":"E0422 13:29:36.311624   23080 watch.go:40] Failed to load config from \"c:\\\\Users\\\\ermi0\\\\flutter projects\\\\apps\\\\dataconnect\": could not find dataconnect.yaml in `c:\\Users\\ermi0\\flutter projects\\apps\\dataconnect`\n"}}
[debug] [2026-04-22T10:29:46.310Z] E0422 13:29:46.310499   23080 watch.go:40] Failed to load config from "c:\\Users\\ermi0\\flutter projects\\apps\\dataconnect": could not find dataconnect.yaml in `c:\Users\ermi0\flutter projects\apps\dataconnect`
 {"metadata":{"emulator":{"name":"dataconnect"},"message":"E0422 13:29:46.310499   23080 watch.go:40] Failed to load config from \"c:\\\\Users\\\\ermi0\\\\flutter projects\\\\apps\\\\dataconnect\": could not find dataconnect.yaml in `c:\\Users\\ermi0\\flutter projects\\apps\\dataconnect`\n"}}
[debug] [2026-04-22T10:29:56.310Z] E0422 13:29:56.310612   23080 watch.go:40] Failed to load config from "c:\\Users\\ermi0\\flutter projects\\apps\\dataconnect": could not find dataconnect.yaml in `c:\Users\ermi0\flutter projects\apps\dataconnect`
 {"metadata":{"emulator":{"name":"dataconnect"},"message":"E0422 13:29:56.310612   23080 watch.go:40] Failed to load config from \"c:\\\\Users\\\\ermi0\\\\flutter projects\\\\apps\\\\dataconnect\": could not find dataconnect.yaml in `c:\\Users\\ermi0\\flutter projects\\apps\\dataconnect`\n"}}
[debug] [2026-04-22T10:30:06.310Z] E0422 13:30:06.310455   23080 watch.go:40] Failed to load config from "c:\\Users\\ermi0\\flutter projects\\apps\\dataconnect": could not find dataconnect.yaml in `c:\Users\ermi0\flutter projects\apps\dataconnect`
 {"metadata":{"emulator":{"name":"dataconnect"},"message":"E0422 13:30:06.310455   23080 watch.go:40] Failed to load config from \"c:\\\\Users\\\\ermi0\\\\flutter projects\\\\apps\\\\dataconnect\": could not find dataconnect.yaml in `c:\\Users\\ermi0\\flutter projects\\apps\\dataconnect`\n"}}
[debug] [2026-04-22T10:30:16.310Z] E0422 13:30:16.310510   23080 watch.go:40] Failed to load config from "c:\\Users\\ermi0\\flutter projects\\apps\\dataconnect": could not find dataconnect.yaml in `c:\Users\ermi0\flutter projects\apps\dataconnect`
 {"metadata":{"emulator":{"name":"dataconnect"},"message":"E0422 13:30:16.310510   23080 watch.go:40] Failed to load config from \"c:\\\\Users\\\\ermi0\\\\flutter projects\\\\apps\\\\dataconnect\": could not find dataconnect.yaml in `c:\\Users\\ermi0\\flutter projects\\apps\\dataconnect`\n"}}
[debug] [2026-04-22T10:30:26.310Z] E0422 13:30:26.310526   23080 watch.go:40] Failed to load config from "c:\\Users\\ermi0\\flutter projects\\apps\\dataconnect": could not find dataconnect.yaml in `c:\Users\ermi0\flutter projects\apps\dataconnect`
 {"metadata":{"emulator":{"name":"dataconnect"},"message":"E0422 13:30:26.310526   23080 watch.go:40] Failed to load config from \"c:\\\\Users\\\\ermi0\\\\flutter projects\\\\apps\\\\dataconnect\": could not find dataconnect.yaml in `c:\\Users\\ermi0\\flutter projects\\apps\\dataconnect`\n"}}
[debug] [2026-04-22T10:30:36.310Z] E0422 13:30:36.310435   23080 watch.go:40] Failed to load config from "c:\\Users\\ermi0\\flutter projects\\apps\\dataconnect": could not find dataconnect.yaml in `c:\Users\ermi0\flutter projects\apps\dataconnect`
 {"metadata":{"emulator":{"name":"dataconnect"},"message":"E0422 13:30:36.310435   23080 watch.go:40] Failed to load config from \"c:\\\\Users\\\\ermi0\\\\flutter projects\\\\apps\\\\dataconnect\": could not find dataconnect.yaml in `c:\\Users\\ermi0\\flutter projects\\apps\\dataconnect`\n"}}
[debug] [2026-04-22T10:30:46.311Z] E0422 13:30:46.310603   23080 watch.go:40] Failed to load config from "c:\\Users\\ermi0\\flutter projects\\apps\\dataconnect": could not find dataconnect.yaml in `c:\Users\ermi0\flutter projects\apps\dataconnect`
 {"metadata":{"emulator":{"name":"dataconnect"},"message":"E0422 13:30:46.310603   23080 watch.go:40] Failed to load config from \"c:\\\\Users\\\\ermi0\\\\flutter projects\\\\apps\\\\dataconnect\": could not find dataconnect.yaml in `c:\\Users\\ermi0\\flutter projects\\apps\\dataconnect`\n"}}
[debug] [2026-04-22T10:30:56.310Z] E0422 13:30:56.310373   23080 watch.go:40] Failed to load config from "c:\\Users\\ermi0\\flutter projects\\apps\\dataconnect": could not find dataconnect.yaml in `c:\Users\ermi0\flutter projects\apps\dataconnect`
 {"metadata":{"emulator":{"name":"dataconnect"},"message":"E0422 13:30:56.310373   23080 watch.go:40] Failed to load config from \"c:\\\\Users\\\\ermi0\\\\flutter projects\\\\apps\\\\dataconnect\": could not find dataconnect.yaml in `c:\\Users\\ermi0\\flutter projects\\apps\\dataconnect`\n"}}
[debug] [2026-04-22T10:31:06.310Z] E0422 13:31:06.310542   23080 watch.go:40] Failed to load config from "c:\\Users\\ermi0\\flutter projects\\apps\\dataconnect": could not find dataconnect.yaml in `c:\Users\ermi0\flutter projects\apps\dataconnect`
 {"metadata":{"emulator":{"name":"dataconnect"},"message":"E0422 13:31:06.310542   23080 watch.go:40] Failed to load config from \"c:\\\\Users\\\\ermi0\\\\flutter projects\\\\apps\\\\dataconnect\": could not find dataconnect.yaml in `c:\\Users\\ermi0\\flutter projects\\apps\\dataconnect`\n"}}
[debug] [2026-04-22T10:31:16.310Z] E0422 13:31:16.310555   23080 watch.go:40] Failed to load config from "c:\\Users\\ermi0\\flutter projects\\apps\\dataconnect": could not find dataconnect.yaml in `c:\Users\ermi0\flutter projects\apps\dataconnect`
 {"metadata":{"emulator":{"name":"dataconnect"},"message":"E0422 13:31:16.310555   23080 watch.go:40] Failed to load config from \"c:\\\\Users\\\\ermi0\\\\flutter projects\\\\apps\\\\dataconnect\": could not find dataconnect.yaml in `c:\\Users\\ermi0\\flutter projects\\apps\\dataconnect`\n"}}
[debug] [2026-04-22T10:31:26.310Z] E0422 13:31:26.310364   23080 watch.go:40] Failed to load config from "c:\\Users\\ermi0\\flutter projects\\apps\\dataconnect": could not find dataconnect.yaml in `c:\Users\ermi0\flutter projects\apps\dataconnect`
 {"metadata":{"emulator":{"name":"dataconnect"},"message":"E0422 13:31:26.310364   23080 watch.go:40] Failed to load config from \"c:\\\\Users\\\\ermi0\\\\flutter projects\\\\apps\\\\dataconnect\": could not find dataconnect.yaml in `c:\\Users\\ermi0\\flutter projects\\apps\\dataconnect`\n"}}
[debug] [2026-04-22T10:31:36.310Z] E0422 13:31:36.310049   23080 watch.go:40] Failed to load config from "c:\\Users\\ermi0\\flutter projects\\apps\\dataconnect": could not find dataconnect.yaml in `c:\Users\ermi0\flutter projects\apps\dataconnect`
 {"metadata":{"emulator":{"name":"dataconnect"},"message":"E0422 13:31:36.310049   23080 watch.go:40] Failed to load config from \"c:\\\\Users\\\\ermi0\\\\flutter projects\\\\apps\\\\dataconnect\": could not find dataconnect.yaml in `c:\\Users\\ermi0\\flutter projects\\apps\\dataconnect`\n"}}
[debug] [2026-04-22T10:31:46.310Z] E0422 13:31:46.310440   23080 watch.go:40] Failed to load config from "c:\\Users\\ermi0\\flutter projects\\apps\\dataconnect": could not find dataconnect.yaml in `c:\Users\ermi0\flutter projects\apps\dataconnect`
 {"metadata":{"emulator":{"name":"dataconnect"},"message":"E0422 13:31:46.310440   23080 watch.go:40] Failed to load config from \"c:\\\\Users\\\\ermi0\\\\flutter projects\\\\apps\\\\dataconnect\": could not find dataconnect.yaml in `c:\\Users\\ermi0\\flutter projects\\apps\\dataconnect`\n"}}
[debug] [2026-04-22T10:31:56.310Z] E0422 13:31:56.310713   23080 watch.go:40] Failed to load config from "c:\\Users\\ermi0\\flutter projects\\apps\\dataconnect": could not find dataconnect.yaml in `c:\Users\ermi0\flutter projects\apps\dataconnect`
 {"metadata":{"emulator":{"name":"dataconnect"},"message":"E0422 13:31:56.310713   23080 watch.go:40] Failed to load config from \"c:\\\\Users\\\\ermi0\\\\flutter projects\\\\apps\\\\dataconnect\": could not find dataconnect.yaml in `c:\\Users\\ermi0\\flutter projects\\apps\\dataconnect`\n"}}
[debug] [2026-04-22T10:32:06.310Z] E0422 13:32:06.310636   23080 watch.go:40] Failed to load config from "c:\\Users\\ermi0\\flutter projects\\apps\\dataconnect": could not find dataconnect.yaml in `c:\Users\ermi0\flutter projects\apps\dataconnect`
 {"metadata":{"emulator":{"name":"dataconnect"},"message":"E0422 13:32:06.310636   23080 watch.go:40] Failed to load config from \"c:\\\\Users\\\\ermi0\\\\flutter projects\\\\apps\\\\dataconnect\": could not find dataconnect.yaml in `c:\\Users\\ermi0\\flutter projects\\apps\\dataconnect`\n"}}
[debug] [2026-04-22T10:32:16.311Z] E0422 13:32:16.310460   23080 watch.go:40] Failed to load config from "c:\\Users\\ermi0\\flutter projects\\apps\\dataconnect": could not find dataconnect.yaml in `c:\Users\ermi0\flutter projects\apps\dataconnect`
 {"metadata":{"emulator":{"name":"dataconnect"},"message":"E0422 13:32:16.310460   23080 watch.go:40] Failed to load config from \"c:\\\\Users\\\\ermi0\\\\flutter projects\\\\apps\\\\dataconnect\": could not find dataconnect.yaml in `c:\\Users\\ermi0\\flutter projects\\apps\\dataconnect`\n"}}
[debug] [2026-04-22T10:32:26.310Z] E0422 13:32:26.310171   23080 watch.go:40] Failed to load config from "c:\\Users\\ermi0\\flutter projects\\apps\\dataconnect": could not find dataconnect.yaml in `c:\Users\ermi0\flutter projects\apps\dataconnect`
 {"metadata":{"emulator":{"name":"dataconnect"},"message":"E0422 13:32:26.310171   23080 watch.go:40] Failed to load config from \"c:\\\\Users\\\\ermi0\\\\flutter projects\\\\apps\\\\dataconnect\": could not find dataconnect.yaml in `c:\\Users\\ermi0\\flutter projects\\apps\\dataconnect`\n"}}
[debug] [2026-04-22T10:32:36.310Z] E0422 13:32:36.310556   23080 watch.go:40] Failed to load config from "c:\\Users\\ermi0\\flutter projects\\apps\\dataconnect": could not find dataconnect.yaml in `c:\Users\ermi0\flutter projects\apps\dataconnect`
 {"metadata":{"emulator":{"name":"dataconnect"},"message":"E0422 13:32:36.310556   23080 watch.go:40] Failed to load config from \"c:\\\\Users\\\\ermi0\\\\flutter projects\\\\apps\\\\dataconnect\": could not find dataconnect.yaml in `c:\\Users\\ermi0\\flutter projects\\apps\\dataconnect`\n"}}
[debug] [2026-04-22T10:32:46.310Z] E0422 13:32:46.310479   23080 watch.go:40] Failed to load config from "c:\\Users\\ermi0\\flutter projects\\apps\\dataconnect": could not find dataconnect.yaml in `c:\Users\ermi0\flutter projects\apps\dataconnect`
 {"metadata":{"emulator":{"name":"dataconnect"},"message":"E0422 13:32:46.310479   23080 watch.go:40] Failed to load config from \"c:\\\\Users\\\\ermi0\\\\flutter projects\\\\apps\\\\dataconnect\": could not find dataconnect.yaml in `c:\\Users\\ermi0\\flutter projects\\apps\\dataconnect`\n"}}
[debug] [2026-04-22T10:32:56.310Z] E0422 13:32:56.310253   23080 watch.go:40] Failed to load config from "c:\\Users\\ermi0\\flutter projects\\apps\\dataconnect": could not find dataconnect.yaml in `c:\Users\ermi0\flutter projects\apps\dataconnect`
 {"metadata":{"emulator":{"name":"dataconnect"},"message":"E0422 13:32:56.310253   23080 watch.go:40] Failed to load config from \"c:\\\\Users\\\\ermi0\\\\flutter projects\\\\apps\\\\dataconnect\": could not find dataconnect.yaml in `c:\\Users\\ermi0\\flutter projects\\apps\\dataconnect`\n"}}
[debug] [2026-04-22T10:33:06.311Z] E0422 13:33:06.311147   23080 watch.go:40] Failed to load config from "c:\\Users\\ermi0\\flutter projects\\apps\\dataconnect": could not find dataconnect.yaml in `c:\Users\ermi0\flutter projects\apps\dataconnect`
 {"metadata":{"emulator":{"name":"dataconnect"},"message":"E0422 13:33:06.311147   23080 watch.go:40] Failed to load config from \"c:\\\\Users\\\\ermi0\\\\flutter projects\\\\apps\\\\dataconnect\": could not find dataconnect.yaml in `c:\\Users\\ermi0\\flutter projects\\apps\\dataconnect`\n"}}
[debug] [2026-04-22T10:33:16.312Z] E0422 13:33:16.312082   23080 watch.go:40] Failed to load config from "c:\\Users\\ermi0\\flutter projects\\apps\\dataconnect": could not find dataconnect.yaml in `c:\Users\ermi0\flutter projects\apps\dataconnect`
 {"metadata":{"emulator":{"name":"dataconnect"},"message":"E0422 13:33:16.312082   23080 watch.go:40] Failed to load config from \"c:\\\\Users\\\\ermi0\\\\flutter projects\\\\apps\\\\dataconnect\": could not find dataconnect.yaml in `c:\\Users\\ermi0\\flutter projects\\apps\\dataconnect`\n"}}
[debug] [2026-04-22T10:33:26.310Z] E0422 13:33:26.310413   23080 watch.go:40] Failed to load config from "c:\\Users\\ermi0\\flutter projects\\apps\\dataconnect": could not find dataconnect.yaml in `c:\Users\ermi0\flutter projects\apps\dataconnect`
 {"metadata":{"emulator":{"name":"dataconnect"},"message":"E0422 13:33:26.310413   23080 watch.go:40] Failed to load config from \"c:\\\\Users\\\\ermi0\\\\flutter projects\\\\apps\\\\dataconnect\": could not find dataconnect.yaml in `c:\\Users\\ermi0\\flutter projects\\apps\\dataconnect`\n"}}
[debug] [2026-04-22T10:33:36.310Z] E0422 13:33:36.310255   23080 watch.go:40] Failed to load config from "c:\\Users\\ermi0\\flutter projects\\apps\\dataconnect": could not find dataconnect.yaml in `c:\Users\ermi0\flutter projects\apps\dataconnect`
 {"metadata":{"emulator":{"name":"dataconnect"},"message":"E0422 13:33:36.310255   23080 watch.go:40] Failed to load config from \"c:\\\\Users\\\\ermi0\\\\flutter projects\\\\apps\\\\dataconnect\": could not find dataconnect.yaml in `c:\\Users\\ermi0\\flutter projects\\apps\\dataconnect`\n"}}
[debug] [2026-04-22T10:33:46.318Z] E0422 13:33:46.311793   23080 watch.go:40] Failed to load config from "c:\\Users\\ermi0\\flutter projects\\apps\\dataconnect": could not find dataconnect.yaml in `c:\Users\ermi0\flutter projects\apps\dataconnect`
 {"metadata":{"emulator":{"name":"dataconnect"},"message":"E0422 13:33:46.311793   23080 watch.go:40] Failed to load config from \"c:\\\\Users\\\\ermi0\\\\flutter projects\\\\apps\\\\dataconnect\": could not find dataconnect.yaml in `c:\\Users\\ermi0\\flutter projects\\apps\\dataconnect`\n"}}
[debug] [2026-04-22T10:33:56.310Z] E0422 13:33:56.310601   23080 watch.go:40] Failed to load config from "c:\\Users\\ermi0\\flutter projects\\apps\\dataconnect": could not find dataconnect.yaml in `c:\Users\ermi0\flutter projects\apps\dataconnect`
 {"metadata":{"emulator":{"name":"dataconnect"},"message":"E0422 13:33:56.310601   23080 watch.go:40] Failed to load config from \"c:\\\\Users\\\\ermi0\\\\flutter projects\\\\apps\\\\dataconnect\": could not find dataconnect.yaml in `c:\\Users\\ermi0\\flutter projects\\apps\\dataconnect`\n"}}
[debug] [2026-04-22T10:34:06.310Z] E0422 13:34:06.310744   23080 watch.go:40] Failed to load config from "c:\\Users\\ermi0\\flutter projects\\apps\\dataconnect": could not find dataconnect.yaml in `c:\Users\ermi0\flutter projects\apps\dataconnect`
 {"metadata":{"emulator":{"name":"dataconnect"},"message":"E0422 13:34:06.310744   23080 watch.go:40] Failed to load config from \"c:\\\\Users\\\\ermi0\\\\flutter projects\\\\apps\\\\dataconnect\": could not find dataconnect.yaml in `c:\\Users\\ermi0\\flutter projects\\apps\\dataconnect`\n"}}
[debug] [2026-04-22T10:34:16.311Z] E0422 13:34:16.310920   23080 watch.go:40] Failed to load config from "c:\\Users\\ermi0\\flutter projects\\apps\\dataconnect": could not find dataconnect.yaml in `c:\Users\ermi0\flutter projects\apps\dataconnect`
 {"metadata":{"emulator":{"name":"dataconnect"},"message":"E0422 13:34:16.310920   23080 watch.go:40] Failed to load config from \"c:\\\\Users\\\\ermi0\\\\flutter projects\\\\apps\\\\dataconnect\": could not find dataconnect.yaml in `c:\\Users\\ermi0\\flutter projects\\apps\\dataconnect`\n"}}
[debug] [2026-04-22T10:34:26.310Z] E0422 13:34:26.310462   23080 watch.go:40] Failed to load config from "c:\\Users\\ermi0\\flutter projects\\apps\\dataconnect": could not find dataconnect.yaml in `c:\Users\ermi0\flutter projects\apps\dataconnect`
 {"metadata":{"emulator":{"name":"dataconnect"},"message":"E0422 13:34:26.310462   23080 watch.go:40] Failed to load config from \"c:\\\\Users\\\\ermi0\\\\flutter projects\\\\apps\\\\dataconnect\": could not find dataconnect.yaml in `c:\\Users\\ermi0\\flutter projects\\apps\\dataconnect`\n"}}
[debug] [2026-04-22T10:34:36.310Z] E0422 13:34:36.310422   23080 watch.go:40] Failed to load config from "c:\\Users\\ermi0\\flutter projects\\apps\\dataconnect": could not find dataconnect.yaml in `c:\Users\ermi0\flutter projects\apps\dataconnect`
 {"metadata":{"emulator":{"name":"dataconnect"},"message":"E0422 13:34:36.310422   23080 watch.go:40] Failed to load config from \"c:\\\\Users\\\\ermi0\\\\flutter projects\\\\apps\\\\dataconnect\": could not find dataconnect.yaml in `c:\\Users\\ermi0\\flutter projects\\apps\\dataconnect`\n"}}
[debug] [2026-04-22T10:34:46.310Z] E0422 13:34:46.310242   23080 watch.go:40] Failed to load config from "c:\\Users\\ermi0\\flutter projects\\apps\\dataconnect": could not find dataconnect.yaml in `c:\Users\ermi0\flutter projects\apps\dataconnect`
 {"metadata":{"emulator":{"name":"dataconnect"},"message":"E0422 13:34:46.310242   23080 watch.go:40] Failed to load config from \"c:\\\\Users\\\\ermi0\\\\flutter projects\\\\apps\\\\dataconnect\": could not find dataconnect.yaml in `c:\\Users\\ermi0\\flutter projects\\apps\\dataconnect`\n"}}
[debug] [2026-04-22T10:34:56.310Z] E0422 13:34:56.310918   23080 watch.go:40] Failed to load config from "c:\\Users\\ermi0\\flutter projects\\apps\\dataconnect": could not find dataconnect.yaml in `c:\Users\ermi0\flutter projects\apps\dataconnect`
 {"metadata":{"emulator":{"name":"dataconnect"},"message":"E0422 13:34:56.310918   23080 watch.go:40] Failed to load config from \"c:\\\\Users\\\\ermi0\\\\flutter projects\\\\apps\\\\dataconnect\": could not find dataconnect.yaml in `c:\\Users\\ermi0\\flutter projects\\apps\\dataconnect`\n"}}
[debug] [2026-04-22T10:35:06.310Z] E0422 13:35:06.310349   23080 watch.go:40] Failed to load config from "c:\\Users\\ermi0\\flutter projects\\apps\\dataconnect": could not find dataconnect.yaml in `c:\Users\ermi0\flutter projects\apps\dataconnect`
 {"metadata":{"emulator":{"name":"dataconnect"},"message":"E0422 13:35:06.310349   23080 watch.go:40] Failed to load config from \"c:\\\\Users\\\\ermi0\\\\flutter projects\\\\apps\\\\dataconnect\": could not find dataconnect.yaml in `c:\\Users\\ermi0\\flutter projects\\apps\\dataconnect`\n"}}
[debug] [2026-04-22T10:35:16.310Z] E0422 13:35:16.310249   23080 watch.go:40] Failed to load config from "c:\\Users\\ermi0\\flutter projects\\apps\\dataconnect": could not find dataconnect.yaml in `c:\Users\ermi0\flutter projects\apps\dataconnect`
 {"metadata":{"emulator":{"name":"dataconnect"},"message":"E0422 13:35:16.310249   23080 watch.go:40] Failed to load config from \"c:\\\\Users\\\\ermi0\\\\flutter projects\\\\apps\\\\dataconnect\": could not find dataconnect.yaml in `c:\\Users\\ermi0\\flutter projects\\apps\\dataconnect`\n"}}
[debug] [2026-04-22T10:35:26.310Z] E0422 13:35:26.310570   23080 watch.go:40] Failed to load config from "c:\\Users\\ermi0\\flutter projects\\apps\\dataconnect": could not find dataconnect.yaml in `c:\Users\ermi0\flutter projects\apps\dataconnect`
 {"metadata":{"emulator":{"name":"dataconnect"},"message":"E0422 13:35:26.310570   23080 watch.go:40] Failed to load config from \"c:\\\\Users\\\\ermi0\\\\flutter projects\\\\apps\\\\dataconnect\": could not find dataconnect.yaml in `c:\\Users\\ermi0\\flutter projects\\apps\\dataconnect`\n"}}
[debug] [2026-04-22T10:35:36.310Z] E0422 13:35:36.310431   23080 watch.go:40] Failed to load config from "c:\\Users\\ermi0\\flutter projects\\apps\\dataconnect": could not find dataconnect.yaml in `c:\Users\ermi0\flutter projects\apps\dataconnect`
 {"metadata":{"emulator":{"name":"dataconnect"},"message":"E0422 13:35:36.310431   23080 watch.go:40] Failed to load config from \"c:\\\\Users\\\\ermi0\\\\flutter projects\\\\apps\\\\dataconnect\": could not find dataconnect.yaml in `c:\\Users\\ermi0\\flutter projects\\apps\\dataconnect`\n"}}
[debug] [2026-04-22T10:35:46.310Z] E0422 13:35:46.310149   23080 watch.go:40] Failed to load config from "c:\\Users\\ermi0\\flutter projects\\apps\\dataconnect": could not find dataconnect.yaml in `c:\Users\ermi0\flutter projects\apps\dataconnect`
 {"metadata":{"emulator":{"name":"dataconnect"},"message":"E0422 13:35:46.310149   23080 watch.go:40] Failed to load config from \"c:\\\\Users\\\\ermi0\\\\flutter projects\\\\apps\\\\dataconnect\": could not find dataconnect.yaml in `c:\\Users\\ermi0\\flutter projects\\apps\\dataconnect`\n"}}
[debug] [2026-04-22T10:35:56.310Z] E0422 13:35:56.310358   23080 watch.go:40] Failed to load config from "c:\\Users\\ermi0\\flutter projects\\apps\\dataconnect": could not find dataconnect.yaml in `c:\Users\ermi0\flutter projects\apps\dataconnect`
 {"metadata":{"emulator":{"name":"dataconnect"},"message":"E0422 13:35:56.310358   23080 watch.go:40] Failed to load config from \"c:\\\\Users\\\\ermi0\\\\flutter projects\\\\apps\\\\dataconnect\": could not find dataconnect.yaml in `c:\\Users\\ermi0\\flutter projects\\apps\\dataconnect`\n"}}
[debug] [2026-04-22T10:36:06.310Z] E0422 13:36:06.310377   23080 watch.go:40] Failed to load config from "c:\\Users\\ermi0\\flutter projects\\apps\\dataconnect": could not find dataconnect.yaml in `c:\Users\ermi0\flutter projects\apps\dataconnect`
 {"metadata":{"emulator":{"name":"dataconnect"},"message":"E0422 13:36:06.310377   23080 watch.go:40] Failed to load config from \"c:\\\\Users\\\\ermi0\\\\flutter projects\\\\apps\\\\dataconnect\": could not find dataconnect.yaml in `c:\\Users\\ermi0\\flutter projects\\apps\\dataconnect`\n"}}
[debug] [2026-04-22T10:36:16.310Z] E0422 13:36:16.310536   23080 watch.go:40] Failed to load config from "c:\\Users\\ermi0\\flutter projects\\apps\\dataconnect": could not find dataconnect.yaml in `c:\Users\ermi0\flutter projects\apps\dataconnect`
 {"metadata":{"emulator":{"name":"dataconnect"},"message":"E0422 13:36:16.310536   23080 watch.go:40] Failed to load config from \"c:\\\\Users\\\\ermi0\\\\flutter projects\\\\apps\\\\dataconnect\": could not find dataconnect.yaml in `c:\\Users\\ermi0\\flutter projects\\apps\\dataconnect`\n"}}
[debug] [2026-04-22T10:36:26.310Z] E0422 13:36:26.310236   23080 watch.go:40] Failed to load config from "c:\\Users\\ermi0\\flutter projects\\apps\\dataconnect": could not find dataconnect.yaml in `c:\Users\ermi0\flutter projects\apps\dataconnect`
 {"metadata":{"emulator":{"name":"dataconnect"},"message":"E0422 13:36:26.310236   23080 watch.go:40] Failed to load config from \"c:\\\\Users\\\\ermi0\\\\flutter projects\\\\apps\\\\dataconnect\": could not find dataconnect.yaml in `c:\\Users\\ermi0\\flutter projects\\apps\\dataconnect`\n"}}
[debug] [2026-04-22T10:36:36.310Z] E0422 13:36:36.310334   23080 watch.go:40] Failed to load config from "c:\\Users\\ermi0\\flutter projects\\apps\\dataconnect": could not find dataconnect.yaml in `c:\Users\ermi0\flutter projects\apps\dataconnect`
 {"metadata":{"emulator":{"name":"dataconnect"},"message":"E0422 13:36:36.310334   23080 watch.go:40] Failed to load config from \"c:\\\\Users\\\\ermi0\\\\flutter projects\\\\apps\\\\dataconnect\": could not find dataconnect.yaml in `c:\\Users\\ermi0\\flutter projects\\apps\\dataconnect`\n"}}
[debug] [2026-04-22T10:36:46.310Z] E0422 13:36:46.310122   23080 watch.go:40] Failed to load config from "c:\\Users\\ermi0\\flutter projects\\apps\\dataconnect": could not find dataconnect.yaml in `c:\Users\ermi0\flutter projects\apps\dataconnect`
 {"metadata":{"emulator":{"name":"dataconnect"},"message":"E0422 13:36:46.310122   23080 watch.go:40] Failed to load config from \"c:\\\\Users\\\\ermi0\\\\flutter projects\\\\apps\\\\dataconnect\": could not find dataconnect.yaml in `c:\\Users\\ermi0\\flutter projects\\apps\\dataconnect`\n"}}
[debug] [2026-04-22T10:36:56.310Z] E0422 13:36:56.310732   23080 watch.go:40] Failed to load config from "c:\\Users\\ermi0\\flutter projects\\apps\\dataconnect": could not find dataconnect.yaml in `c:\Users\ermi0\flutter projects\apps\dataconnect`
 {"metadata":{"emulator":{"name":"dataconnect"},"message":"E0422 13:36:56.310732   23080 watch.go:40] Failed to load config from \"c:\\\\Users\\\\ermi0\\\\flutter projects\\\\apps\\\\dataconnect\": could not find dataconnect.yaml in `c:\\Users\\ermi0\\flutter projects\\apps\\dataconnect`\n"}}
[debug] [2026-04-22T10:37:06.310Z] E0422 13:37:06.310882   23080 watch.go:40] Failed to load config from "c:\\Users\\ermi0\\flutter projects\\apps\\dataconnect": could not find dataconnect.yaml in `c:\Users\ermi0\flutter projects\apps\dataconnect`
 {"metadata":{"emulator":{"name":"dataconnect"},"message":"E0422 13:37:06.310882   23080 watch.go:40] Failed to load config from \"c:\\\\Users\\\\ermi0\\\\flutter projects\\\\apps\\\\dataconnect\": could not find dataconnect.yaml in `c:\\Users\\ermi0\\flutter projects\\apps\\dataconnect`\n"}}
[debug] [2026-04-22T10:37:16.310Z] E0422 13:37:16.310409   23080 watch.go:40] Failed to load config from "c:\\Users\\ermi0\\flutter projects\\apps\\dataconnect": could not find dataconnect.yaml in `c:\Users\ermi0\flutter projects\apps\dataconnect`
 {"metadata":{"emulator":{"name":"dataconnect"},"message":"E0422 13:37:16.310409   23080 watch.go:40] Failed to load config from \"c:\\\\Users\\\\ermi0\\\\flutter projects\\\\apps\\\\dataconnect\": could not find dataconnect.yaml in `c:\\Users\\ermi0\\flutter projects\\apps\\dataconnect`\n"}}
[debug] [2026-04-22T10:37:26.312Z] E0422 13:37:26.312329   23080 watch.go:40] Failed to load config from "c:\\Users\\ermi0\\flutter projects\\apps\\dataconnect": could not find dataconnect.yaml in `c:\Users\ermi0\flutter projects\apps\dataconnect`
 {"metadata":{"emulator":{"name":"dataconnect"},"message":"E0422 13:37:26.312329   23080 watch.go:40] Failed to load config from \"c:\\\\Users\\\\ermi0\\\\flutter projects\\\\apps\\\\dataconnect\": could not find dataconnect.yaml in `c:\\Users\\ermi0\\flutter projects\\apps\\dataconnect`\n"}}
[debug] [2026-04-22T10:37:36.310Z] E0422 13:37:36.310567   23080 watch.go:40] Failed to load config from "c:\\Users\\ermi0\\flutter projects\\apps\\dataconnect": could not find dataconnect.yaml in `c:\Users\ermi0\flutter projects\apps\dataconnect`
 {"metadata":{"emulator":{"name":"dataconnect"},"message":"E0422 13:37:36.310567   23080 watch.go:40] Failed to load config from \"c:\\\\Users\\\\ermi0\\\\flutter projects\\\\apps\\\\dataconnect\": could not find dataconnect.yaml in `c:\\Users\\ermi0\\flutter projects\\apps\\dataconnect`\n"}}
[debug] [2026-04-22T10:37:46.311Z] E0422 13:37:46.311293   23080 watch.go:40] Failed to load config from "c:\\Users\\ermi0\\flutter projects\\apps\\dataconnect": could not find dataconnect.yaml in `c:\Users\ermi0\flutter projects\apps\dataconnect`
 {"metadata":{"emulator":{"name":"dataconnect"},"message":"E0422 13:37:46.311293   23080 watch.go:40] Failed to load config from \"c:\\\\Users\\\\ermi0\\\\flutter projects\\\\apps\\\\dataconnect\": could not find dataconnect.yaml in `c:\\Users\\ermi0\\flutter projects\\apps\\dataconnect`\n"}}
[debug] [2026-04-22T10:37:56.310Z] E0422 13:37:56.310929   23080 watch.go:40] Failed to load config from "c:\\Users\\ermi0\\flutter projects\\apps\\dataconnect": could not find dataconnect.yaml in `c:\Users\ermi0\flutter projects\apps\dataconnect`
 {"metadata":{"emulator":{"name":"dataconnect"},"message":"E0422 13:37:56.310929   23080 watch.go:40] Failed to load config from \"c:\\\\Users\\\\ermi0\\\\flutter projects\\\\apps\\\\dataconnect\": could not find dataconnect.yaml in `c:\\Users\\ermi0\\flutter projects\\apps\\dataconnect`\n"}}
[debug] [2026-04-22T10:38:06.311Z] E0422 13:38:06.311247   23080 watch.go:40] Failed to load config from "c:\\Users\\ermi0\\flutter projects\\apps\\dataconnect": could not find dataconnect.yaml in `c:\Users\ermi0\flutter projects\apps\dataconnect`
 {"metadata":{"emulator":{"name":"dataconnect"},"message":"E0422 13:38:06.311247   23080 watch.go:40] Failed to load config from \"c:\\\\Users\\\\ermi0\\\\flutter projects\\\\apps\\\\dataconnect\": could not find dataconnect.yaml in `c:\\Users\\ermi0\\flutter projects\\apps\\dataconnect`\n"}}
[debug] [2026-04-22T10:38:16.310Z] E0422 13:38:16.310475   23080 watch.go:40] Failed to load config from "c:\\Users\\ermi0\\flutter projects\\apps\\dataconnect": could not find dataconnect.yaml in `c:\Users\ermi0\flutter projects\apps\dataconnect`
 {"metadata":{"emulator":{"name":"dataconnect"},"message":"E0422 13:38:16.310475   23080 watch.go:40] Failed to load config from \"c:\\\\Users\\\\ermi0\\\\flutter projects\\\\apps\\\\dataconnect\": could not find dataconnect.yaml in `c:\\Users\\ermi0\\flutter projects\\apps\\dataconnect`\n"}}
[debug] [2026-04-22T10:38:26.311Z] E0422 13:38:26.311102   23080 watch.go:40] Failed to load config from "c:\\Users\\ermi0\\flutter projects\\apps\\dataconnect": could not find dataconnect.yaml in `c:\Users\ermi0\flutter projects\apps\dataconnect`
 {"metadata":{"emulator":{"name":"dataconnect"},"message":"E0422 13:38:26.311102   23080 watch.go:40] Failed to load config from \"c:\\\\Users\\\\ermi0\\\\flutter projects\\\\apps\\\\dataconnect\": could not find dataconnect.yaml in `c:\\Users\\ermi0\\flutter projects\\apps\\dataconnect`\n"}}
[debug] [2026-04-22T10:38:36.310Z] E0422 13:38:36.310804   23080 watch.go:40] Failed to load config from "c:\\Users\\ermi0\\flutter projects\\apps\\dataconnect": could not find dataconnect.yaml in `c:\Users\ermi0\flutter projects\apps\dataconnect`
 {"metadata":{"emulator":{"name":"dataconnect"},"message":"E0422 13:38:36.310804   23080 watch.go:40] Failed to load config from \"c:\\\\Users\\\\ermi0\\\\flutter projects\\\\apps\\\\dataconnect\": could not find dataconnect.yaml in `c:\\Users\\ermi0\\flutter projects\\apps\\dataconnect`\n"}}
[debug] [2026-04-22T10:38:46.310Z] E0422 13:38:46.310471   23080 watch.go:40] Failed to load config from "c:\\Users\\ermi0\\flutter projects\\apps\\dataconnect": could not find dataconnect.yaml in `c:\Users\ermi0\flutter projects\apps\dataconnect`
 {"metadata":{"emulator":{"name":"dataconnect"},"message":"E0422 13:38:46.310471   23080 watch.go:40] Failed to load config from \"c:\\\\Users\\\\ermi0\\\\flutter projects\\\\apps\\\\dataconnect\": could not find dataconnect.yaml in `c:\\Users\\ermi0\\flutter projects\\apps\\dataconnect`\n"}}
[debug] [2026-04-22T10:38:56.310Z] E0422 13:38:56.310800   23080 watch.go:40] Failed to load config from "c:\\Users\\ermi0\\flutter projects\\apps\\dataconnect": could not find dataconnect.yaml in `c:\Users\ermi0\flutter projects\apps\dataconnect`
 {"metadata":{"emulator":{"name":"dataconnect"},"message":"E0422 13:38:56.310800   23080 watch.go:40] Failed to load config from \"c:\\\\Users\\\\ermi0\\\\flutter projects\\\\apps\\\\dataconnect\": could not find dataconnect.yaml in `c:\\Users\\ermi0\\flutter projects\\apps\\dataconnect`\n"}}
[debug] [2026-04-22T10:39:06.310Z] E0422 13:39:06.310639   23080 watch.go:40] Failed to load config from "c:\\Users\\ermi0\\flutter projects\\apps\\dataconnect": could not find dataconnect.yaml in `c:\Users\ermi0\flutter projects\apps\dataconnect`
 {"metadata":{"emulator":{"name":"dataconnect"},"message":"E0422 13:39:06.310639   23080 watch.go:40] Failed to load config from \"c:\\\\Users\\\\ermi0\\\\flutter projects\\\\apps\\\\dataconnect\": could not find dataconnect.yaml in `c:\\Users\\ermi0\\flutter projects\\apps\\dataconnect`\n"}}
[debug] [2026-04-22T10:39:16.311Z] E0422 13:39:16.310935   23080 watch.go:40] Failed to load config from "c:\\Users\\ermi0\\flutter projects\\apps\\dataconnect": could not find dataconnect.yaml in `c:\Users\ermi0\flutter projects\apps\dataconnect`
 {"metadata":{"emulator":{"name":"dataconnect"},"message":"E0422 13:39:16.310935   23080 watch.go:40] Failed to load config from \"c:\\\\Users\\\\ermi0\\\\flutter projects\\\\apps\\\\dataconnect\": could not find dataconnect.yaml in `c:\\Users\\ermi0\\flutter projects\\apps\\dataconnect`\n"}}
[debug] [2026-04-22T10:39:26.310Z] E0422 13:39:26.310644   23080 watch.go:40] Failed to load config from "c:\\Users\\ermi0\\flutter projects\\apps\\dataconnect": could not find dataconnect.yaml in `c:\Users\ermi0\flutter projects\apps\dataconnect`
 {"metadata":{"emulator":{"name":"dataconnect"},"message":"E0422 13:39:26.310644   23080 watch.go:40] Failed to load config from \"c:\\\\Users\\\\ermi0\\\\flutter projects\\\\apps\\\\dataconnect\": could not find dataconnect.yaml in `c:\\Users\\ermi0\\flutter projects\\apps\\dataconnect`\n"}}
[debug] [2026-04-22T10:39:36.310Z] E0422 13:39:36.310508   23080 watch.go:40] Failed to load config from "c:\\Users\\ermi0\\flutter projects\\apps\\dataconnect": could not find dataconnect.yaml in `c:\Users\ermi0\flutter projects\apps\dataconnect`
 {"metadata":{"emulator":{"name":"dataconnect"},"message":"E0422 13:39:36.310508   23080 watch.go:40] Failed to load config from \"c:\\\\Users\\\\ermi0\\\\flutter projects\\\\apps\\\\dataconnect\": could not find dataconnect.yaml in `c:\\Users\\ermi0\\flutter projects\\apps\\dataconnect`\n"}}
[debug] [2026-04-22T10:39:46.311Z] E0422 13:39:46.311319   23080 watch.go:40] Failed to load config from "c:\\Users\\ermi0\\flutter projects\\apps\\dataconnect": could not find dataconnect.yaml in `c:\Users\ermi0\flutter projects\apps\dataconnect`
 {"metadata":{"emulator":{"name":"dataconnect"},"message":"E0422 13:39:46.311319   23080 watch.go:40] Failed to load config from \"c:\\\\Users\\\\ermi0\\\\flutter projects\\\\apps\\\\dataconnect\": could not find dataconnect.yaml in `c:\\Users\\ermi0\\flutter projects\\apps\\dataconnect`\n"}}
[debug] [2026-04-22T10:39:56.310Z] E0422 13:39:56.310625   23080 watch.go:40] Failed to load config from "c:\\Users\\ermi0\\flutter projects\\apps\\dataconnect": could not find dataconnect.yaml in `c:\Users\ermi0\flutter projects\apps\dataconnect`
 {"metadata":{"emulator":{"name":"dataconnect"},"message":"E0422 13:39:56.310625   23080 watch.go:40] Failed to load config from \"c:\\\\Users\\\\ermi0\\\\flutter projects\\\\apps\\\\dataconnect\": could not find dataconnect.yaml in `c:\\Users\\ermi0\\flutter projects\\apps\\dataconnect`\n"}}
[debug] [2026-04-22T10:40:06.311Z] E0422 13:40:06.311163   23080 watch.go:40] Failed to load config from "c:\\Users\\ermi0\\flutter projects\\apps\\dataconnect": could not find dataconnect.yaml in `c:\Users\ermi0\flutter projects\apps\dataconnect`
 {"metadata":{"emulator":{"name":"dataconnect"},"message":"E0422 13:40:06.311163   23080 watch.go:40] Failed to load config from \"c:\\\\Users\\\\ermi0\\\\flutter projects\\\\apps\\\\dataconnect\": could not find dataconnect.yaml in `c:\\Users\\ermi0\\flutter projects\\apps\\dataconnect`\n"}}
[debug] [2026-04-22T10:40:16.311Z] E0422 13:40:16.310826   23080 watch.go:40] Failed to load config from "c:\\Users\\ermi0\\flutter projects\\apps\\dataconnect": could not find dataconnect.yaml in `c:\Users\ermi0\flutter projects\apps\dataconnect`
 {"metadata":{"emulator":{"name":"dataconnect"},"message":"E0422 13:40:16.310826   23080 watch.go:40] Failed to load config from \"c:\\\\Users\\\\ermi0\\\\flutter projects\\\\apps\\\\dataconnect\": could not find dataconnect.yaml in `c:\\Users\\ermi0\\flutter projects\\apps\\dataconnect`\n"}}
[debug] [2026-04-22T10:40:26.315Z] E0422 13:40:26.314513   23080 watch.go:40] Failed to load config from "c:\\Users\\ermi0\\flutter projects\\apps\\dataconnect": could not find dataconnect.yaml in `c:\Users\ermi0\flutter projects\apps\dataconnect`
 {"metadata":{"emulator":{"name":"dataconnect"},"message":"E0422 13:40:26.314513   23080 watch.go:40] Failed to load config from \"c:\\\\Users\\\\ermi0\\\\flutter projects\\\\apps\\\\dataconnect\": could not find dataconnect.yaml in `c:\\Users\\ermi0\\flutter projects\\apps\\dataconnect`\n"}}
[debug] [2026-04-22T10:40:36.311Z] E0422 13:40:36.311300   23080 watch.go:40] Failed to load config from "c:\\Users\\ermi0\\flutter projects\\apps\\dataconnect": could not find dataconnect.yaml in `c:\Users\ermi0\flutter projects\apps\dataconnect`
 {"metadata":{"emulator":{"name":"dataconnect"},"message":"E0422 13:40:36.311300   23080 watch.go:40] Failed to load config from \"c:\\\\Users\\\\ermi0\\\\flutter projects\\\\apps\\\\dataconnect\": could not find dataconnect.yaml in `c:\\Users\\ermi0\\flutter projects\\apps\\dataconnect`\n"}}
[debug] [2026-04-22T10:40:46.311Z] E0422 13:40:46.311155   23080 watch.go:40] Failed to load config from "c:\\Users\\ermi0\\flutter projects\\apps\\dataconnect": could not find dataconnect.yaml in `c:\Users\ermi0\flutter projects\apps\dataconnect`
 {"metadata":{"emulator":{"name":"dataconnect"},"message":"E0422 13:40:46.311155   23080 watch.go:40] Failed to load config from \"c:\\\\Users\\\\ermi0\\\\flutter projects\\\\apps\\\\dataconnect\": could not find dataconnect.yaml in `c:\\Users\\ermi0\\flutter projects\\apps\\dataconnect`\n"}}
[debug] [2026-04-22T10:40:56.311Z] E0422 13:40:56.310955   23080 watch.go:40] Failed to load config from "c:\\Users\\ermi0\\flutter projects\\apps\\dataconnect": could not find dataconnect.yaml in `c:\Users\ermi0\flutter projects\apps\dataconnect`
 {"metadata":{"emulator":{"name":"dataconnect"},"message":"E0422 13:40:56.310955   23080 watch.go:40] Failed to load config from \"c:\\\\Users\\\\ermi0\\\\flutter projects\\\\apps\\\\dataconnect\": could not find dataconnect.yaml in `c:\\Users\\ermi0\\flutter projects\\apps\\dataconnect`\n"}}
[debug] [2026-04-22T10:41:06.310Z] E0422 13:41:06.310375   23080 watch.go:40] Failed to load config from "c:\\Users\\ermi0\\flutter projects\\apps\\dataconnect": could not find dataconnect.yaml in `c:\Users\ermi0\flutter projects\apps\dataconnect`
 {"metadata":{"emulator":{"name":"dataconnect"},"message":"E0422 13:41:06.310375   23080 watch.go:40] Failed to load config from \"c:\\\\Users\\\\ermi0\\\\flutter projects\\\\apps\\\\dataconnect\": could not find dataconnect.yaml in `c:\\Users\\ermi0\\flutter projects\\apps\\dataconnect`\n"}}
[debug] [2026-04-22T10:41:16.310Z] E0422 13:41:16.310245   23080 watch.go:40] Failed to load config from "c:\\Users\\ermi0\\flutter projects\\apps\\dataconnect": could not find dataconnect.yaml in `c:\Users\ermi0\flutter projects\apps\dataconnect`
 {"metadata":{"emulator":{"name":"dataconnect"},"message":"E0422 13:41:16.310245   23080 watch.go:40] Failed to load config from \"c:\\\\Users\\\\ermi0\\\\flutter projects\\\\apps\\\\dataconnect\": could not find dataconnect.yaml in `c:\\Users\\ermi0\\flutter projects\\apps\\dataconnect`\n"}}
[debug] [2026-04-22T10:41:26.311Z] E0422 13:41:26.310601   23080 watch.go:40] Failed to load config from "c:\\Users\\ermi0\\flutter projects\\apps\\dataconnect": could not find dataconnect.yaml in `c:\Users\ermi0\flutter projects\apps\dataconnect`
 {"metadata":{"emulator":{"name":"dataconnect"},"message":"E0422 13:41:26.310601   23080 watch.go:40] Failed to load config from \"c:\\\\Users\\\\ermi0\\\\flutter projects\\\\apps\\\\dataconnect\": could not find dataconnect.yaml in `c:\\Users\\ermi0\\flutter projects\\apps\\dataconnect`\n"}}
[debug] [2026-04-22T10:41:36.311Z] E0422 13:41:36.311568   23080 watch.go:40] Failed to load config from "c:\\Users\\ermi0\\flutter projects\\apps\\dataconnect": could not find dataconnect.yaml in `c:\Users\ermi0\flutter projects\apps\dataconnect`
 {"metadata":{"emulator":{"name":"dataconnect"},"message":"E0422 13:41:36.311568   23080 watch.go:40] Failed to load config from \"c:\\\\Users\\\\ermi0\\\\flutter projects\\\\apps\\\\dataconnect\": could not find dataconnect.yaml in `c:\\Users\\ermi0\\flutter projects\\apps\\dataconnect`\n"}}
[debug] [2026-04-22T10:41:46.311Z] E0422 13:41:46.311329   23080 watch.go:40] Failed to load config from "c:\\Users\\ermi0\\flutter projects\\apps\\dataconnect": could not find dataconnect.yaml in `c:\Users\ermi0\flutter projects\apps\dataconnect`
 {"metadata":{"emulator":{"name":"dataconnect"},"message":"E0422 13:41:46.311329   23080 watch.go:40] Failed to load config from \"c:\\\\Users\\\\ermi0\\\\flutter projects\\\\apps\\\\dataconnect\": could not find dataconnect.yaml in `c:\\Users\\ermi0\\flutter projects\\apps\\dataconnect`\n"}}
[debug] [2026-04-22T10:41:56.310Z] E0422 13:41:56.310472   23080 watch.go:40] Failed to load config from "c:\\Users\\ermi0\\flutter projects\\apps\\dataconnect": could not find dataconnect.yaml in `c:\Users\ermi0\flutter projects\apps\dataconnect`
 {"metadata":{"emulator":{"name":"dataconnect"},"message":"E0422 13:41:56.310472   23080 watch.go:40] Failed to load config from \"c:\\\\Users\\\\ermi0\\\\flutter projects\\\\apps\\\\dataconnect\": could not find dataconnect.yaml in `c:\\Users\\ermi0\\flutter projects\\apps\\dataconnect`\n"}}
[debug] [2026-04-22T10:42:06.310Z] E0422 13:42:06.310365   23080 watch.go:40] Failed to load config from "c:\\Users\\ermi0\\flutter projects\\apps\\dataconnect": could not find dataconnect.yaml in `c:\Users\ermi0\flutter projects\apps\dataconnect`
 {"metadata":{"emulator":{"name":"dataconnect"},"message":"E0422 13:42:06.310365   23080 watch.go:40] Failed to load config from \"c:\\\\Users\\\\ermi0\\\\flutter projects\\\\apps\\\\dataconnect\": could not find dataconnect.yaml in `c:\\Users\\ermi0\\flutter projects\\apps\\dataconnect`\n"}}
[debug] [2026-04-22T10:42:16.311Z] E0422 13:42:16.311409   23080 watch.go:40] Failed to load config from "c:\\Users\\ermi0\\flutter projects\\apps\\dataconnect": could not find dataconnect.yaml in `c:\Users\ermi0\flutter projects\apps\dataconnect`
 {"metadata":{"emulator":{"name":"dataconnect"},"message":"E0422 13:42:16.311409   23080 watch.go:40] Failed to load config from \"c:\\\\Users\\\\ermi0\\\\flutter projects\\\\apps\\\\dataconnect\": could not find dataconnect.yaml in `c:\\Users\\ermi0\\flutter projects\\apps\\dataconnect`\n"}}
[debug] [2026-04-22T10:42:26.310Z] E0422 13:42:26.310235   23080 watch.go:40] Failed to load config from "c:\\Users\\ermi0\\flutter projects\\apps\\dataconnect": could not find dataconnect.yaml in `c:\Users\ermi0\flutter projects\apps\dataconnect`
 {"metadata":{"emulator":{"name":"dataconnect"},"message":"E0422 13:42:26.310235   23080 watch.go:40] Failed to load config from \"c:\\\\Users\\\\ermi0\\\\flutter projects\\\\apps\\\\dataconnect\": could not find dataconnect.yaml in `c:\\Users\\ermi0\\flutter projects\\apps\\dataconnect`\n"}}
[debug] [2026-04-22T10:42:36.312Z] E0422 13:42:36.312895   23080 watch.go:40] Failed to load config from "c:\\Users\\ermi0\\flutter projects\\apps\\dataconnect": could not find dataconnect.yaml in `c:\Users\ermi0\flutter projects\apps\dataconnect`
 {"metadata":{"emulator":{"name":"dataconnect"},"message":"E0422 13:42:36.312895   23080 watch.go:40] Failed to load config from \"c:\\\\Users\\\\ermi0\\\\flutter projects\\\\apps\\\\dataconnect\": could not find dataconnect.yaml in `c:\\Users\\ermi0\\flutter projects\\apps\\dataconnect`\n"}}
[debug] [2026-04-22T10:42:46.311Z] E0422 13:42:46.310643   23080 watch.go:40] Failed to load config from "c:\\Users\\ermi0\\flutter projects\\apps\\dataconnect": could not find dataconnect.yaml in `c:\Users\ermi0\flutter projects\apps\dataconnect`
 {"metadata":{"emulator":{"name":"dataconnect"},"message":"E0422 13:42:46.310643   23080 watch.go:40] Failed to load config from \"c:\\\\Users\\\\ermi0\\\\flutter projects\\\\apps\\\\dataconnect\": could not find dataconnect.yaml in `c:\\Users\\ermi0\\flutter projects\\apps\\dataconnect`\n"}}
[debug] [2026-04-22T10:42:56.311Z] E0422 13:42:56.310682   23080 watch.go:40] Failed to load config from "c:\\Users\\ermi0\\flutter projects\\apps\\dataconnect": could not find dataconnect.yaml in `c:\Users\ermi0\flutter projects\apps\dataconnect`
 {"metadata":{"emulator":{"name":"dataconnect"},"message":"E0422 13:42:56.310682   23080 watch.go:40] Failed to load config from \"c:\\\\Users\\\\ermi0\\\\flutter projects\\\\apps\\\\dataconnect\": could not find dataconnect.yaml in `c:\\Users\\ermi0\\flutter projects\\apps\\dataconnect`\n"}}
[debug] [2026-04-22T10:43:06.310Z] E0422 13:43:06.310376   23080 watch.go:40] Failed to load config from "c:\\Users\\ermi0\\flutter projects\\apps\\dataconnect": could not find dataconnect.yaml in `c:\Users\ermi0\flutter projects\apps\dataconnect`
 {"metadata":{"emulator":{"name":"dataconnect"},"message":"E0422 13:43:06.310376   23080 watch.go:40] Failed to load config from \"c:\\\\Users\\\\ermi0\\\\flutter projects\\\\apps\\\\dataconnect\": could not find dataconnect.yaml in `c:\\Users\\ermi0\\flutter projects\\apps\\dataconnect`\n"}}
[debug] [2026-04-22T10:43:16.310Z] E0422 13:43:16.310732   23080 watch.go:40] Failed to load config from "c:\\Users\\ermi0\\flutter projects\\apps\\dataconnect": could not find dataconnect.yaml in `c:\Users\ermi0\flutter projects\apps\dataconnect`
 {"metadata":{"emulator":{"name":"dataconnect"},"message":"E0422 13:43:16.310732   23080 watch.go:40] Failed to load config from \"c:\\\\Users\\\\ermi0\\\\flutter projects\\\\apps\\\\dataconnect\": could not find dataconnect.yaml in `c:\\Users\\ermi0\\flutter projects\\apps\\dataconnect`\n"}}
[debug] [2026-04-22T10:43:26.311Z] E0422 13:43:26.311312   23080 watch.go:40] Failed to load config from "c:\\Users\\ermi0\\flutter projects\\apps\\dataconnect": could not find dataconnect.yaml in `c:\Users\ermi0\flutter projects\apps\dataconnect`
 {"metadata":{"emulator":{"name":"dataconnect"},"message":"E0422 13:43:26.311312   23080 watch.go:40] Failed to load config from \"c:\\\\Users\\\\ermi0\\\\flutter projects\\\\apps\\\\dataconnect\": could not find dataconnect.yaml in `c:\\Users\\ermi0\\flutter projects\\apps\\dataconnect`\n"}}
[debug] [2026-04-22T10:43:36.310Z] E0422 13:43:36.310975   23080 watch.go:40] Failed to load config from "c:\\Users\\ermi0\\flutter projects\\apps\\dataconnect": could not find dataconnect.yaml in `c:\Users\ermi0\flutter projects\apps\dataconnect`
 {"metadata":{"emulator":{"name":"dataconnect"},"message":"E0422 13:43:36.310975   23080 watch.go:40] Failed to load config from \"c:\\\\Users\\\\ermi0\\\\flutter projects\\\\apps\\\\dataconnect\": could not find dataconnect.yaml in `c:\\Users\\ermi0\\flutter projects\\apps\\dataconnect`\n"}}
[debug] [2026-04-22T10:43:46.310Z] E0422 13:43:46.310428   23080 watch.go:40] Failed to load config from "c:\\Users\\ermi0\\flutter projects\\apps\\dataconnect": could not find dataconnect.yaml in `c:\Users\ermi0\flutter projects\apps\dataconnect`
 {"metadata":{"emulator":{"name":"dataconnect"},"message":"E0422 13:43:46.310428   23080 watch.go:40] Failed to load config from \"c:\\\\Users\\\\ermi0\\\\flutter projects\\\\apps\\\\dataconnect\": could not find dataconnect.yaml in `c:\\Users\\ermi0\\flutter projects\\apps\\dataconnect`\n"}}
[debug] [2026-04-22T10:43:56.310Z] E0422 13:43:56.310447   23080 watch.go:40] Failed to load config from "c:\\Users\\ermi0\\flutter projects\\apps\\dataconnect": could not find dataconnect.yaml in `c:\Users\ermi0\flutter projects\apps\dataconnect`
 {"metadata":{"emulator":{"name":"dataconnect"},"message":"E0422 13:43:56.310447   23080 watch.go:40] Failed to load config from \"c:\\\\Users\\\\ermi0\\\\flutter projects\\\\apps\\\\dataconnect\": could not find dataconnect.yaml in `c:\\Users\\ermi0\\flutter projects\\apps\\dataconnect`\n"}}
[debug] [2026-04-22T10:44:06.310Z] E0422 13:44:06.310498   23080 watch.go:40] Failed to load config from "c:\\Users\\ermi0\\flutter projects\\apps\\dataconnect": could not find dataconnect.yaml in `c:\Users\ermi0\flutter projects\apps\dataconnect`
 {"metadata":{"emulator":{"name":"dataconnect"},"message":"E0422 13:44:06.310498   23080 watch.go:40] Failed to load config from \"c:\\\\Users\\\\ermi0\\\\flutter projects\\\\apps\\\\dataconnect\": could not find dataconnect.yaml in `c:\\Users\\ermi0\\flutter projects\\apps\\dataconnect`\n"}}
[debug] [2026-04-22T10:44:16.316Z] E0422 13:44:16.316188   23080 watch.go:40] Failed to load config from "c:\\Users\\ermi0\\flutter projects\\apps\\dataconnect": could not find dataconnect.yaml in `c:\Users\ermi0\flutter projects\apps\dataconnect`
 {"metadata":{"emulator":{"name":"dataconnect"},"message":"E0422 13:44:16.316188   23080 watch.go:40] Failed to load config from \"c:\\\\Users\\\\ermi0\\\\flutter projects\\\\apps\\\\dataconnect\": could not find dataconnect.yaml in `c:\\Users\\ermi0\\flutter projects\\apps\\dataconnect`\n"}}
[debug] [2026-04-22T10:44:26.313Z] E0422 13:44:26.310272   23080 watch.go:40] Failed to load config from "c:\\Users\\ermi0\\flutter projects\\apps\\dataconnect": could not find dataconnect.yaml in `c:\Users\ermi0\flutter projects\apps\dataconnect`
 {"metadata":{"emulator":{"name":"dataconnect"},"message":"E0422 13:44:26.310272   23080 watch.go:40] Failed to load config from \"c:\\\\Users\\\\ermi0\\\\flutter projects\\\\apps\\\\dataconnect\": could not find dataconnect.yaml in `c:\\Users\\ermi0\\flutter projects\\apps\\dataconnect`\n"}}
[debug] [2026-04-22T10:44:36.310Z] E0422 13:44:36.310663   23080 watch.go:40] Failed to load config from "c:\\Users\\ermi0\\flutter projects\\apps\\dataconnect": could not find dataconnect.yaml in `c:\Users\ermi0\flutter projects\apps\dataconnect`
 {"metadata":{"emulator":{"name":"dataconnect"},"message":"E0422 13:44:36.310663   23080 watch.go:40] Failed to load config from \"c:\\\\Users\\\\ermi0\\\\flutter projects\\\\apps\\\\dataconnect\": could not find dataconnect.yaml in `c:\\Users\\ermi0\\flutter projects\\apps\\dataconnect`\n"}}
[debug] [2026-04-22T10:44:46.311Z] E0422 13:44:46.311735   23080 watch.go:40] Failed to load config from "c:\\Users\\ermi0\\flutter projects\\apps\\dataconnect": could not find dataconnect.yaml in `c:\Users\ermi0\flutter projects\apps\dataconnect`
 {"metadata":{"emulator":{"name":"dataconnect"},"message":"E0422 13:44:46.311735   23080 watch.go:40] Failed to load config from \"c:\\\\Users\\\\ermi0\\\\flutter projects\\\\apps\\\\dataconnect\": could not find dataconnect.yaml in `c:\\Users\\ermi0\\flutter projects\\apps\\dataconnect`\n"}}
[debug] [2026-04-22T10:44:56.310Z] E0422 13:44:56.309969   23080 watch.go:40] Failed to load config from "c:\\Users\\ermi0\\flutter projects\\apps\\dataconnect": could not find dataconnect.yaml in `c:\Users\ermi0\flutter projects\apps\dataconnect`
 {"metadata":{"emulator":{"name":"dataconnect"},"message":"E0422 13:44:56.309969   23080 watch.go:40] Failed to load config from \"c:\\\\Users\\\\ermi0\\\\flutter projects\\\\apps\\\\dataconnect\": could not find dataconnect.yaml in `c:\\Users\\ermi0\\flutter projects\\apps\\dataconnect`\n"}}
[debug] [2026-04-22T10:45:06.310Z] E0422 13:45:06.310130   23080 watch.go:40] Failed to load config from "c:\\Users\\ermi0\\flutter projects\\apps\\dataconnect": could not find dataconnect.yaml in `c:\Users\ermi0\flutter projects\apps\dataconnect`
 {"metadata":{"emulator":{"name":"dataconnect"},"message":"E0422 13:45:06.310130   23080 watch.go:40] Failed to load config from \"c:\\\\Users\\\\ermi0\\\\flutter projects\\\\apps\\\\dataconnect\": could not find dataconnect.yaml in `c:\\Users\\ermi0\\flutter projects\\apps\\dataconnect`\n"}}
[debug] [2026-04-22T10:45:16.311Z] E0422 13:45:16.310519   23080 watch.go:40] Failed to load config from "c:\\Users\\ermi0\\flutter projects\\apps\\dataconnect": could not find dataconnect.yaml in `c:\Users\ermi0\flutter projects\apps\dataconnect`
 {"metadata":{"emulator":{"name":"dataconnect"},"message":"E0422 13:45:16.310519   23080 watch.go:40] Failed to load config from \"c:\\\\Users\\\\ermi0\\\\flutter projects\\\\apps\\\\dataconnect\": could not find dataconnect.yaml in `c:\\Users\\ermi0\\flutter projects\\apps\\dataconnect`\n"}}
[debug] [2026-04-22T10:45:26.311Z] E0422 13:45:26.310812   23080 watch.go:40] Failed to load config from "c:\\Users\\ermi0\\flutter projects\\apps\\dataconnect": could not find dataconnect.yaml in `c:\Users\ermi0\flutter projects\apps\dataconnect`
 {"metadata":{"emulator":{"name":"dataconnect"},"message":"E0422 13:45:26.310812   23080 watch.go:40] Failed to load config from \"c:\\\\Users\\\\ermi0\\\\flutter projects\\\\apps\\\\dataconnect\": could not find dataconnect.yaml in `c:\\Users\\ermi0\\flutter projects\\apps\\dataconnect`\n"}}
[debug] [2026-04-22T10:45:36.311Z] E0422 13:45:36.310411   23080 watch.go:40] Failed to load config from "c:\\Users\\ermi0\\flutter projects\\apps\\dataconnect": could not find dataconnect.yaml in `c:\Users\ermi0\flutter projects\apps\dataconnect`
 {"metadata":{"emulator":{"name":"dataconnect"},"message":"E0422 13:45:36.310411   23080 watch.go:40] Failed to load config from \"c:\\\\Users\\\\ermi0\\\\flutter projects\\\\apps\\\\dataconnect\": could not find dataconnect.yaml in `c:\\Users\\ermi0\\flutter projects\\apps\\dataconnect`\n"}}
[debug] [2026-04-22T10:45:46.311Z] E0422 13:45:46.310485   23080 watch.go:40] Failed to load config from "c:\\Users\\ermi0\\flutter projects\\apps\\dataconnect": could not find dataconnect.yaml in `c:\Users\ermi0\flutter projects\apps\dataconnect`
 {"metadata":{"emulator":{"name":"dataconnect"},"message":"E0422 13:45:46.310485   23080 watch.go:40] Failed to load config from \"c:\\\\Users\\\\ermi0\\\\flutter projects\\\\apps\\\\dataconnect\": could not find dataconnect.yaml in `c:\\Users\\ermi0\\flutter projects\\apps\\dataconnect`\n"}}
[debug] [2026-04-22T10:45:56.311Z] E0422 13:45:56.310524   23080 watch.go:40] Failed to load config from "c:\\Users\\ermi0\\flutter projects\\apps\\dataconnect": could not find dataconnect.yaml in `c:\Users\ermi0\flutter projects\apps\dataconnect`
 {"metadata":{"emulator":{"name":"dataconnect"},"message":"E0422 13:45:56.310524   23080 watch.go:40] Failed to load config from \"c:\\\\Users\\\\ermi0\\\\flutter projects\\\\apps\\\\dataconnect\": could not find dataconnect.yaml in `c:\\Users\\ermi0\\flutter projects\\apps\\dataconnect`\n"}}
[debug] [2026-04-22T10:46:06.310Z] E0422 13:46:06.310582   23080 watch.go:40] Failed to load config from "c:\\Users\\ermi0\\flutter projects\\apps\\dataconnect": could not find dataconnect.yaml in `c:\Users\ermi0\flutter projects\apps\dataconnect`
 {"metadata":{"emulator":{"name":"dataconnect"},"message":"E0422 13:46:06.310582   23080 watch.go:40] Failed to load config from \"c:\\\\Users\\\\ermi0\\\\flutter projects\\\\apps\\\\dataconnect\": could not find dataconnect.yaml in `c:\\Users\\ermi0\\flutter projects\\apps\\dataconnect`\n"}}
[debug] [2026-04-22T10:46:16.310Z] E0422 13:46:16.310469   23080 watch.go:40] Failed to load config from "c:\\Users\\ermi0\\flutter projects\\apps\\dataconnect": could not find dataconnect.yaml in `c:\Users\ermi0\flutter projects\apps\dataconnect`
 {"metadata":{"emulator":{"name":"dataconnect"},"message":"E0422 13:46:16.310469   23080 watch.go:40] Failed to load config from \"c:\\\\Users\\\\ermi0\\\\flutter projects\\\\apps\\\\dataconnect\": could not find dataconnect.yaml in `c:\\Users\\ermi0\\flutter projects\\apps\\dataconnect`\n"}}
[debug] [2026-04-22T10:46:26.313Z] E0422 13:46:26.312936   23080 watch.go:40] Failed to load config from "c:\\Users\\ermi0\\flutter projects\\apps\\dataconnect": could not find dataconnect.yaml in `c:\Users\ermi0\flutter projects\apps\dataconnect`
 {"metadata":{"emulator":{"name":"dataconnect"},"message":"E0422 13:46:26.312936   23080 watch.go:40] Failed to load config from \"c:\\\\Users\\\\ermi0\\\\flutter projects\\\\apps\\\\dataconnect\": could not find dataconnect.yaml in `c:\\Users\\ermi0\\flutter projects\\apps\\dataconnect`\n"}}
[debug] [2026-04-22T10:46:36.311Z] E0422 13:46:36.311524   23080 watch.go:40] Failed to load config from "c:\\Users\\ermi0\\flutter projects\\apps\\dataconnect": could not find dataconnect.yaml in `c:\Users\ermi0\flutter projects\apps\dataconnect`
 {"metadata":{"emulator":{"name":"dataconnect"},"message":"E0422 13:46:36.311524   23080 watch.go:40] Failed to load config from \"c:\\\\Users\\\\ermi0\\\\flutter projects\\\\apps\\\\dataconnect\": could not find dataconnect.yaml in `c:\\Users\\ermi0\\flutter projects\\apps\\dataconnect`\n"}}
[debug] [2026-04-22T10:46:46.310Z] E0422 13:46:46.310646   23080 watch.go:40] Failed to load config from "c:\\Users\\ermi0\\flutter projects\\apps\\dataconnect": could not find dataconnect.yaml in `c:\Users\ermi0\flutter projects\apps\dataconnect`
 {"metadata":{"emulator":{"name":"dataconnect"},"message":"E0422 13:46:46.310646   23080 watch.go:40] Failed to load config from \"c:\\\\Users\\\\ermi0\\\\flutter projects\\\\apps\\\\dataconnect\": could not find dataconnect.yaml in `c:\\Users\\ermi0\\flutter projects\\apps\\dataconnect`\n"}}
[debug] [2026-04-22T10:46:56.310Z] E0422 13:46:56.311153   23080 watch.go:40] Failed to load config from "c:\\Users\\ermi0\\flutter projects\\apps\\dataconnect": could not find dataconnect.yaml in `c:\Users\ermi0\flutter projects\apps\dataconnect`
 {"metadata":{"emulator":{"name":"dataconnect"},"message":"E0422 13:46:56.311153   23080 watch.go:40] Failed to load config from \"c:\\\\Users\\\\ermi0\\\\flutter projects\\\\apps\\\\dataconnect\": could not find dataconnect.yaml in `c:\\Users\\ermi0\\flutter projects\\apps\\dataconnect`\n"}}
[debug] [2026-04-22T10:47:06.310Z] E0422 13:47:06.310456   23080 watch.go:40] Failed to load config from "c:\\Users\\ermi0\\flutter projects\\apps\\dataconnect": could not find dataconnect.yaml in `c:\Users\ermi0\flutter projects\apps\dataconnect`
 {"metadata":{"emulator":{"name":"dataconnect"},"message":"E0422 13:47:06.310456   23080 watch.go:40] Failed to load config from \"c:\\\\Users\\\\ermi0\\\\flutter projects\\\\apps\\\\dataconnect\": could not find dataconnect.yaml in `c:\\Users\\ermi0\\flutter projects\\apps\\dataconnect`\n"}}
[debug] [2026-04-22T10:47:16.311Z] E0422 13:47:16.311179   23080 watch.go:40] Failed to load config from "c:\\Users\\ermi0\\flutter projects\\apps\\dataconnect": could not find dataconnect.yaml in `c:\Users\ermi0\flutter projects\apps\dataconnect`
 {"metadata":{"emulator":{"name":"dataconnect"},"message":"E0422 13:47:16.311179   23080 watch.go:40] Failed to load config from \"c:\\\\Users\\\\ermi0\\\\flutter projects\\\\apps\\\\dataconnect\": could not find dataconnect.yaml in `c:\\Users\\ermi0\\flutter projects\\apps\\dataconnect`\n"}}
[debug] [2026-04-22T10:47:26.310Z] E0422 13:47:26.310460   23080 watch.go:40] Failed to load config from "c:\\Users\\ermi0\\flutter projects\\apps\\dataconnect": could not find dataconnect.yaml in `c:\Users\ermi0\flutter projects\apps\dataconnect`
 {"metadata":{"emulator":{"name":"dataconnect"},"message":"E0422 13:47:26.310460   23080 watch.go:40] Failed to load config from \"c:\\\\Users\\\\ermi0\\\\flutter projects\\\\apps\\\\dataconnect\": could not find dataconnect.yaml in `c:\\Users\\ermi0\\flutter projects\\apps\\dataconnect`\n"}}
[debug] [2026-04-22T10:47:36.311Z] E0422 13:47:36.311253   23080 watch.go:40] Failed to load config from "c:\\Users\\ermi0\\flutter projects\\apps\\dataconnect": could not find dataconnect.yaml in `c:\Users\ermi0\flutter projects\apps\dataconnect`
 {"metadata":{"emulator":{"name":"dataconnect"},"message":"E0422 13:47:36.311253   23080 watch.go:40] Failed to load config from \"c:\\\\Users\\\\ermi0\\\\flutter projects\\\\apps\\\\dataconnect\": could not find dataconnect.yaml in `c:\\Users\\ermi0\\flutter projects\\apps\\dataconnect`\n"}}
[debug] [2026-04-22T10:47:46.310Z] E0422 13:47:46.310583   23080 watch.go:40] Failed to load config from "c:\\Users\\ermi0\\flutter projects\\apps\\dataconnect": could not find dataconnect.yaml in `c:\Users\ermi0\flutter projects\apps\dataconnect`
 {"metadata":{"emulator":{"name":"dataconnect"},"message":"E0422 13:47:46.310583   23080 watch.go:40] Failed to load config from \"c:\\\\Users\\\\ermi0\\\\flutter projects\\\\apps\\\\dataconnect\": could not find dataconnect.yaml in `c:\\Users\\ermi0\\flutter projects\\apps\\dataconnect`\n"}}
[debug] [2026-04-22T10:47:56.311Z] E0422 13:47:56.311248   23080 watch.go:40] Failed to load config from "c:\\Users\\ermi0\\flutter projects\\apps\\dataconnect": could not find dataconnect.yaml in `c:\Users\ermi0\flutter projects\apps\dataconnect`
 {"metadata":{"emulator":{"name":"dataconnect"},"message":"E0422 13:47:56.311248   23080 watch.go:40] Failed to load config from \"c:\\\\Users\\\\ermi0\\\\flutter projects\\\\apps\\\\dataconnect\": could not find dataconnect.yaml in `c:\\Users\\ermi0\\flutter projects\\apps\\dataconnect`\n"}}
[debug] [2026-04-22T10:48:06.310Z] E0422 13:48:06.310513   23080 watch.go:40] Failed to load config from "c:\\Users\\ermi0\\flutter projects\\apps\\dataconnect": could not find dataconnect.yaml in `c:\Users\ermi0\flutter projects\apps\dataconnect`
 {"metadata":{"emulator":{"name":"dataconnect"},"message":"E0422 13:48:06.310513   23080 watch.go:40] Failed to load config from \"c:\\\\Users\\\\ermi0\\\\flutter projects\\\\apps\\\\dataconnect\": could not find dataconnect.yaml in `c:\\Users\\ermi0\\flutter projects\\apps\\dataconnect`\n"}}
[debug] [2026-04-22T10:48:16.310Z] E0422 13:48:16.310220   23080 watch.go:40] Failed to load config from "c:\\Users\\ermi0\\flutter projects\\apps\\dataconnect": could not find dataconnect.yaml in `c:\Users\ermi0\flutter projects\apps\dataconnect`
 {"metadata":{"emulator":{"name":"dataconnect"},"message":"E0422 13:48:16.310220   23080 watch.go:40] Failed to load config from \"c:\\\\Users\\\\ermi0\\\\flutter projects\\\\apps\\\\dataconnect\": could not find dataconnect.yaml in `c:\\Users\\ermi0\\flutter projects\\apps\\dataconnect`\n"}}
[debug] [2026-04-22T10:48:26.310Z] E0422 13:48:26.310326   23080 watch.go:40] Failed to load config from "c:\\Users\\ermi0\\flutter projects\\apps\\dataconnect": could not find dataconnect.yaml in `c:\Users\ermi0\flutter projects\apps\dataconnect`
 {"metadata":{"emulator":{"name":"dataconnect"},"message":"E0422 13:48:26.310326   23080 watch.go:40] Failed to load config from \"c:\\\\Users\\\\ermi0\\\\flutter projects\\\\apps\\\\dataconnect\": could not find dataconnect.yaml in `c:\\Users\\ermi0\\flutter projects\\apps\\dataconnect`\n"}}
[debug] [2026-04-22T10:48:36.314Z] E0422 13:48:36.314526   23080 watch.go:40] Failed to load config from "c:\\Users\\ermi0\\flutter projects\\apps\\dataconnect": could not find dataconnect.yaml in `c:\Users\ermi0\flutter projects\apps\dataconnect`
 {"metadata":{"emulator":{"name":"dataconnect"},"message":"E0422 13:48:36.314526   23080 watch.go:40] Failed to load config from \"c:\\\\Users\\\\ermi0\\\\flutter projects\\\\apps\\\\dataconnect\": could not find dataconnect.yaml in `c:\\Users\\ermi0\\flutter projects\\apps\\dataconnect`\n"}}
[debug] [2026-04-22T10:48:46.311Z] E0422 13:48:46.310860   23080 watch.go:40] Failed to load config from "c:\\Users\\ermi0\\flutter projects\\apps\\dataconnect": could not find dataconnect.yaml in `c:\Users\ermi0\flutter projects\apps\dataconnect`
 {"metadata":{"emulator":{"name":"dataconnect"},"message":"E0422 13:48:46.310860   23080 watch.go:40] Failed to load config from \"c:\\\\Users\\\\ermi0\\\\flutter projects\\\\apps\\\\dataconnect\": could not find dataconnect.yaml in `c:\\Users\\ermi0\\flutter projects\\apps\\dataconnect`\n"}}
[debug] [2026-04-22T10:48:56.310Z] E0422 13:48:56.310437   23080 watch.go:40] Failed to load config from "c:\\Users\\ermi0\\flutter projects\\apps\\dataconnect": could not find dataconnect.yaml in `c:\Users\ermi0\flutter projects\apps\dataconnect`
 {"metadata":{"emulator":{"name":"dataconnect"},"message":"E0422 13:48:56.310437   23080 watch.go:40] Failed to load config from \"c:\\\\Users\\\\ermi0\\\\flutter projects\\\\apps\\\\dataconnect\": could not find dataconnect.yaml in `c:\\Users\\ermi0\\flutter projects\\apps\\dataconnect`\n"}}
[debug] [2026-04-22T10:49:06.310Z] E0422 13:49:06.310608   23080 watch.go:40] Failed to load config from "c:\\Users\\ermi0\\flutter projects\\apps\\dataconnect": could not find dataconnect.yaml in `c:\Users\ermi0\flutter projects\apps\dataconnect`
 {"metadata":{"emulator":{"name":"dataconnect"},"message":"E0422 13:49:06.310608   23080 watch.go:40] Failed to load config from \"c:\\\\Users\\\\ermi0\\\\flutter projects\\\\apps\\\\dataconnect\": could not find dataconnect.yaml in `c:\\Users\\ermi0\\flutter projects\\apps\\dataconnect`\n"}}
[debug] [2026-04-22T10:49:16.310Z] E0422 13:49:16.310328   23080 watch.go:40] Failed to load config from "c:\\Users\\ermi0\\flutter projects\\apps\\dataconnect": could not find dataconnect.yaml in `c:\Users\ermi0\flutter projects\apps\dataconnect`
 {"metadata":{"emulator":{"name":"dataconnect"},"message":"E0422 13:49:16.310328   23080 watch.go:40] Failed to load config from \"c:\\\\Users\\\\ermi0\\\\flutter projects\\\\apps\\\\dataconnect\": could not find dataconnect.yaml in `c:\\Users\\ermi0\\flutter projects\\apps\\dataconnect`\n"}}
[debug] [2026-04-22T10:49:26.310Z] E0422 13:49:26.310743   23080 watch.go:40] Failed to load config from "c:\\Users\\ermi0\\flutter projects\\apps\\dataconnect": could not find dataconnect.yaml in `c:\Users\ermi0\flutter projects\apps\dataconnect`
 {"metadata":{"emulator":{"name":"dataconnect"},"message":"E0422 13:49:26.310743   23080 watch.go:40] Failed to load config from \"c:\\\\Users\\\\ermi0\\\\flutter projects\\\\apps\\\\dataconnect\": could not find dataconnect.yaml in `c:\\Users\\ermi0\\flutter projects\\apps\\dataconnect`\n"}}
[debug] [2026-04-22T10:49:36.311Z] E0422 13:49:36.310853   23080 watch.go:40] Failed to load config from "c:\\Users\\ermi0\\flutter projects\\apps\\dataconnect": could not find dataconnect.yaml in `c:\Users\ermi0\flutter projects\apps\dataconnect`
 {"metadata":{"emulator":{"name":"dataconnect"},"message":"E0422 13:49:36.310853   23080 watch.go:40] Failed to load config from \"c:\\\\Users\\\\ermi0\\\\flutter projects\\\\apps\\\\dataconnect\": could not find dataconnect.yaml in `c:\\Users\\ermi0\\flutter projects\\apps\\dataconnect`\n"}}
[debug] [2026-04-22T10:49:46.310Z] E0422 13:49:46.311212   23080 watch.go:40] Failed to load config from "c:\\Users\\ermi0\\flutter projects\\apps\\dataconnect": could not find dataconnect.yaml in `c:\Users\ermi0\flutter projects\apps\dataconnect`
 {"metadata":{"emulator":{"name":"dataconnect"},"message":"E0422 13:49:46.311212   23080 watch.go:40] Failed to load config from \"c:\\\\Users\\\\ermi0\\\\flutter projects\\\\apps\\\\dataconnect\": could not find dataconnect.yaml in `c:\\Users\\ermi0\\flutter projects\\apps\\dataconnect`\n"}}
[debug] [2026-04-22T10:49:56.310Z] E0422 13:49:56.310768   23080 watch.go:40] Failed to load config from "c:\\Users\\ermi0\\flutter projects\\apps\\dataconnect": could not find dataconnect.yaml in `c:\Users\ermi0\flutter projects\apps\dataconnect`
 {"metadata":{"emulator":{"name":"dataconnect"},"message":"E0422 13:49:56.310768   23080 watch.go:40] Failed to load config from \"c:\\\\Users\\\\ermi0\\\\flutter projects\\\\apps\\\\dataconnect\": could not find dataconnect.yaml in `c:\\Users\\ermi0\\flutter projects\\apps\\dataconnect`\n"}}
[debug] [2026-04-22T10:50:06.310Z] E0422 13:50:06.310994   23080 watch.go:40] Failed to load config from "c:\\Users\\ermi0\\flutter projects\\apps\\dataconnect": could not find dataconnect.yaml in `c:\Users\ermi0\flutter projects\apps\dataconnect`
 {"metadata":{"emulator":{"name":"dataconnect"},"message":"E0422 13:50:06.310994   23080 watch.go:40] Failed to load config from \"c:\\\\Users\\\\ermi0\\\\flutter projects\\\\apps\\\\dataconnect\": could not find dataconnect.yaml in `c:\\Users\\ermi0\\flutter projects\\apps\\dataconnect`\n"}}
[debug] [2026-04-22T10:50:16.311Z] E0422 13:50:16.310994   23080 watch.go:40] Failed to load config from "c:\\Users\\ermi0\\flutter projects\\apps\\dataconnect": could not find dataconnect.yaml in `c:\Users\ermi0\flutter projects\apps\dataconnect`
 {"metadata":{"emulator":{"name":"dataconnect"},"message":"E0422 13:50:16.310994   23080 watch.go:40] Failed to load config from \"c:\\\\Users\\\\ermi0\\\\flutter projects\\\\apps\\\\dataconnect\": could not find dataconnect.yaml in `c:\\Users\\ermi0\\flutter projects\\apps\\dataconnect`\n"}}
[debug] [2026-04-22T10:50:26.310Z] E0422 13:50:26.310397   23080 watch.go:40] Failed to load config from "c:\\Users\\ermi0\\flutter projects\\apps\\dataconnect": could not find dataconnect.yaml in `c:\Users\ermi0\flutter projects\apps\dataconnect`
 {"metadata":{"emulator":{"name":"dataconnect"},"message":"E0422 13:50:26.310397   23080 watch.go:40] Failed to load config from \"c:\\\\Users\\\\ermi0\\\\flutter projects\\\\apps\\\\dataconnect\": could not find dataconnect.yaml in `c:\\Users\\ermi0\\flutter projects\\apps\\dataconnect`\n"}}
[debug] [2026-04-22T10:50:36.311Z] E0422 13:50:36.310674   23080 watch.go:40] Failed to load config from "c:\\Users\\ermi0\\flutter projects\\apps\\dataconnect": could not find dataconnect.yaml in `c:\Users\ermi0\flutter projects\apps\dataconnect`
 {"metadata":{"emulator":{"name":"dataconnect"},"message":"E0422 13:50:36.310674   23080 watch.go:40] Failed to load config from \"c:\\\\Users\\\\ermi0\\\\flutter projects\\\\apps\\\\dataconnect\": could not find dataconnect.yaml in `c:\\Users\\ermi0\\flutter projects\\apps\\dataconnect`\n"}}
[debug] [2026-04-22T10:50:46.311Z] E0422 13:50:46.311034   23080 watch.go:40] Failed to load config from "c:\\Users\\ermi0\\flutter projects\\apps\\dataconnect": could not find dataconnect.yaml in `c:\Users\ermi0\flutter projects\apps\dataconnect`
 {"metadata":{"emulator":{"name":"dataconnect"},"message":"E0422 13:50:46.311034   23080 watch.go:40] Failed to load config from \"c:\\\\Users\\\\ermi0\\\\flutter projects\\\\apps\\\\dataconnect\": could not find dataconnect.yaml in `c:\\Users\\ermi0\\flutter projects\\apps\\dataconnect`\n"}}
[debug] [2026-04-22T10:50:56.313Z] E0422 13:50:56.311245   23080 watch.go:40] Failed to load config from "c:\\Users\\ermi0\\flutter projects\\apps\\dataconnect": could not find dataconnect.yaml in `c:\Users\ermi0\flutter projects\apps\dataconnect`
 {"metadata":{"emulator":{"name":"dataconnect"},"message":"E0422 13:50:56.311245   23080 watch.go:40] Failed to load config from \"c:\\\\Users\\\\ermi0\\\\flutter projects\\\\apps\\\\dataconnect\": could not find dataconnect.yaml in `c:\\Users\\ermi0\\flutter projects\\apps\\dataconnect`\n"}}
[debug] [2026-04-22T10:51:06.310Z] E0422 13:51:06.310515   23080 watch.go:40] Failed to load config from "c:\\Users\\ermi0\\flutter projects\\apps\\dataconnect": could not find dataconnect.yaml in `c:\Users\ermi0\flutter projects\apps\dataconnect`
 {"metadata":{"emulator":{"name":"dataconnect"},"message":"E0422 13:51:06.310515   23080 watch.go:40] Failed to load config from \"c:\\\\Users\\\\ermi0\\\\flutter projects\\\\apps\\\\dataconnect\": could not find dataconnect.yaml in `c:\\Users\\ermi0\\flutter projects\\apps\\dataconnect`\n"}}
[debug] [2026-04-22T10:51:16.310Z] E0422 13:51:16.310525   23080 watch.go:40] Failed to load config from "c:\\Users\\ermi0\\flutter projects\\apps\\dataconnect": could not find dataconnect.yaml in `c:\Users\ermi0\flutter projects\apps\dataconnect`
 {"metadata":{"emulator":{"name":"dataconnect"},"message":"E0422 13:51:16.310525   23080 watch.go:40] Failed to load config from \"c:\\\\Users\\\\ermi0\\\\flutter projects\\\\apps\\\\dataconnect\": could not find dataconnect.yaml in `c:\\Users\\ermi0\\flutter projects\\apps\\dataconnect`\n"}}
[debug] [2026-04-22T10:51:26.310Z] E0422 13:51:26.310522   23080 watch.go:40] Failed to load config from "c:\\Users\\ermi0\\flutter projects\\apps\\dataconnect": could not find dataconnect.yaml in `c:\Users\ermi0\flutter projects\apps\dataconnect`
 {"metadata":{"emulator":{"name":"dataconnect"},"message":"E0422 13:51:26.310522   23080 watch.go:40] Failed to load config from \"c:\\\\Users\\\\ermi0\\\\flutter projects\\\\apps\\\\dataconnect\": could not find dataconnect.yaml in `c:\\Users\\ermi0\\flutter projects\\apps\\dataconnect`\n"}}
[debug] [2026-04-22T10:51:36.310Z] E0422 13:51:36.310473   23080 watch.go:40] Failed to load config from "c:\\Users\\ermi0\\flutter projects\\apps\\dataconnect": could not find dataconnect.yaml in `c:\Users\ermi0\flutter projects\apps\dataconnect`
 {"metadata":{"emulator":{"name":"dataconnect"},"message":"E0422 13:51:36.310473   23080 watch.go:40] Failed to load config from \"c:\\\\Users\\\\ermi0\\\\flutter projects\\\\apps\\\\dataconnect\": could not find dataconnect.yaml in `c:\\Users\\ermi0\\flutter projects\\apps\\dataconnect`\n"}}
[debug] [2026-04-22T10:51:46.311Z] E0422 13:51:46.311191   23080 watch.go:40] Failed to load config from "c:\\Users\\ermi0\\flutter projects\\apps\\dataconnect": could not find dataconnect.yaml in `c:\Users\ermi0\flutter projects\apps\dataconnect`
 {"metadata":{"emulator":{"name":"dataconnect"},"message":"E0422 13:51:46.311191   23080 watch.go:40] Failed to load config from \"c:\\\\Users\\\\ermi0\\\\flutter projects\\\\apps\\\\dataconnect\": could not find dataconnect.yaml in `c:\\Users\\ermi0\\flutter projects\\apps\\dataconnect`\n"}}
[debug] [2026-04-22T10:51:56.310Z] E0422 13:51:56.310452   23080 watch.go:40] Failed to load config from "c:\\Users\\ermi0\\flutter projects\\apps\\dataconnect": could not find dataconnect.yaml in `c:\Users\ermi0\flutter projects\apps\dataconnect`
 {"metadata":{"emulator":{"name":"dataconnect"},"message":"E0422 13:51:56.310452   23080 watch.go:40] Failed to load config from \"c:\\\\Users\\\\ermi0\\\\flutter projects\\\\apps\\\\dataconnect\": could not find dataconnect.yaml in `c:\\Users\\ermi0\\flutter projects\\apps\\dataconnect`\n"}}
[debug] [2026-04-22T10:52:06.310Z] E0422 13:52:06.310278   23080 watch.go:40] Failed to load config from "c:\\Users\\ermi0\\flutter projects\\apps\\dataconnect": could not find dataconnect.yaml in `c:\Users\ermi0\flutter projects\apps\dataconnect`
 {"metadata":{"emulator":{"name":"dataconnect"},"message":"E0422 13:52:06.310278   23080 watch.go:40] Failed to load config from \"c:\\\\Users\\\\ermi0\\\\flutter projects\\\\apps\\\\dataconnect\": could not find dataconnect.yaml in `c:\\Users\\ermi0\\flutter projects\\apps\\dataconnect`\n"}}
[debug] [2026-04-22T10:52:16.311Z] E0422 13:52:16.310758   23080 watch.go:40] Failed to load config from "c:\\Users\\ermi0\\flutter projects\\apps\\dataconnect": could not find dataconnect.yaml in `c:\Users\ermi0\flutter projects\apps\dataconnect`
 {"metadata":{"emulator":{"name":"dataconnect"},"message":"E0422 13:52:16.310758   23080 watch.go:40] Failed to load config from \"c:\\\\Users\\\\ermi0\\\\flutter projects\\\\apps\\\\dataconnect\": could not find dataconnect.yaml in `c:\\Users\\ermi0\\flutter projects\\apps\\dataconnect`\n"}}
[debug] [2026-04-22T10:52:26.311Z] E0422 13:52:26.311159   23080 watch.go:40] Failed to load config from "c:\\Users\\ermi0\\flutter projects\\apps\\dataconnect": could not find dataconnect.yaml in `c:\Users\ermi0\flutter projects\apps\dataconnect`
 {"metadata":{"emulator":{"name":"dataconnect"},"message":"E0422 13:52:26.311159   23080 watch.go:40] Failed to load config from \"c:\\\\Users\\\\ermi0\\\\flutter projects\\\\apps\\\\dataconnect\": could not find dataconnect.yaml in `c:\\Users\\ermi0\\flutter projects\\apps\\dataconnect`\n"}}
[debug] [2026-04-22T10:52:36.310Z] E0422 13:52:36.310534   23080 watch.go:40] Failed to load config from "c:\\Users\\ermi0\\flutter projects\\apps\\dataconnect": could not find dataconnect.yaml in `c:\Users\ermi0\flutter projects\apps\dataconnect`
 {"metadata":{"emulator":{"name":"dataconnect"},"message":"E0422 13:52:36.310534   23080 watch.go:40] Failed to load config from \"c:\\\\Users\\\\ermi0\\\\flutter projects\\\\apps\\\\dataconnect\": could not find dataconnect.yaml in `c:\\Users\\ermi0\\flutter projects\\apps\\dataconnect`\n"}}
[debug] [2026-04-22T10:52:46.313Z] E0422 13:52:46.312537   23080 watch.go:40] Failed to load config from "c:\\Users\\ermi0\\flutter projects\\apps\\dataconnect": could not find dataconnect.yaml in `c:\Users\ermi0\flutter projects\apps\dataconnect`
 {"metadata":{"emulator":{"name":"dataconnect"},"message":"E0422 13:52:46.312537   23080 watch.go:40] Failed to load config from \"c:\\\\Users\\\\ermi0\\\\flutter projects\\\\apps\\\\dataconnect\": could not find dataconnect.yaml in `c:\\Users\\ermi0\\flutter projects\\apps\\dataconnect`\n"}}
[debug] [2026-04-22T10:52:56.310Z] E0422 13:52:56.310356   23080 watch.go:40] Failed to load config from "c:\\Users\\ermi0\\flutter projects\\apps\\dataconnect": could not find dataconnect.yaml in `c:\Users\ermi0\flutter projects\apps\dataconnect`
 {"metadata":{"emulator":{"name":"dataconnect"},"message":"E0422 13:52:56.310356   23080 watch.go:40] Failed to load config from \"c:\\\\Users\\\\ermi0\\\\flutter projects\\\\apps\\\\dataconnect\": could not find dataconnect.yaml in `c:\\Users\\ermi0\\flutter projects\\apps\\dataconnect`\n"}}
[debug] [2026-04-22T10:53:06.310Z] E0422 13:53:06.310341   23080 watch.go:40] Failed to load config from "c:\\Users\\ermi0\\flutter projects\\apps\\dataconnect": could not find dataconnect.yaml in `c:\Users\ermi0\flutter projects\apps\dataconnect`
 {"metadata":{"emulator":{"name":"dataconnect"},"message":"E0422 13:53:06.310341   23080 watch.go:40] Failed to load config from \"c:\\\\Users\\\\ermi0\\\\flutter projects\\\\apps\\\\dataconnect\": could not find dataconnect.yaml in `c:\\Users\\ermi0\\flutter projects\\apps\\dataconnect`\n"}}
[debug] [2026-04-22T10:53:16.310Z] E0422 13:53:16.310561   23080 watch.go:40] Failed to load config from "c:\\Users\\ermi0\\flutter projects\\apps\\dataconnect": could not find dataconnect.yaml in `c:\Users\ermi0\flutter projects\apps\dataconnect`
 {"metadata":{"emulator":{"name":"dataconnect"},"message":"E0422 13:53:16.310561   23080 watch.go:40] Failed to load config from \"c:\\\\Users\\\\ermi0\\\\flutter projects\\\\apps\\\\dataconnect\": could not find dataconnect.yaml in `c:\\Users\\ermi0\\flutter projects\\apps\\dataconnect`\n"}}
[debug] [2026-04-22T10:53:26.310Z] E0422 13:53:26.310758   23080 watch.go:40] Failed to load config from "c:\\Users\\ermi0\\flutter projects\\apps\\dataconnect": could not find dataconnect.yaml in `c:\Users\ermi0\flutter projects\apps\dataconnect`
 {"metadata":{"emulator":{"name":"dataconnect"},"message":"E0422 13:53:26.310758   23080 watch.go:40] Failed to load config from \"c:\\\\Users\\\\ermi0\\\\flutter projects\\\\apps\\\\dataconnect\": could not find dataconnect.yaml in `c:\\Users\\ermi0\\flutter projects\\apps\\dataconnect`\n"}}
[debug] [2026-04-22T10:53:36.310Z] E0422 13:53:36.310527   23080 watch.go:40] Failed to load config from "c:\\Users\\ermi0\\flutter projects\\apps\\dataconnect": could not find dataconnect.yaml in `c:\Users\ermi0\flutter projects\apps\dataconnect`
 {"metadata":{"emulator":{"name":"dataconnect"},"message":"E0422 13:53:36.310527   23080 watch.go:40] Failed to load config from \"c:\\\\Users\\\\ermi0\\\\flutter projects\\\\apps\\\\dataconnect\": could not find dataconnect.yaml in `c:\\Users\\ermi0\\flutter projects\\apps\\dataconnect`\n"}}
[debug] [2026-04-22T10:53:46.310Z] E0422 13:53:46.310531   23080 watch.go:40] Failed to load config from "c:\\Users\\ermi0\\flutter projects\\apps\\dataconnect": could not find dataconnect.yaml in `c:\Users\ermi0\flutter projects\apps\dataconnect`
 {"metadata":{"emulator":{"name":"dataconnect"},"message":"E0422 13:53:46.310531   23080 watch.go:40] Failed to load config from \"c:\\\\Users\\\\ermi0\\\\flutter projects\\\\apps\\\\dataconnect\": could not find dataconnect.yaml in `c:\\Users\\ermi0\\flutter projects\\apps\\dataconnect`\n"}}
[debug] [2026-04-22T10:53:56.310Z] E0422 13:53:56.310396   23080 watch.go:40] Failed to load config from "c:\\Users\\ermi0\\flutter projects\\apps\\dataconnect": could not find dataconnect.yaml in `c:\Users\ermi0\flutter projects\apps\dataconnect`
 {"metadata":{"emulator":{"name":"dataconnect"},"message":"E0422 13:53:56.310396   23080 watch.go:40] Failed to load config from \"c:\\\\Users\\\\ermi0\\\\flutter projects\\\\apps\\\\dataconnect\": could not find dataconnect.yaml in `c:\\Users\\ermi0\\flutter projects\\apps\\dataconnect`\n"}}
[debug] [2026-04-22T10:54:06.310Z] E0422 13:54:06.310426   23080 watch.go:40] Failed to load config from "c:\\Users\\ermi0\\flutter projects\\apps\\dataconnect": could not find dataconnect.yaml in `c:\Users\ermi0\flutter projects\apps\dataconnect`
 {"metadata":{"emulator":{"name":"dataconnect"},"message":"E0422 13:54:06.310426   23080 watch.go:40] Failed to load config from \"c:\\\\Users\\\\ermi0\\\\flutter projects\\\\apps\\\\dataconnect\": could not find dataconnect.yaml in `c:\\Users\\ermi0\\flutter projects\\apps\\dataconnect`\n"}}
[debug] [2026-04-22T10:54:16.311Z] E0422 13:54:16.310716   23080 watch.go:40] Failed to load config from "c:\\Users\\ermi0\\flutter projects\\apps\\dataconnect": could not find dataconnect.yaml in `c:\Users\ermi0\flutter projects\apps\dataconnect`
 {"metadata":{"emulator":{"name":"dataconnect"},"message":"E0422 13:54:16.310716   23080 watch.go:40] Failed to load config from \"c:\\\\Users\\\\ermi0\\\\flutter projects\\\\apps\\\\dataconnect\": could not find dataconnect.yaml in `c:\\Users\\ermi0\\flutter projects\\apps\\dataconnect`\n"}}
[debug] [2026-04-22T10:54:26.310Z] E0422 13:54:26.310642   23080 watch.go:40] Failed to load config from "c:\\Users\\ermi0\\flutter projects\\apps\\dataconnect": could not find dataconnect.yaml in `c:\Users\ermi0\flutter projects\apps\dataconnect`
 {"metadata":{"emulator":{"name":"dataconnect"},"message":"E0422 13:54:26.310642   23080 watch.go:40] Failed to load config from \"c:\\\\Users\\\\ermi0\\\\flutter projects\\\\apps\\\\dataconnect\": could not find dataconnect.yaml in `c:\\Users\\ermi0\\flutter projects\\apps\\dataconnect`\n"}}
[debug] [2026-04-22T10:54:36.310Z] E0422 13:54:36.310503   23080 watch.go:40] Failed to load config from "c:\\Users\\ermi0\\flutter projects\\apps\\dataconnect": could not find dataconnect.yaml in `c:\Users\ermi0\flutter projects\apps\dataconnect`
 {"metadata":{"emulator":{"name":"dataconnect"},"message":"E0422 13:54:36.310503   23080 watch.go:40] Failed to load config from \"c:\\\\Users\\\\ermi0\\\\flutter projects\\\\apps\\\\dataconnect\": could not find dataconnect.yaml in `c:\\Users\\ermi0\\flutter projects\\apps\\dataconnect`\n"}}
[debug] [2026-04-22T10:54:46.310Z] E0422 13:54:46.310538   23080 watch.go:40] Failed to load config from "c:\\Users\\ermi0\\flutter projects\\apps\\dataconnect": could not find dataconnect.yaml in `c:\Users\ermi0\flutter projects\apps\dataconnect`
 {"metadata":{"emulator":{"name":"dataconnect"},"message":"E0422 13:54:46.310538   23080 watch.go:40] Failed to load config from \"c:\\\\Users\\\\ermi0\\\\flutter projects\\\\apps\\\\dataconnect\": could not find dataconnect.yaml in `c:\\Users\\ermi0\\flutter projects\\apps\\dataconnect`\n"}}
[debug] [2026-04-22T10:54:56.316Z] E0422 13:54:56.313669   23080 watch.go:40] Failed to load config from "c:\\Users\\ermi0\\flutter projects\\apps\\dataconnect": could not find dataconnect.yaml in `c:\Users\ermi0\flutter projects\apps\dataconnect`
 {"metadata":{"emulator":{"name":"dataconnect"},"message":"E0422 13:54:56.313669   23080 watch.go:40] Failed to load config from \"c:\\\\Users\\\\ermi0\\\\flutter projects\\\\apps\\\\dataconnect\": could not find dataconnect.yaml in `c:\\Users\\ermi0\\flutter projects\\apps\\dataconnect`\n"}}
[debug] [2026-04-22T10:55:06.310Z] E0422 13:55:06.310528   23080 watch.go:40] Failed to load config from "c:\\Users\\ermi0\\flutter projects\\apps\\dataconnect": could not find dataconnect.yaml in `c:\Users\ermi0\flutter projects\apps\dataconnect`
 {"metadata":{"emulator":{"name":"dataconnect"},"message":"E0422 13:55:06.310528   23080 watch.go:40] Failed to load config from \"c:\\\\Users\\\\ermi0\\\\flutter projects\\\\apps\\\\dataconnect\": could not find dataconnect.yaml in `c:\\Users\\ermi0\\flutter projects\\apps\\dataconnect`\n"}}
[debug] [2026-04-22T10:55:16.310Z] E0422 13:55:16.310413   23080 watch.go:40] Failed to load config from "c:\\Users\\ermi0\\flutter projects\\apps\\dataconnect": could not find dataconnect.yaml in `c:\Users\ermi0\flutter projects\apps\dataconnect`
 {"metadata":{"emulator":{"name":"dataconnect"},"message":"E0422 13:55:16.310413   23080 watch.go:40] Failed to load config from \"c:\\\\Users\\\\ermi0\\\\flutter projects\\\\apps\\\\dataconnect\": could not find dataconnect.yaml in `c:\\Users\\ermi0\\flutter projects\\apps\\dataconnect`\n"}}
[debug] [2026-04-22T10:55:26.310Z] E0422 13:55:26.310688   23080 watch.go:40] Failed to load config from "c:\\Users\\ermi0\\flutter projects\\apps\\dataconnect": could not find dataconnect.yaml in `c:\Users\ermi0\flutter projects\apps\dataconnect`
 {"metadata":{"emulator":{"name":"dataconnect"},"message":"E0422 13:55:26.310688   23080 watch.go:40] Failed to load config from \"c:\\\\Users\\\\ermi0\\\\flutter projects\\\\apps\\\\dataconnect\": could not find dataconnect.yaml in `c:\\Users\\ermi0\\flutter projects\\apps\\dataconnect`\n"}}
[debug] [2026-04-22T10:55:36.310Z] E0422 13:55:36.310109   23080 watch.go:40] Failed to load config from "c:\\Users\\ermi0\\flutter projects\\apps\\dataconnect": could not find dataconnect.yaml in `c:\Users\ermi0\flutter projects\apps\dataconnect`
 {"metadata":{"emulator":{"name":"dataconnect"},"message":"E0422 13:55:36.310109   23080 watch.go:40] Failed to load config from \"c:\\\\Users\\\\ermi0\\\\flutter projects\\\\apps\\\\dataconnect\": could not find dataconnect.yaml in `c:\\Users\\ermi0\\flutter projects\\apps\\dataconnect`\n"}}
[debug] [2026-04-22T10:55:46.310Z] E0422 13:55:46.310569   23080 watch.go:40] Failed to load config from "c:\\Users\\ermi0\\flutter projects\\apps\\dataconnect": could not find dataconnect.yaml in `c:\Users\ermi0\flutter projects\apps\dataconnect`
 {"metadata":{"emulator":{"name":"dataconnect"},"message":"E0422 13:55:46.310569   23080 watch.go:40] Failed to load config from \"c:\\\\Users\\\\ermi0\\\\flutter projects\\\\apps\\\\dataconnect\": could not find dataconnect.yaml in `c:\\Users\\ermi0\\flutter projects\\apps\\dataconnect`\n"}}
[debug] [2026-04-22T10:55:56.310Z] E0422 13:55:56.311031   23080 watch.go:40] Failed to load config from "c:\\Users\\ermi0\\flutter projects\\apps\\dataconnect": could not find dataconnect.yaml in `c:\Users\ermi0\flutter projects\apps\dataconnect`
 {"metadata":{"emulator":{"name":"dataconnect"},"message":"E0422 13:55:56.311031   23080 watch.go:40] Failed to load config from \"c:\\\\Users\\\\ermi0\\\\flutter projects\\\\apps\\\\dataconnect\": could not find dataconnect.yaml in `c:\\Users\\ermi0\\flutter projects\\apps\\dataconnect`\n"}}
[debug] [2026-04-22T10:56:06.310Z] E0422 13:56:06.310543   23080 watch.go:40] Failed to load config from "c:\\Users\\ermi0\\flutter projects\\apps\\dataconnect": could not find dataconnect.yaml in `c:\Users\ermi0\flutter projects\apps\dataconnect`
 {"metadata":{"emulator":{"name":"dataconnect"},"message":"E0422 13:56:06.310543   23080 watch.go:40] Failed to load config from \"c:\\\\Users\\\\ermi0\\\\flutter projects\\\\apps\\\\dataconnect\": could not find dataconnect.yaml in `c:\\Users\\ermi0\\flutter projects\\apps\\dataconnect`\n"}}
[debug] [2026-04-22T10:56:16.310Z] E0422 13:56:16.310421   23080 watch.go:40] Failed to load config from "c:\\Users\\ermi0\\flutter projects\\apps\\dataconnect": could not find dataconnect.yaml in `c:\Users\ermi0\flutter projects\apps\dataconnect`
 {"metadata":{"emulator":{"name":"dataconnect"},"message":"E0422 13:56:16.310421   23080 watch.go:40] Failed to load config from \"c:\\\\Users\\\\ermi0\\\\flutter projects\\\\apps\\\\dataconnect\": could not find dataconnect.yaml in `c:\\Users\\ermi0\\flutter projects\\apps\\dataconnect`\n"}}
[debug] [2026-04-22T10:56:26.310Z] E0422 13:56:26.310808   23080 watch.go:40] Failed to load config from "c:\\Users\\ermi0\\flutter projects\\apps\\dataconnect": could not find dataconnect.yaml in `c:\Users\ermi0\flutter projects\apps\dataconnect`
 {"metadata":{"emulator":{"name":"dataconnect"},"message":"E0422 13:56:26.310808   23080 watch.go:40] Failed to load config from \"c:\\\\Users\\\\ermi0\\\\flutter projects\\\\apps\\\\dataconnect\": could not find dataconnect.yaml in `c:\\Users\\ermi0\\flutter projects\\apps\\dataconnect`\n"}}
[debug] [2026-04-22T10:56:36.309Z] E0422 13:56:36.310000   23080 watch.go:40] Failed to load config from "c:\\Users\\ermi0\\flutter projects\\apps\\dataconnect": could not find dataconnect.yaml in `c:\Users\ermi0\flutter projects\apps\dataconnect`
 {"metadata":{"emulator":{"name":"dataconnect"},"message":"E0422 13:56:36.310000   23080 watch.go:40] Failed to load config from \"c:\\\\Users\\\\ermi0\\\\flutter projects\\\\apps\\\\dataconnect\": could not find dataconnect.yaml in `c:\\Users\\ermi0\\flutter projects\\apps\\dataconnect`\n"}}
[debug] [2026-04-22T10:56:46.310Z] E0422 13:56:46.310476   23080 watch.go:40] Failed to load config from "c:\\Users\\ermi0\\flutter projects\\apps\\dataconnect": could not find dataconnect.yaml in `c:\Users\ermi0\flutter projects\apps\dataconnect`
 {"metadata":{"emulator":{"name":"dataconnect"},"message":"E0422 13:56:46.310476   23080 watch.go:40] Failed to load config from \"c:\\\\Users\\\\ermi0\\\\flutter projects\\\\apps\\\\dataconnect\": could not find dataconnect.yaml in `c:\\Users\\ermi0\\flutter projects\\apps\\dataconnect`\n"}}
[debug] [2026-04-22T10:56:56.310Z] E0422 13:56:56.310400   23080 watch.go:40] Failed to load config from "c:\\Users\\ermi0\\flutter projects\\apps\\dataconnect": could not find dataconnect.yaml in `c:\Users\ermi0\flutter projects\apps\dataconnect`
 {"metadata":{"emulator":{"name":"dataconnect"},"message":"E0422 13:56:56.310400   23080 watch.go:40] Failed to load config from \"c:\\\\Users\\\\ermi0\\\\flutter projects\\\\apps\\\\dataconnect\": could not find dataconnect.yaml in `c:\\Users\\ermi0\\flutter projects\\apps\\dataconnect`\n"}}
[debug] [2026-04-22T10:57:06.312Z] E0422 13:57:06.312680   23080 watch.go:40] Failed to load config from "c:\\Users\\ermi0\\flutter projects\\apps\\dataconnect": could not find dataconnect.yaml in `c:\Users\ermi0\flutter projects\apps\dataconnect`
 {"metadata":{"emulator":{"name":"dataconnect"},"message":"E0422 13:57:06.312680   23080 watch.go:40] Failed to load config from \"c:\\\\Users\\\\ermi0\\\\flutter projects\\\\apps\\\\dataconnect\": could not find dataconnect.yaml in `c:\\Users\\ermi0\\flutter projects\\apps\\dataconnect`\n"}}
[debug] [2026-04-22T10:57:16.310Z] E0422 13:57:16.310150   23080 watch.go:40] Failed to load config from "c:\\Users\\ermi0\\flutter projects\\apps\\dataconnect": could not find dataconnect.yaml in `c:\Users\ermi0\flutter projects\apps\dataconnect`
 {"metadata":{"emulator":{"name":"dataconnect"},"message":"E0422 13:57:16.310150   23080 watch.go:40] Failed to load config from \"c:\\\\Users\\\\ermi0\\\\flutter projects\\\\apps\\\\dataconnect\": could not find dataconnect.yaml in `c:\\Users\\ermi0\\flutter projects\\apps\\dataconnect`\n"}}
[debug] [2026-04-22T10:57:26.310Z] E0422 13:57:26.310194   23080 watch.go:40] Failed to load config from "c:\\Users\\ermi0\\flutter projects\\apps\\dataconnect": could not find dataconnect.yaml in `c:\Users\ermi0\flutter projects\apps\dataconnect`
 {"metadata":{"emulator":{"name":"dataconnect"},"message":"E0422 13:57:26.310194   23080 watch.go:40] Failed to load config from \"c:\\\\Users\\\\ermi0\\\\flutter projects\\\\apps\\\\dataconnect\": could not find dataconnect.yaml in `c:\\Users\\ermi0\\flutter projects\\apps\\dataconnect`\n"}}
[debug] [2026-04-22T10:57:36.310Z] E0422 13:57:36.310377   23080 watch.go:40] Failed to load config from "c:\\Users\\ermi0\\flutter projects\\apps\\dataconnect": could not find dataconnect.yaml in `c:\Users\ermi0\flutter projects\apps\dataconnect`
 {"metadata":{"emulator":{"name":"dataconnect"},"message":"E0422 13:57:36.310377   23080 watch.go:40] Failed to load config from \"c:\\\\Users\\\\ermi0\\\\flutter projects\\\\apps\\\\dataconnect\": could not find dataconnect.yaml in `c:\\Users\\ermi0\\flutter projects\\apps\\dataconnect`\n"}}
[debug] [2026-04-22T10:57:46.310Z] E0422 13:57:46.310709   23080 watch.go:40] Failed to load config from "c:\\Users\\ermi0\\flutter projects\\apps\\dataconnect": could not find dataconnect.yaml in `c:\Users\ermi0\flutter projects\apps\dataconnect`
 {"metadata":{"emulator":{"name":"dataconnect"},"message":"E0422 13:57:46.310709   23080 watch.go:40] Failed to load config from \"c:\\\\Users\\\\ermi0\\\\flutter projects\\\\apps\\\\dataconnect\": could not find dataconnect.yaml in `c:\\Users\\ermi0\\flutter projects\\apps\\dataconnect`\n"}}
[debug] [2026-04-22T10:57:56.310Z] E0422 13:57:56.310401   23080 watch.go:40] Failed to load config from "c:\\Users\\ermi0\\flutter projects\\apps\\dataconnect": could not find dataconnect.yaml in `c:\Users\ermi0\flutter projects\apps\dataconnect`
 {"metadata":{"emulator":{"name":"dataconnect"},"message":"E0422 13:57:56.310401   23080 watch.go:40] Failed to load config from \"c:\\\\Users\\\\ermi0\\\\flutter projects\\\\apps\\\\dataconnect\": could not find dataconnect.yaml in `c:\\Users\\ermi0\\flutter projects\\apps\\dataconnect`\n"}}
[debug] [2026-04-22T10:58:06.310Z] E0422 13:58:06.310417   23080 watch.go:40] Failed to load config from "c:\\Users\\ermi0\\flutter projects\\apps\\dataconnect": could not find dataconnect.yaml in `c:\Users\ermi0\flutter projects\apps\dataconnect`
 {"metadata":{"emulator":{"name":"dataconnect"},"message":"E0422 13:58:06.310417   23080 watch.go:40] Failed to load config from \"c:\\\\Users\\\\ermi0\\\\flutter projects\\\\apps\\\\dataconnect\": could not find dataconnect.yaml in `c:\\Users\\ermi0\\flutter projects\\apps\\dataconnect`\n"}}
[debug] [2026-04-22T10:58:16.310Z] E0422 13:58:16.310435   23080 watch.go:40] Failed to load config from "c:\\Users\\ermi0\\flutter projects\\apps\\dataconnect": could not find dataconnect.yaml in `c:\Users\ermi0\flutter projects\apps\dataconnect`
 {"metadata":{"emulator":{"name":"dataconnect"},"message":"E0422 13:58:16.310435   23080 watch.go:40] Failed to load config from \"c:\\\\Users\\\\ermi0\\\\flutter projects\\\\apps\\\\dataconnect\": could not find dataconnect.yaml in `c:\\Users\\ermi0\\flutter projects\\apps\\dataconnect`\n"}}
[debug] [2026-04-22T10:58:26.310Z] E0422 13:58:26.310940   23080 watch.go:40] Failed to load config from "c:\\Users\\ermi0\\flutter projects\\apps\\dataconnect": could not find dataconnect.yaml in `c:\Users\ermi0\flutter projects\apps\dataconnect`
 {"metadata":{"emulator":{"name":"dataconnect"},"message":"E0422 13:58:26.310940   23080 watch.go:40] Failed to load config from \"c:\\\\Users\\\\ermi0\\\\flutter projects\\\\apps\\\\dataconnect\": could not find dataconnect.yaml in `c:\\Users\\ermi0\\flutter projects\\apps\\dataconnect`\n"}}
[debug] [2026-04-22T10:58:36.310Z] E0422 13:58:36.311094   23080 watch.go:40] Failed to load config from "c:\\Users\\ermi0\\flutter projects\\apps\\dataconnect": could not find dataconnect.yaml in `c:\Users\ermi0\flutter projects\apps\dataconnect`
 {"metadata":{"emulator":{"name":"dataconnect"},"message":"E0422 13:58:36.311094   23080 watch.go:40] Failed to load config from \"c:\\\\Users\\\\ermi0\\\\flutter projects\\\\apps\\\\dataconnect\": could not find dataconnect.yaml in `c:\\Users\\ermi0\\flutter projects\\apps\\dataconnect`\n"}}
[debug] [2026-04-22T10:58:46.310Z] E0422 13:58:46.310592   23080 watch.go:40] Failed to load config from "c:\\Users\\ermi0\\flutter projects\\apps\\dataconnect": could not find dataconnect.yaml in `c:\Users\ermi0\flutter projects\apps\dataconnect`
 {"metadata":{"emulator":{"name":"dataconnect"},"message":"E0422 13:58:46.310592   23080 watch.go:40] Failed to load config from \"c:\\\\Users\\\\ermi0\\\\flutter projects\\\\apps\\\\dataconnect\": could not find dataconnect.yaml in `c:\\Users\\ermi0\\flutter projects\\apps\\dataconnect`\n"}}
[debug] [2026-04-22T10:58:56.311Z] E0422 13:58:56.311210   23080 watch.go:40] Failed to load config from "c:\\Users\\ermi0\\flutter projects\\apps\\dataconnect": could not find dataconnect.yaml in `c:\Users\ermi0\flutter projects\apps\dataconnect`
 {"metadata":{"emulator":{"name":"dataconnect"},"message":"E0422 13:58:56.311210   23080 watch.go:40] Failed to load config from \"c:\\\\Users\\\\ermi0\\\\flutter projects\\\\apps\\\\dataconnect\": could not find dataconnect.yaml in `c:\\Users\\ermi0\\flutter projects\\apps\\dataconnect`\n"}}
[debug] [2026-04-22T10:59:06.310Z] E0422 13:59:06.310157   23080 watch.go:40] Failed to load config from "c:\\Users\\ermi0\\flutter projects\\apps\\dataconnect": could not find dataconnect.yaml in `c:\Users\ermi0\flutter projects\apps\dataconnect`
 {"metadata":{"emulator":{"name":"dataconnect"},"message":"E0422 13:59:06.310157   23080 watch.go:40] Failed to load config from \"c:\\\\Users\\\\ermi0\\\\flutter projects\\\\apps\\\\dataconnect\": could not find dataconnect.yaml in `c:\\Users\\ermi0\\flutter projects\\apps\\dataconnect`\n"}}
[debug] [2026-04-22T10:59:16.310Z] E0422 13:59:16.311004   23080 watch.go:40] Failed to load config from "c:\\Users\\ermi0\\flutter projects\\apps\\dataconnect": could not find dataconnect.yaml in `c:\Users\ermi0\flutter projects\apps\dataconnect`
 {"metadata":{"emulator":{"name":"dataconnect"},"message":"E0422 13:59:16.311004   23080 watch.go:40] Failed to load config from \"c:\\\\Users\\\\ermi0\\\\flutter projects\\\\apps\\\\dataconnect\": could not find dataconnect.yaml in `c:\\Users\\ermi0\\flutter projects\\apps\\dataconnect`\n"}}
[debug] [2026-04-22T10:59:26.310Z] E0422 13:59:26.310525   23080 watch.go:40] Failed to load config from "c:\\Users\\ermi0\\flutter projects\\apps\\dataconnect": could not find dataconnect.yaml in `c:\Users\ermi0\flutter projects\apps\dataconnect`
 {"metadata":{"emulator":{"name":"dataconnect"},"message":"E0422 13:59:26.310525   23080 watch.go:40] Failed to load config from \"c:\\\\Users\\\\ermi0\\\\flutter projects\\\\apps\\\\dataconnect\": could not find dataconnect.yaml in `c:\\Users\\ermi0\\flutter projects\\apps\\dataconnect`\n"}}
[debug] [2026-04-22T10:59:36.310Z] E0422 13:59:36.310803   23080 watch.go:40] Failed to load config from "c:\\Users\\ermi0\\flutter projects\\apps\\dataconnect": could not find dataconnect.yaml in `c:\Users\ermi0\flutter projects\apps\dataconnect`
 {"metadata":{"emulator":{"name":"dataconnect"},"message":"E0422 13:59:36.310803   23080 watch.go:40] Failed to load config from \"c:\\\\Users\\\\ermi0\\\\flutter projects\\\\apps\\\\dataconnect\": could not find dataconnect.yaml in `c:\\Users\\ermi0\\flutter projects\\apps\\dataconnect`\n"}}
[debug] [2026-04-22T10:59:46.312Z] E0422 13:59:46.311327   23080 watch.go:40] Failed to load config from "c:\\Users\\ermi0\\flutter projects\\apps\\dataconnect": could not find dataconnect.yaml in `c:\Users\ermi0\flutter projects\apps\dataconnect`
 {"metadata":{"emulator":{"name":"dataconnect"},"message":"E0422 13:59:46.311327   23080 watch.go:40] Failed to load config from \"c:\\\\Users\\\\ermi0\\\\flutter projects\\\\apps\\\\dataconnect\": could not find dataconnect.yaml in `c:\\Users\\ermi0\\flutter projects\\apps\\dataconnect`\n"}}
[debug] [2026-04-22T10:59:56.310Z] E0422 13:59:56.310526   23080 watch.go:40] Failed to load config from "c:\\Users\\ermi0\\flutter projects\\apps\\dataconnect": could not find dataconnect.yaml in `c:\Users\ermi0\flutter projects\apps\dataconnect`
 {"metadata":{"emulator":{"name":"dataconnect"},"message":"E0422 13:59:56.310526   23080 watch.go:40] Failed to load config from \"c:\\\\Users\\\\ermi0\\\\flutter projects\\\\apps\\\\dataconnect\": could not find dataconnect.yaml in `c:\\Users\\ermi0\\flutter projects\\apps\\dataconnect`\n"}}
[debug] [2026-04-22T11:00:06.310Z] E0422 14:00:06.310402   23080 watch.go:40] Failed to load config from "c:\\Users\\ermi0\\flutter projects\\apps\\dataconnect": could not find dataconnect.yaml in `c:\Users\ermi0\flutter projects\apps\dataconnect`
 {"metadata":{"emulator":{"name":"dataconnect"},"message":"E0422 14:00:06.310402   23080 watch.go:40] Failed to load config from \"c:\\\\Users\\\\ermi0\\\\flutter projects\\\\apps\\\\dataconnect\": could not find dataconnect.yaml in `c:\\Users\\ermi0\\flutter projects\\apps\\dataconnect`\n"}}
[debug] [2026-04-22T11:00:16.311Z] E0422 14:00:16.311413   23080 watch.go:40] Failed to load config from "c:\\Users\\ermi0\\flutter projects\\apps\\dataconnect": could not find dataconnect.yaml in `c:\Users\ermi0\flutter projects\apps\dataconnect`
 {"metadata":{"emulator":{"name":"dataconnect"},"message":"E0422 14:00:16.311413   23080 watch.go:40] Failed to load config from \"c:\\\\Users\\\\ermi0\\\\flutter projects\\\\apps\\\\dataconnect\": could not find dataconnect.yaml in `c:\\Users\\ermi0\\flutter projects\\apps\\dataconnect`\n"}}
[debug] [2026-04-22T11:00:26.311Z] E0422 14:00:26.310711   23080 watch.go:40] Failed to load config from "c:\\Users\\ermi0\\flutter projects\\apps\\dataconnect": could not find dataconnect.yaml in `c:\Users\ermi0\flutter projects\apps\dataconnect`
 {"metadata":{"emulator":{"name":"dataconnect"},"message":"E0422 14:00:26.310711   23080 watch.go:40] Failed to load config from \"c:\\\\Users\\\\ermi0\\\\flutter projects\\\\apps\\\\dataconnect\": could not find dataconnect.yaml in `c:\\Users\\ermi0\\flutter projects\\apps\\dataconnect`\n"}}
[debug] [2026-04-22T11:00:36.311Z] E0422 14:00:36.310548   23080 watch.go:40] Failed to load config from "c:\\Users\\ermi0\\flutter projects\\apps\\dataconnect": could not find dataconnect.yaml in `c:\Users\ermi0\flutter projects\apps\dataconnect`
 {"metadata":{"emulator":{"name":"dataconnect"},"message":"E0422 14:00:36.310548   23080 watch.go:40] Failed to load config from \"c:\\\\Users\\\\ermi0\\\\flutter projects\\\\apps\\\\dataconnect\": could not find dataconnect.yaml in `c:\\Users\\ermi0\\flutter projects\\apps\\dataconnect`\n"}}
[debug] [2026-04-22T11:00:46.311Z] E0422 14:00:46.310783   23080 watch.go:40] Failed to load config from "c:\\Users\\ermi0\\flutter projects\\apps\\dataconnect": could not find dataconnect.yaml in `c:\Users\ermi0\flutter projects\apps\dataconnect`
 {"metadata":{"emulator":{"name":"dataconnect"},"message":"E0422 14:00:46.310783   23080 watch.go:40] Failed to load config from \"c:\\\\Users\\\\ermi0\\\\flutter projects\\\\apps\\\\dataconnect\": could not find dataconnect.yaml in `c:\\Users\\ermi0\\flutter projects\\apps\\dataconnect`\n"}}
[debug] [2026-04-22T11:00:56.311Z] E0422 14:00:56.310210   23080 watch.go:40] Failed to load config from "c:\\Users\\ermi0\\flutter projects\\apps\\dataconnect": could not find dataconnect.yaml in `c:\Users\ermi0\flutter projects\apps\dataconnect`
 {"metadata":{"emulator":{"name":"dataconnect"},"message":"E0422 14:00:56.310210   23080 watch.go:40] Failed to load config from \"c:\\\\Users\\\\ermi0\\\\flutter projects\\\\apps\\\\dataconnect\": could not find dataconnect.yaml in `c:\\Users\\ermi0\\flutter projects\\apps\\dataconnect`\n"}}
[debug] [2026-04-22T11:01:06.310Z] E0422 14:01:06.310441   23080 watch.go:40] Failed to load config from "c:\\Users\\ermi0\\flutter projects\\apps\\dataconnect": could not find dataconnect.yaml in `c:\Users\ermi0\flutter projects\apps\dataconnect`
 {"metadata":{"emulator":{"name":"dataconnect"},"message":"E0422 14:01:06.310441   23080 watch.go:40] Failed to load config from \"c:\\\\Users\\\\ermi0\\\\flutter projects\\\\apps\\\\dataconnect\": could not find dataconnect.yaml in `c:\\Users\\ermi0\\flutter projects\\apps\\dataconnect`\n"}}
[debug] [2026-04-22T11:01:16.310Z] E0422 14:01:16.310798   23080 watch.go:40] Failed to load config from "c:\\Users\\ermi0\\flutter projects\\apps\\dataconnect": could not find dataconnect.yaml in `c:\Users\ermi0\flutter projects\apps\dataconnect`
 {"metadata":{"emulator":{"name":"dataconnect"},"message":"E0422 14:01:16.310798   23080 watch.go:40] Failed to load config from \"c:\\\\Users\\\\ermi0\\\\flutter projects\\\\apps\\\\dataconnect\": could not find dataconnect.yaml in `c:\\Users\\ermi0\\flutter projects\\apps\\dataconnect`\n"}}
[debug] [2026-04-22T11:01:26.310Z] E0422 14:01:26.310367   23080 watch.go:40] Failed to load config from "c:\\Users\\ermi0\\flutter projects\\apps\\dataconnect": could not find dataconnect.yaml in `c:\Users\ermi0\flutter projects\apps\dataconnect`
 {"metadata":{"emulator":{"name":"dataconnect"},"message":"E0422 14:01:26.310367   23080 watch.go:40] Failed to load config from \"c:\\\\Users\\\\ermi0\\\\flutter projects\\\\apps\\\\dataconnect\": could not find dataconnect.yaml in `c:\\Users\\ermi0\\flutter projects\\apps\\dataconnect`\n"}}
[debug] [2026-04-22T11:01:36.310Z] E0422 14:01:36.310479   23080 watch.go:40] Failed to load config from "c:\\Users\\ermi0\\flutter projects\\apps\\dataconnect": could not find dataconnect.yaml in `c:\Users\ermi0\flutter projects\apps\dataconnect`
 {"metadata":{"emulator":{"name":"dataconnect"},"message":"E0422 14:01:36.310479   23080 watch.go:40] Failed to load config from \"c:\\\\Users\\\\ermi0\\\\flutter projects\\\\apps\\\\dataconnect\": could not find dataconnect.yaml in `c:\\Users\\ermi0\\flutter projects\\apps\\dataconnect`\n"}}
[debug] [2026-04-22T11:01:46.310Z] E0422 14:01:46.310538   23080 watch.go:40] Failed to load config from "c:\\Users\\ermi0\\flutter projects\\apps\\dataconnect": could not find dataconnect.yaml in `c:\Users\ermi0\flutter projects\apps\dataconnect`
 {"metadata":{"emulator":{"name":"dataconnect"},"message":"E0422 14:01:46.310538   23080 watch.go:40] Failed to load config from \"c:\\\\Users\\\\ermi0\\\\flutter projects\\\\apps\\\\dataconnect\": could not find dataconnect.yaml in `c:\\Users\\ermi0\\flutter projects\\apps\\dataconnect`\n"}}
[debug] [2026-04-22T11:01:56.311Z] E0422 14:01:56.310665   23080 watch.go:40] Failed to load config from "c:\\Users\\ermi0\\flutter projects\\apps\\dataconnect": could not find dataconnect.yaml in `c:\Users\ermi0\flutter projects\apps\dataconnect`
 {"metadata":{"emulator":{"name":"dataconnect"},"message":"E0422 14:01:56.310665   23080 watch.go:40] Failed to load config from \"c:\\\\Users\\\\ermi0\\\\flutter projects\\\\apps\\\\dataconnect\": could not find dataconnect.yaml in `c:\\Users\\ermi0\\flutter projects\\apps\\dataconnect`\n"}}
[debug] [2026-04-22T11:02:06.311Z] E0422 14:02:06.310606   23080 watch.go:40] Failed to load config from "c:\\Users\\ermi0\\flutter projects\\apps\\dataconnect": could not find dataconnect.yaml in `c:\Users\ermi0\flutter projects\apps\dataconnect`
 {"metadata":{"emulator":{"name":"dataconnect"},"message":"E0422 14:02:06.310606   23080 watch.go:40] Failed to load config from \"c:\\\\Users\\\\ermi0\\\\flutter projects\\\\apps\\\\dataconnect\": could not find dataconnect.yaml in `c:\\Users\\ermi0\\flutter projects\\apps\\dataconnect`\n"}}
[debug] [2026-04-22T11:02:16.311Z] E0422 14:02:16.310530   23080 watch.go:40] Failed to load config from "c:\\Users\\ermi0\\flutter projects\\apps\\dataconnect": could not find dataconnect.yaml in `c:\Users\ermi0\flutter projects\apps\dataconnect`
 {"metadata":{"emulator":{"name":"dataconnect"},"message":"E0422 14:02:16.310530   23080 watch.go:40] Failed to load config from \"c:\\\\Users\\\\ermi0\\\\flutter projects\\\\apps\\\\dataconnect\": could not find dataconnect.yaml in `c:\\Users\\ermi0\\flutter projects\\apps\\dataconnect`\n"}}
[debug] [2026-04-22T11:02:26.311Z] E0422 14:02:26.310974   23080 watch.go:40] Failed to load config from "c:\\Users\\ermi0\\flutter projects\\apps\\dataconnect": could not find dataconnect.yaml in `c:\Users\ermi0\flutter projects\apps\dataconnect`
 {"metadata":{"emulator":{"name":"dataconnect"},"message":"E0422 14:02:26.310974   23080 watch.go:40] Failed to load config from \"c:\\\\Users\\\\ermi0\\\\flutter projects\\\\apps\\\\dataconnect\": could not find dataconnect.yaml in `c:\\Users\\ermi0\\flutter projects\\apps\\dataconnect`\n"}}
[debug] [2026-04-22T11:02:36.311Z] E0422 14:02:36.310396   23080 watch.go:40] Failed to load config from "c:\\Users\\ermi0\\flutter projects\\apps\\dataconnect": could not find dataconnect.yaml in `c:\Users\ermi0\flutter projects\apps\dataconnect`
 {"metadata":{"emulator":{"name":"dataconnect"},"message":"E0422 14:02:36.310396   23080 watch.go:40] Failed to load config from \"c:\\\\Users\\\\ermi0\\\\flutter projects\\\\apps\\\\dataconnect\": could not find dataconnect.yaml in `c:\\Users\\ermi0\\flutter projects\\apps\\dataconnect`\n"}}
[debug] [2026-04-22T11:02:46.311Z] E0422 14:02:46.310623   23080 watch.go:40] Failed to load config from "c:\\Users\\ermi0\\flutter projects\\apps\\dataconnect": could not find dataconnect.yaml in `c:\Users\ermi0\flutter projects\apps\dataconnect`
 {"metadata":{"emulator":{"name":"dataconnect"},"message":"E0422 14:02:46.310623   23080 watch.go:40] Failed to load config from \"c:\\\\Users\\\\ermi0\\\\flutter projects\\\\apps\\\\dataconnect\": could not find dataconnect.yaml in `c:\\Users\\ermi0\\flutter projects\\apps\\dataconnect`\n"}}
[debug] [2026-04-22T11:02:56.311Z] E0422 14:02:56.310426   23080 watch.go:40] Failed to load config from "c:\\Users\\ermi0\\flutter projects\\apps\\dataconnect": could not find dataconnect.yaml in `c:\Users\ermi0\flutter projects\apps\dataconnect`
 {"metadata":{"emulator":{"name":"dataconnect"},"message":"E0422 14:02:56.310426   23080 watch.go:40] Failed to load config from \"c:\\\\Users\\\\ermi0\\\\flutter projects\\\\apps\\\\dataconnect\": could not find dataconnect.yaml in `c:\\Users\\ermi0\\flutter projects\\apps\\dataconnect`\n"}}
[debug] [2026-04-22T11:03:06.310Z] E0422 14:03:06.310518   23080 watch.go:40] Failed to load config from "c:\\Users\\ermi0\\flutter projects\\apps\\dataconnect": could not find dataconnect.yaml in `c:\Users\ermi0\flutter projects\apps\dataconnect`
 {"metadata":{"emulator":{"name":"dataconnect"},"message":"E0422 14:03:06.310518   23080 watch.go:40] Failed to load config from \"c:\\\\Users\\\\ermi0\\\\flutter projects\\\\apps\\\\dataconnect\": could not find dataconnect.yaml in `c:\\Users\\ermi0\\flutter projects\\apps\\dataconnect`\n"}}
[debug] [2026-04-22T11:03:16.310Z] E0422 14:03:16.310442   23080 watch.go:40] Failed to load config from "c:\\Users\\ermi0\\flutter projects\\apps\\dataconnect": could not find dataconnect.yaml in `c:\Users\ermi0\flutter projects\apps\dataconnect`
 {"metadata":{"emulator":{"name":"dataconnect"},"message":"E0422 14:03:16.310442   23080 watch.go:40] Failed to load config from \"c:\\\\Users\\\\ermi0\\\\flutter projects\\\\apps\\\\dataconnect\": could not find dataconnect.yaml in `c:\\Users\\ermi0\\flutter projects\\apps\\dataconnect`\n"}}
[debug] [2026-04-22T11:03:26.312Z] E0422 14:03:26.312237   23080 watch.go:40] Failed to load config from "c:\\Users\\ermi0\\flutter projects\\apps\\dataconnect": could not find dataconnect.yaml in `c:\Users\ermi0\flutter projects\apps\dataconnect`
 {"metadata":{"emulator":{"name":"dataconnect"},"message":"E0422 14:03:26.312237   23080 watch.go:40] Failed to load config from \"c:\\\\Users\\\\ermi0\\\\flutter projects\\\\apps\\\\dataconnect\": could not find dataconnect.yaml in `c:\\Users\\ermi0\\flutter projects\\apps\\dataconnect`\n"}}
[debug] [2026-04-22T11:03:36.310Z] E0422 14:03:36.310610   23080 watch.go:40] Failed to load config from "c:\\Users\\ermi0\\flutter projects\\apps\\dataconnect": could not find dataconnect.yaml in `c:\Users\ermi0\flutter projects\apps\dataconnect`
 {"metadata":{"emulator":{"name":"dataconnect"},"message":"E0422 14:03:36.310610   23080 watch.go:40] Failed to load config from \"c:\\\\Users\\\\ermi0\\\\flutter projects\\\\apps\\\\dataconnect\": could not find dataconnect.yaml in `c:\\Users\\ermi0\\flutter projects\\apps\\dataconnect`\n"}}
[debug] [2026-04-22T11:03:46.311Z] E0422 14:03:46.310889   23080 watch.go:40] Failed to load config from "c:\\Users\\ermi0\\flutter projects\\apps\\dataconnect": could not find dataconnect.yaml in `c:\Users\ermi0\flutter projects\apps\dataconnect`
 {"metadata":{"emulator":{"name":"dataconnect"},"message":"E0422 14:03:46.310889   23080 watch.go:40] Failed to load config from \"c:\\\\Users\\\\ermi0\\\\flutter projects\\\\apps\\\\dataconnect\": could not find dataconnect.yaml in `c:\\Users\\ermi0\\flutter projects\\apps\\dataconnect`\n"}}
[debug] [2026-04-22T11:03:56.311Z] E0422 14:03:56.310822   23080 watch.go:40] Failed to load config from "c:\\Users\\ermi0\\flutter projects\\apps\\dataconnect": could not find dataconnect.yaml in `c:\Users\ermi0\flutter projects\apps\dataconnect`
 {"metadata":{"emulator":{"name":"dataconnect"},"message":"E0422 14:03:56.310822   23080 watch.go:40] Failed to load config from \"c:\\\\Users\\\\ermi0\\\\flutter projects\\\\apps\\\\dataconnect\": could not find dataconnect.yaml in `c:\\Users\\ermi0\\flutter projects\\apps\\dataconnect`\n"}}
[debug] [2026-04-22T11:04:06.310Z] E0422 14:04:06.310407   23080 watch.go:40] Failed to load config from "c:\\Users\\ermi0\\flutter projects\\apps\\dataconnect": could not find dataconnect.yaml in `c:\Users\ermi0\flutter projects\apps\dataconnect`
 {"metadata":{"emulator":{"name":"dataconnect"},"message":"E0422 14:04:06.310407   23080 watch.go:40] Failed to load config from \"c:\\\\Users\\\\ermi0\\\\flutter projects\\\\apps\\\\dataconnect\": could not find dataconnect.yaml in `c:\\Users\\ermi0\\flutter projects\\apps\\dataconnect`\n"}}
[debug] [2026-04-22T11:04:16.310Z] E0422 14:04:16.310800   23080 watch.go:40] Failed to load config from "c:\\Users\\ermi0\\flutter projects\\apps\\dataconnect": could not find dataconnect.yaml in `c:\Users\ermi0\flutter projects\apps\dataconnect`
 {"metadata":{"emulator":{"name":"dataconnect"},"message":"E0422 14:04:16.310800   23080 watch.go:40] Failed to load config from \"c:\\\\Users\\\\ermi0\\\\flutter projects\\\\apps\\\\dataconnect\": could not find dataconnect.yaml in `c:\\Users\\ermi0\\flutter projects\\apps\\dataconnect`\n"}}
[debug] [2026-04-22T11:04:26.310Z] E0422 14:04:26.310392   23080 watch.go:40] Failed to load config from "c:\\Users\\ermi0\\flutter projects\\apps\\dataconnect": could not find dataconnect.yaml in `c:\Users\ermi0\flutter projects\apps\dataconnect`
 {"metadata":{"emulator":{"name":"dataconnect"},"message":"E0422 14:04:26.310392   23080 watch.go:40] Failed to load config from \"c:\\\\Users\\\\ermi0\\\\flutter projects\\\\apps\\\\dataconnect\": could not find dataconnect.yaml in `c:\\Users\\ermi0\\flutter projects\\apps\\dataconnect`\n"}}
[debug] [2026-04-22T11:04:36.310Z] E0422 14:04:36.310352   23080 watch.go:40] Failed to load config from "c:\\Users\\ermi0\\flutter projects\\apps\\dataconnect": could not find dataconnect.yaml in `c:\Users\ermi0\flutter projects\apps\dataconnect`
 {"metadata":{"emulator":{"name":"dataconnect"},"message":"E0422 14:04:36.310352   23080 watch.go:40] Failed to load config from \"c:\\\\Users\\\\ermi0\\\\flutter projects\\\\apps\\\\dataconnect\": could not find dataconnect.yaml in `c:\\Users\\ermi0\\flutter projects\\apps\\dataconnect`\n"}}
[debug] [2026-04-22T11:04:46.310Z] E0422 14:04:46.310502   23080 watch.go:40] Failed to load config from "c:\\Users\\ermi0\\flutter projects\\apps\\dataconnect": could not find dataconnect.yaml in `c:\Users\ermi0\flutter projects\apps\dataconnect`
 {"metadata":{"emulator":{"name":"dataconnect"},"message":"E0422 14:04:46.310502   23080 watch.go:40] Failed to load config from \"c:\\\\Users\\\\ermi0\\\\flutter projects\\\\apps\\\\dataconnect\": could not find dataconnect.yaml in `c:\\Users\\ermi0\\flutter projects\\apps\\dataconnect`\n"}}
[debug] [2026-04-22T11:04:56.310Z] E0422 14:04:56.310425   23080 watch.go:40] Failed to load config from "c:\\Users\\ermi0\\flutter projects\\apps\\dataconnect": could not find dataconnect.yaml in `c:\Users\ermi0\flutter projects\apps\dataconnect`
 {"metadata":{"emulator":{"name":"dataconnect"},"message":"E0422 14:04:56.310425   23080 watch.go:40] Failed to load config from \"c:\\\\Users\\\\ermi0\\\\flutter projects\\\\apps\\\\dataconnect\": could not find dataconnect.yaml in `c:\\Users\\ermi0\\flutter projects\\apps\\dataconnect`\n"}}
[debug] [2026-04-22T11:05:06.314Z] E0422 14:05:06.310468   23080 watch.go:40] Failed to load config from "c:\\Users\\ermi0\\flutter projects\\apps\\dataconnect": could not find dataconnect.yaml in `c:\Users\ermi0\flutter projects\apps\dataconnect`
 {"metadata":{"emulator":{"name":"dataconnect"},"message":"E0422 14:05:06.310468   23080 watch.go:40] Failed to load config from \"c:\\\\Users\\\\ermi0\\\\flutter projects\\\\apps\\\\dataconnect\": could not find dataconnect.yaml in `c:\\Users\\ermi0\\flutter projects\\apps\\dataconnect`\n"}}
[debug] [2026-04-22T11:05:16.314Z] E0422 14:05:16.310694   23080 watch.go:40] Failed to load config from "c:\\Users\\ermi0\\flutter projects\\apps\\dataconnect": could not find dataconnect.yaml in `c:\Users\ermi0\flutter projects\apps\dataconnect`
 {"metadata":{"emulator":{"name":"dataconnect"},"message":"E0422 14:05:16.310694   23080 watch.go:40] Failed to load config from \"c:\\\\Users\\\\ermi0\\\\flutter projects\\\\apps\\\\dataconnect\": could not find dataconnect.yaml in `c:\\Users\\ermi0\\flutter projects\\apps\\dataconnect`\n"}}
[debug] [2026-04-22T11:05:26.310Z] E0422 14:05:26.310983   23080 watch.go:40] Failed to load config from "c:\\Users\\ermi0\\flutter projects\\apps\\dataconnect": could not find dataconnect.yaml in `c:\Users\ermi0\flutter projects\apps\dataconnect`
 {"metadata":{"emulator":{"name":"dataconnect"},"message":"E0422 14:05:26.310983   23080 watch.go:40] Failed to load config from \"c:\\\\Users\\\\ermi0\\\\flutter projects\\\\apps\\\\dataconnect\": could not find dataconnect.yaml in `c:\\Users\\ermi0\\flutter projects\\apps\\dataconnect`\n"}}
[debug] [2026-04-22T11:05:36.317Z] E0422 14:05:36.317732   23080 watch.go:40] Failed to load config from "c:\\Users\\ermi0\\flutter projects\\apps\\dataconnect": could not find dataconnect.yaml in `c:\Users\ermi0\flutter projects\apps\dataconnect`
 {"metadata":{"emulator":{"name":"dataconnect"},"message":"E0422 14:05:36.317732   23080 watch.go:40] Failed to load config from \"c:\\\\Users\\\\ermi0\\\\flutter projects\\\\apps\\\\dataconnect\": could not find dataconnect.yaml in `c:\\Users\\ermi0\\flutter projects\\apps\\dataconnect`\n"}}
[debug] [2026-04-22T11:05:46.310Z] E0422 14:05:46.310742   23080 watch.go:40] Failed to load config from "c:\\Users\\ermi0\\flutter projects\\apps\\dataconnect": could not find dataconnect.yaml in `c:\Users\ermi0\flutter projects\apps\dataconnect`
 {"metadata":{"emulator":{"name":"dataconnect"},"message":"E0422 14:05:46.310742   23080 watch.go:40] Failed to load config from \"c:\\\\Users\\\\ermi0\\\\flutter projects\\\\apps\\\\dataconnect\": could not find dataconnect.yaml in `c:\\Users\\ermi0\\flutter projects\\apps\\dataconnect`\n"}}
[debug] [2026-04-22T11:05:56.310Z] E0422 14:05:56.310500   23080 watch.go:40] Failed to load config from "c:\\Users\\ermi0\\flutter projects\\apps\\dataconnect": could not find dataconnect.yaml in `c:\Users\ermi0\flutter projects\apps\dataconnect`
 {"metadata":{"emulator":{"name":"dataconnect"},"message":"E0422 14:05:56.310500   23080 watch.go:40] Failed to load config from \"c:\\\\Users\\\\ermi0\\\\flutter projects\\\\apps\\\\dataconnect\": could not find dataconnect.yaml in `c:\\Users\\ermi0\\flutter projects\\apps\\dataconnect`\n"}}
[debug] [2026-04-22T11:06:06.310Z] E0422 14:06:06.310424   23080 watch.go:40] Failed to load config from "c:\\Users\\ermi0\\flutter projects\\apps\\dataconnect": could not find dataconnect.yaml in `c:\Users\ermi0\flutter projects\apps\dataconnect`
 {"metadata":{"emulator":{"name":"dataconnect"},"message":"E0422 14:06:06.310424   23080 watch.go:40] Failed to load config from \"c:\\\\Users\\\\ermi0\\\\flutter projects\\\\apps\\\\dataconnect\": could not find dataconnect.yaml in `c:\\Users\\ermi0\\flutter projects\\apps\\dataconnect`\n"}}
[debug] [2026-04-22T11:06:16.309Z] E0422 14:06:16.310090   23080 watch.go:40] Failed to load config from "c:\\Users\\ermi0\\flutter projects\\apps\\dataconnect": could not find dataconnect.yaml in `c:\Users\ermi0\flutter projects\apps\dataconnect`
 {"metadata":{"emulator":{"name":"dataconnect"},"message":"E0422 14:06:16.310090   23080 watch.go:40] Failed to load config from \"c:\\\\Users\\\\ermi0\\\\flutter projects\\\\apps\\\\dataconnect\": could not find dataconnect.yaml in `c:\\Users\\ermi0\\flutter projects\\apps\\dataconnect`\n"}}
[debug] [2026-04-22T11:06:26.310Z] E0422 14:06:26.310272   23080 watch.go:40] Failed to load config from "c:\\Users\\ermi0\\flutter projects\\apps\\dataconnect": could not find dataconnect.yaml in `c:\Users\ermi0\flutter projects\apps\dataconnect`
 {"metadata":{"emulator":{"name":"dataconnect"},"message":"E0422 14:06:26.310272   23080 watch.go:40] Failed to load config from \"c:\\\\Users\\\\ermi0\\\\flutter projects\\\\apps\\\\dataconnect\": could not find dataconnect.yaml in `c:\\Users\\ermi0\\flutter projects\\apps\\dataconnect`\n"}}
[debug] [2026-04-22T11:06:36.311Z] E0422 14:06:36.310514   23080 watch.go:40] Failed to load config from "c:\\Users\\ermi0\\flutter projects\\apps\\dataconnect": could not find dataconnect.yaml in `c:\Users\ermi0\flutter projects\apps\dataconnect`
 {"metadata":{"emulator":{"name":"dataconnect"},"message":"E0422 14:06:36.310514   23080 watch.go:40] Failed to load config from \"c:\\\\Users\\\\ermi0\\\\flutter projects\\\\apps\\\\dataconnect\": could not find dataconnect.yaml in `c:\\Users\\ermi0\\flutter projects\\apps\\dataconnect`\n"}}
[debug] [2026-04-22T11:06:46.310Z] E0422 14:06:46.310410   23080 watch.go:40] Failed to load config from "c:\\Users\\ermi0\\flutter projects\\apps\\dataconnect": could not find dataconnect.yaml in `c:\Users\ermi0\flutter projects\apps\dataconnect`
 {"metadata":{"emulator":{"name":"dataconnect"},"message":"E0422 14:06:46.310410   23080 watch.go:40] Failed to load config from \"c:\\\\Users\\\\ermi0\\\\flutter projects\\\\apps\\\\dataconnect\": could not find dataconnect.yaml in `c:\\Users\\ermi0\\flutter projects\\apps\\dataconnect`\n"}}
[debug] [2026-04-22T11:06:56.310Z] E0422 14:06:56.310669   23080 watch.go:40] Failed to load config from "c:\\Users\\ermi0\\flutter projects\\apps\\dataconnect": could not find dataconnect.yaml in `c:\Users\ermi0\flutter projects\apps\dataconnect`
 {"metadata":{"emulator":{"name":"dataconnect"},"message":"E0422 14:06:56.310669   23080 watch.go:40] Failed to load config from \"c:\\\\Users\\\\ermi0\\\\flutter projects\\\\apps\\\\dataconnect\": could not find dataconnect.yaml in `c:\\Users\\ermi0\\flutter projects\\apps\\dataconnect`\n"}}
[debug] [2026-04-22T11:07:06.310Z] E0422 14:07:06.310176   23080 watch.go:40] Failed to load config from "c:\\Users\\ermi0\\flutter projects\\apps\\dataconnect": could not find dataconnect.yaml in `c:\Users\ermi0\flutter projects\apps\dataconnect`
 {"metadata":{"emulator":{"name":"dataconnect"},"message":"E0422 14:07:06.310176   23080 watch.go:40] Failed to load config from \"c:\\\\Users\\\\ermi0\\\\flutter projects\\\\apps\\\\dataconnect\": could not find dataconnect.yaml in `c:\\Users\\ermi0\\flutter projects\\apps\\dataconnect`\n"}}
[debug] [2026-04-22T11:07:16.310Z] E0422 14:07:16.310783   23080 watch.go:40] Failed to load config from "c:\\Users\\ermi0\\flutter projects\\apps\\dataconnect": could not find dataconnect.yaml in `c:\Users\ermi0\flutter projects\apps\dataconnect`
 {"metadata":{"emulator":{"name":"dataconnect"},"message":"E0422 14:07:16.310783   23080 watch.go:40] Failed to load config from \"c:\\\\Users\\\\ermi0\\\\flutter projects\\\\apps\\\\dataconnect\": could not find dataconnect.yaml in `c:\\Users\\ermi0\\flutter projects\\apps\\dataconnect`\n"}}
[debug] [2026-04-22T11:07:26.310Z] E0422 14:07:26.310693   23080 watch.go:40] Failed to load config from "c:\\Users\\ermi0\\flutter projects\\apps\\dataconnect": could not find dataconnect.yaml in `c:\Users\ermi0\flutter projects\apps\dataconnect`
 {"metadata":{"emulator":{"name":"dataconnect"},"message":"E0422 14:07:26.310693   23080 watch.go:40] Failed to load config from \"c:\\\\Users\\\\ermi0\\\\flutter projects\\\\apps\\\\dataconnect\": could not find dataconnect.yaml in `c:\\Users\\ermi0\\flutter projects\\apps\\dataconnect`\n"}}
[debug] [2026-04-22T11:07:36.310Z] E0422 14:07:36.310626   23080 watch.go:40] Failed to load config from "c:\\Users\\ermi0\\flutter projects\\apps\\dataconnect": could not find dataconnect.yaml in `c:\Users\ermi0\flutter projects\apps\dataconnect`
 {"metadata":{"emulator":{"name":"dataconnect"},"message":"E0422 14:07:36.310626   23080 watch.go:40] Failed to load config from \"c:\\\\Users\\\\ermi0\\\\flutter projects\\\\apps\\\\dataconnect\": could not find dataconnect.yaml in `c:\\Users\\ermi0\\flutter projects\\apps\\dataconnect`\n"}}
[debug] [2026-04-22T11:07:46.310Z] E0422 14:07:46.310447   23080 watch.go:40] Failed to load config from "c:\\Users\\ermi0\\flutter projects\\apps\\dataconnect": could not find dataconnect.yaml in `c:\Users\ermi0\flutter projects\apps\dataconnect`
 {"metadata":{"emulator":{"name":"dataconnect"},"message":"E0422 14:07:46.310447   23080 watch.go:40] Failed to load config from \"c:\\\\Users\\\\ermi0\\\\flutter projects\\\\apps\\\\dataconnect\": could not find dataconnect.yaml in `c:\\Users\\ermi0\\flutter projects\\apps\\dataconnect`\n"}}
[debug] [2026-04-22T11:07:56.310Z] E0422 14:07:56.311000   23080 watch.go:40] Failed to load config from "c:\\Users\\ermi0\\flutter projects\\apps\\dataconnect": could not find dataconnect.yaml in `c:\Users\ermi0\flutter projects\apps\dataconnect`
 {"metadata":{"emulator":{"name":"dataconnect"},"message":"E0422 14:07:56.311000   23080 watch.go:40] Failed to load config from \"c:\\\\Users\\\\ermi0\\\\flutter projects\\\\apps\\\\dataconnect\": could not find dataconnect.yaml in `c:\\Users\\ermi0\\flutter projects\\apps\\dataconnect`\n"}}
[debug] [2026-04-22T11:08:06.310Z] E0422 14:08:06.310505   23080 watch.go:40] Failed to load config from "c:\\Users\\ermi0\\flutter projects\\apps\\dataconnect": could not find dataconnect.yaml in `c:\Users\ermi0\flutter projects\apps\dataconnect`
 {"metadata":{"emulator":{"name":"dataconnect"},"message":"E0422 14:08:06.310505   23080 watch.go:40] Failed to load config from \"c:\\\\Users\\\\ermi0\\\\flutter projects\\\\apps\\\\dataconnect\": could not find dataconnect.yaml in `c:\\Users\\ermi0\\flutter projects\\apps\\dataconnect`\n"}}
[debug] [2026-04-22T11:08:16.310Z] E0422 14:08:16.310445   23080 watch.go:40] Failed to load config from "c:\\Users\\ermi0\\flutter projects\\apps\\dataconnect": could not find dataconnect.yaml in `c:\Users\ermi0\flutter projects\apps\dataconnect`
 {"metadata":{"emulator":{"name":"dataconnect"},"message":"E0422 14:08:16.310445   23080 watch.go:40] Failed to load config from \"c:\\\\Users\\\\ermi0\\\\flutter projects\\\\apps\\\\dataconnect\": could not find dataconnect.yaml in `c:\\Users\\ermi0\\flutter projects\\apps\\dataconnect`\n"}}
[debug] [2026-04-22T11:08:26.311Z] E0422 14:08:26.310556   23080 watch.go:40] Failed to load config from "c:\\Users\\ermi0\\flutter projects\\apps\\dataconnect": could not find dataconnect.yaml in `c:\Users\ermi0\flutter projects\apps\dataconnect`
 {"metadata":{"emulator":{"name":"dataconnect"},"message":"E0422 14:08:26.310556   23080 watch.go:40] Failed to load config from \"c:\\\\Users\\\\ermi0\\\\flutter projects\\\\apps\\\\dataconnect\": could not find dataconnect.yaml in `c:\\Users\\ermi0\\flutter projects\\apps\\dataconnect`\n"}}
[debug] [2026-04-22T11:08:36.311Z] E0422 14:08:36.311171   23080 watch.go:40] Failed to load config from "c:\\Users\\ermi0\\flutter projects\\apps\\dataconnect": could not find dataconnect.yaml in `c:\Users\ermi0\flutter projects\apps\dataconnect`
 {"metadata":{"emulator":{"name":"dataconnect"},"message":"E0422 14:08:36.311171   23080 watch.go:40] Failed to load config from \"c:\\\\Users\\\\ermi0\\\\flutter projects\\\\apps\\\\dataconnect\": could not find dataconnect.yaml in `c:\\Users\\ermi0\\flutter projects\\apps\\dataconnect`\n"}}
[debug] [2026-04-22T11:08:46.310Z] E0422 14:08:46.310624   23080 watch.go:40] Failed to load config from "c:\\Users\\ermi0\\flutter projects\\apps\\dataconnect": could not find dataconnect.yaml in `c:\Users\ermi0\flutter projects\apps\dataconnect`
 {"metadata":{"emulator":{"name":"dataconnect"},"message":"E0422 14:08:46.310624   23080 watch.go:40] Failed to load config from \"c:\\\\Users\\\\ermi0\\\\flutter projects\\\\apps\\\\dataconnect\": could not find dataconnect.yaml in `c:\\Users\\ermi0\\flutter projects\\apps\\dataconnect`\n"}}
[debug] [2026-04-22T11:08:56.310Z] E0422 14:08:56.310582   23080 watch.go:40] Failed to load config from "c:\\Users\\ermi0\\flutter projects\\apps\\dataconnect": could not find dataconnect.yaml in `c:\Users\ermi0\flutter projects\apps\dataconnect`
 {"metadata":{"emulator":{"name":"dataconnect"},"message":"E0422 14:08:56.310582   23080 watch.go:40] Failed to load config from \"c:\\\\Users\\\\ermi0\\\\flutter projects\\\\apps\\\\dataconnect\": could not find dataconnect.yaml in `c:\\Users\\ermi0\\flutter projects\\apps\\dataconnect`\n"}}
[debug] [2026-04-22T11:09:06.310Z] E0422 14:09:06.310397   23080 watch.go:40] Failed to load config from "c:\\Users\\ermi0\\flutter projects\\apps\\dataconnect": could not find dataconnect.yaml in `c:\Users\ermi0\flutter projects\apps\dataconnect`
 {"metadata":{"emulator":{"name":"dataconnect"},"message":"E0422 14:09:06.310397   23080 watch.go:40] Failed to load config from \"c:\\\\Users\\\\ermi0\\\\flutter projects\\\\apps\\\\dataconnect\": could not find dataconnect.yaml in `c:\\Users\\ermi0\\flutter projects\\apps\\dataconnect`\n"}}
[debug] [2026-04-22T11:09:16.313Z] E0422 14:09:16.313920   23080 watch.go:40] Failed to load config from "c:\\Users\\ermi0\\flutter projects\\apps\\dataconnect": could not find dataconnect.yaml in `c:\Users\ermi0\flutter projects\apps\dataconnect`
 {"metadata":{"emulator":{"name":"dataconnect"},"message":"E0422 14:09:16.313920   23080 watch.go:40] Failed to load config from \"c:\\\\Users\\\\ermi0\\\\flutter projects\\\\apps\\\\dataconnect\": could not find dataconnect.yaml in `c:\\Users\\ermi0\\flutter projects\\apps\\dataconnect`\n"}}
[debug] [2026-04-22T11:09:26.310Z] E0422 14:09:26.310550   23080 watch.go:40] Failed to load config from "c:\\Users\\ermi0\\flutter projects\\apps\\dataconnect": could not find dataconnect.yaml in `c:\Users\ermi0\flutter projects\apps\dataconnect`
 {"metadata":{"emulator":{"name":"dataconnect"},"message":"E0422 14:09:26.310550   23080 watch.go:40] Failed to load config from \"c:\\\\Users\\\\ermi0\\\\flutter projects\\\\apps\\\\dataconnect\": could not find dataconnect.yaml in `c:\\Users\\ermi0\\flutter projects\\apps\\dataconnect`\n"}}
[debug] [2026-04-22T11:09:36.310Z] E0422 14:09:36.310332   23080 watch.go:40] Failed to load config from "c:\\Users\\ermi0\\flutter projects\\apps\\dataconnect": could not find dataconnect.yaml in `c:\Users\ermi0\flutter projects\apps\dataconnect`
 {"metadata":{"emulator":{"name":"dataconnect"},"message":"E0422 14:09:36.310332   23080 watch.go:40] Failed to load config from \"c:\\\\Users\\\\ermi0\\\\flutter projects\\\\apps\\\\dataconnect\": could not find dataconnect.yaml in `c:\\Users\\ermi0\\flutter projects\\apps\\dataconnect`\n"}}
[debug] [2026-04-22T11:09:46.313Z] E0422 14:09:46.312519   23080 watch.go:40] Failed to load config from "c:\\Users\\ermi0\\flutter projects\\apps\\dataconnect": could not find dataconnect.yaml in `c:\Users\ermi0\flutter projects\apps\dataconnect`
 {"metadata":{"emulator":{"name":"dataconnect"},"message":"E0422 14:09:46.312519   23080 watch.go:40] Failed to load config from \"c:\\\\Users\\\\ermi0\\\\flutter projects\\\\apps\\\\dataconnect\": could not find dataconnect.yaml in `c:\\Users\\ermi0\\flutter projects\\apps\\dataconnect`\n"}}
[debug] [2026-04-22T11:09:56.311Z] E0422 14:09:56.311454   23080 watch.go:40] Failed to load config from "c:\\Users\\ermi0\\flutter projects\\apps\\dataconnect": could not find dataconnect.yaml in `c:\Users\ermi0\flutter projects\apps\dataconnect`
 {"metadata":{"emulator":{"name":"dataconnect"},"message":"E0422 14:09:56.311454   23080 watch.go:40] Failed to load config from \"c:\\\\Users\\\\ermi0\\\\flutter projects\\\\apps\\\\dataconnect\": could not find dataconnect.yaml in `c:\\Users\\ermi0\\flutter projects\\apps\\dataconnect`\n"}}
[debug] [2026-04-22T11:10:06.310Z] E0422 14:10:06.311032   23080 watch.go:40] Failed to load config from "c:\\Users\\ermi0\\flutter projects\\apps\\dataconnect": could not find dataconnect.yaml in `c:\Users\ermi0\flutter projects\apps\dataconnect`
 {"metadata":{"emulator":{"name":"dataconnect"},"message":"E0422 14:10:06.311032   23080 watch.go:40] Failed to load config from \"c:\\\\Users\\\\ermi0\\\\flutter projects\\\\apps\\\\dataconnect\": could not find dataconnect.yaml in `c:\\Users\\ermi0\\flutter projects\\apps\\dataconnect`\n"}}
[debug] [2026-04-22T11:10:16.310Z] E0422 14:10:16.311025   23080 watch.go:40] Failed to load config from "c:\\Users\\ermi0\\flutter projects\\apps\\dataconnect": could not find dataconnect.yaml in `c:\Users\ermi0\flutter projects\apps\dataconnect`
 {"metadata":{"emulator":{"name":"dataconnect"},"message":"E0422 14:10:16.311025   23080 watch.go:40] Failed to load config from \"c:\\\\Users\\\\ermi0\\\\flutter projects\\\\apps\\\\dataconnect\": could not find dataconnect.yaml in `c:\\Users\\ermi0\\flutter projects\\apps\\dataconnect`\n"}}
[debug] [2026-04-22T11:10:26.310Z] E0422 14:10:26.310394   23080 watch.go:40] Failed to load config from "c:\\Users\\ermi0\\flutter projects\\apps\\dataconnect": could not find dataconnect.yaml in `c:\Users\ermi0\flutter projects\apps\dataconnect`
 {"metadata":{"emulator":{"name":"dataconnect"},"message":"E0422 14:10:26.310394   23080 watch.go:40] Failed to load config from \"c:\\\\Users\\\\ermi0\\\\flutter projects\\\\apps\\\\dataconnect\": could not find dataconnect.yaml in `c:\\Users\\ermi0\\flutter projects\\apps\\dataconnect`\n"}}
[debug] [2026-04-22T11:10:36.310Z] E0422 14:10:36.310629   23080 watch.go:40] Failed to load config from "c:\\Users\\ermi0\\flutter projects\\apps\\dataconnect": could not find dataconnect.yaml in `c:\Users\ermi0\flutter projects\apps\dataconnect`
 {"metadata":{"emulator":{"name":"dataconnect"},"message":"E0422 14:10:36.310629   23080 watch.go:40] Failed to load config from \"c:\\\\Users\\\\ermi0\\\\flutter projects\\\\apps\\\\dataconnect\": could not find dataconnect.yaml in `c:\\Users\\ermi0\\flutter projects\\apps\\dataconnect`\n"}}
[debug] [2026-04-22T11:10:46.310Z] E0422 14:10:46.310672   23080 watch.go:40] Failed to load config from "c:\\Users\\ermi0\\flutter projects\\apps\\dataconnect": could not find dataconnect.yaml in `c:\Users\ermi0\flutter projects\apps\dataconnect`
 {"metadata":{"emulator":{"name":"dataconnect"},"message":"E0422 14:10:46.310672   23080 watch.go:40] Failed to load config from \"c:\\\\Users\\\\ermi0\\\\flutter projects\\\\apps\\\\dataconnect\": could not find dataconnect.yaml in `c:\\Users\\ermi0\\flutter projects\\apps\\dataconnect`\n"}}
[debug] [2026-04-22T11:10:56.310Z] E0422 14:10:56.310313   23080 watch.go:40] Failed to load config from "c:\\Users\\ermi0\\flutter projects\\apps\\dataconnect": could not find dataconnect.yaml in `c:\Users\ermi0\flutter projects\apps\dataconnect`
 {"metadata":{"emulator":{"name":"dataconnect"},"message":"E0422 14:10:56.310313   23080 watch.go:40] Failed to load config from \"c:\\\\Users\\\\ermi0\\\\flutter projects\\\\apps\\\\dataconnect\": could not find dataconnect.yaml in `c:\\Users\\ermi0\\flutter projects\\apps\\dataconnect`\n"}}
[debug] [2026-04-22T11:11:06.311Z] E0422 14:11:06.310396   23080 watch.go:40] Failed to load config from "c:\\Users\\ermi0\\flutter projects\\apps\\dataconnect": could not find dataconnect.yaml in `c:\Users\ermi0\flutter projects\apps\dataconnect`
 {"metadata":{"emulator":{"name":"dataconnect"},"message":"E0422 14:11:06.310396   23080 watch.go:40] Failed to load config from \"c:\\\\Users\\\\ermi0\\\\flutter projects\\\\apps\\\\dataconnect\": could not find dataconnect.yaml in `c:\\Users\\ermi0\\flutter projects\\apps\\dataconnect`\n"}}
[debug] [2026-04-22T11:11:16.311Z] E0422 14:11:16.310717   23080 watch.go:40] Failed to load config from "c:\\Users\\ermi0\\flutter projects\\apps\\dataconnect": could not find dataconnect.yaml in `c:\Users\ermi0\flutter projects\apps\dataconnect`
 {"metadata":{"emulator":{"name":"dataconnect"},"message":"E0422 14:11:16.310717   23080 watch.go:40] Failed to load config from \"c:\\\\Users\\\\ermi0\\\\flutter projects\\\\apps\\\\dataconnect\": could not find dataconnect.yaml in `c:\\Users\\ermi0\\flutter projects\\apps\\dataconnect`\n"}}
[debug] [2026-04-22T11:11:26.311Z] E0422 14:11:26.310518   23080 watch.go:40] Failed to load config from "c:\\Users\\ermi0\\flutter projects\\apps\\dataconnect": could not find dataconnect.yaml in `c:\Users\ermi0\flutter projects\apps\dataconnect`
 {"metadata":{"emulator":{"name":"dataconnect"},"message":"E0422 14:11:26.310518   23080 watch.go:40] Failed to load config from \"c:\\\\Users\\\\ermi0\\\\flutter projects\\\\apps\\\\dataconnect\": could not find dataconnect.yaml in `c:\\Users\\ermi0\\flutter projects\\apps\\dataconnect`\n"}}
[debug] [2026-04-22T11:11:36.311Z] E0422 14:11:36.310483   23080 watch.go:40] Failed to load config from "c:\\Users\\ermi0\\flutter projects\\apps\\dataconnect": could not find dataconnect.yaml in `c:\Users\ermi0\flutter projects\apps\dataconnect`
 {"metadata":{"emulator":{"name":"dataconnect"},"message":"E0422 14:11:36.310483   23080 watch.go:40] Failed to load config from \"c:\\\\Users\\\\ermi0\\\\flutter projects\\\\apps\\\\dataconnect\": could not find dataconnect.yaml in `c:\\Users\\ermi0\\flutter projects\\apps\\dataconnect`\n"}}
[debug] [2026-04-22T11:11:46.311Z] E0422 14:11:46.310475   23080 watch.go:40] Failed to load config from "c:\\Users\\ermi0\\flutter projects\\apps\\dataconnect": could not find dataconnect.yaml in `c:\Users\ermi0\flutter projects\apps\dataconnect`
 {"metadata":{"emulator":{"name":"dataconnect"},"message":"E0422 14:11:46.310475   23080 watch.go:40] Failed to load config from \"c:\\\\Users\\\\ermi0\\\\flutter projects\\\\apps\\\\dataconnect\": could not find dataconnect.yaml in `c:\\Users\\ermi0\\flutter projects\\apps\\dataconnect`\n"}}
[debug] [2026-04-22T11:11:56.314Z] E0422 14:11:56.313237   23080 watch.go:40] Failed to load config from "c:\\Users\\ermi0\\flutter projects\\apps\\dataconnect": could not find dataconnect.yaml in `c:\Users\ermi0\flutter projects\apps\dataconnect`
 {"metadata":{"emulator":{"name":"dataconnect"},"message":"E0422 14:11:56.313237   23080 watch.go:40] Failed to load config from \"c:\\\\Users\\\\ermi0\\\\flutter projects\\\\apps\\\\dataconnect\": could not find dataconnect.yaml in `c:\\Users\\ermi0\\flutter projects\\apps\\dataconnect`\n"}}
[debug] [2026-04-22T11:12:06.310Z] E0422 14:12:06.310391   23080 watch.go:40] Failed to load config from "c:\\Users\\ermi0\\flutter projects\\apps\\dataconnect": could not find dataconnect.yaml in `c:\Users\ermi0\flutter projects\apps\dataconnect`
 {"metadata":{"emulator":{"name":"dataconnect"},"message":"E0422 14:12:06.310391   23080 watch.go:40] Failed to load config from \"c:\\\\Users\\\\ermi0\\\\flutter projects\\\\apps\\\\dataconnect\": could not find dataconnect.yaml in `c:\\Users\\ermi0\\flutter projects\\apps\\dataconnect`\n"}}
[debug] [2026-04-22T11:12:16.310Z] E0422 14:12:16.310323   23080 watch.go:40] Failed to load config from "c:\\Users\\ermi0\\flutter projects\\apps\\dataconnect": could not find dataconnect.yaml in `c:\Users\ermi0\flutter projects\apps\dataconnect`
 {"metadata":{"emulator":{"name":"dataconnect"},"message":"E0422 14:12:16.310323   23080 watch.go:40] Failed to load config from \"c:\\\\Users\\\\ermi0\\\\flutter projects\\\\apps\\\\dataconnect\": could not find dataconnect.yaml in `c:\\Users\\ermi0\\flutter projects\\apps\\dataconnect`\n"}}
[debug] [2026-04-22T11:12:26.310Z] E0422 14:12:26.310454   23080 watch.go:40] Failed to load config from "c:\\Users\\ermi0\\flutter projects\\apps\\dataconnect": could not find dataconnect.yaml in `c:\Users\ermi0\flutter projects\apps\dataconnect`
 {"metadata":{"emulator":{"name":"dataconnect"},"message":"E0422 14:12:26.310454   23080 watch.go:40] Failed to load config from \"c:\\\\Users\\\\ermi0\\\\flutter projects\\\\apps\\\\dataconnect\": could not find dataconnect.yaml in `c:\\Users\\ermi0\\flutter projects\\apps\\dataconnect`\n"}}
[debug] [2026-04-22T11:12:36.311Z] E0422 14:12:36.311012   23080 watch.go:40] Failed to load config from "c:\\Users\\ermi0\\flutter projects\\apps\\dataconnect": could not find dataconnect.yaml in `c:\Users\ermi0\flutter projects\apps\dataconnect`
 {"metadata":{"emulator":{"name":"dataconnect"},"message":"E0422 14:12:36.311012   23080 watch.go:40] Failed to load config from \"c:\\\\Users\\\\ermi0\\\\flutter projects\\\\apps\\\\dataconnect\": could not find dataconnect.yaml in `c:\\Users\\ermi0\\flutter projects\\apps\\dataconnect`\n"}}
[debug] [2026-04-22T11:12:46.310Z] E0422 14:12:46.310802   23080 watch.go:40] Failed to load config from "c:\\Users\\ermi0\\flutter projects\\apps\\dataconnect": could not find dataconnect.yaml in `c:\Users\ermi0\flutter projects\apps\dataconnect`
 {"metadata":{"emulator":{"name":"dataconnect"},"message":"E0422 14:12:46.310802   23080 watch.go:40] Failed to load config from \"c:\\\\Users\\\\ermi0\\\\flutter projects\\\\apps\\\\dataconnect\": could not find dataconnect.yaml in `c:\\Users\\ermi0\\flutter projects\\apps\\dataconnect`\n"}}
[debug] [2026-04-22T11:12:56.310Z] E0422 14:12:56.310504   23080 watch.go:40] Failed to load config from "c:\\Users\\ermi0\\flutter projects\\apps\\dataconnect": could not find dataconnect.yaml in `c:\Users\ermi0\flutter projects\apps\dataconnect`
 {"metadata":{"emulator":{"name":"dataconnect"},"message":"E0422 14:12:56.310504   23080 watch.go:40] Failed to load config from \"c:\\\\Users\\\\ermi0\\\\flutter projects\\\\apps\\\\dataconnect\": could not find dataconnect.yaml in `c:\\Users\\ermi0\\flutter projects\\apps\\dataconnect`\n"}}
[debug] [2026-04-22T11:13:06.310Z] E0422 14:13:06.310167   23080 watch.go:40] Failed to load config from "c:\\Users\\ermi0\\flutter projects\\apps\\dataconnect": could not find dataconnect.yaml in `c:\Users\ermi0\flutter projects\apps\dataconnect`
 {"metadata":{"emulator":{"name":"dataconnect"},"message":"E0422 14:13:06.310167   23080 watch.go:40] Failed to load config from \"c:\\\\Users\\\\ermi0\\\\flutter projects\\\\apps\\\\dataconnect\": could not find dataconnect.yaml in `c:\\Users\\ermi0\\flutter projects\\apps\\dataconnect`\n"}}
[debug] [2026-04-22T11:13:16.317Z] E0422 14:13:16.310799   23080 watch.go:40] Failed to load config from "c:\\Users\\ermi0\\flutter projects\\apps\\dataconnect": could not find dataconnect.yaml in `c:\Users\ermi0\flutter projects\apps\dataconnect`
 {"metadata":{"emulator":{"name":"dataconnect"},"message":"E0422 14:13:16.310799   23080 watch.go:40] Failed to load config from \"c:\\\\Users\\\\ermi0\\\\flutter projects\\\\apps\\\\dataconnect\": could not find dataconnect.yaml in `c:\\Users\\ermi0\\flutter projects\\apps\\dataconnect`\n"}}
[debug] [2026-04-22T11:13:26.311Z] E0422 14:13:26.311055   23080 watch.go:40] Failed to load config from "c:\\Users\\ermi0\\flutter projects\\apps\\dataconnect": could not find dataconnect.yaml in `c:\Users\ermi0\flutter projects\apps\dataconnect`
 {"metadata":{"emulator":{"name":"dataconnect"},"message":"E0422 14:13:26.311055   23080 watch.go:40] Failed to load config from \"c:\\\\Users\\\\ermi0\\\\flutter projects\\\\apps\\\\dataconnect\": could not find dataconnect.yaml in `c:\\Users\\ermi0\\flutter projects\\apps\\dataconnect`\n"}}
[debug] [2026-04-22T11:13:36.311Z] E0422 14:13:36.310951   23080 watch.go:40] Failed to load config from "c:\\Users\\ermi0\\flutter projects\\apps\\dataconnect": could not find dataconnect.yaml in `c:\Users\ermi0\flutter projects\apps\dataconnect`
 {"metadata":{"emulator":{"name":"dataconnect"},"message":"E0422 14:13:36.310951   23080 watch.go:40] Failed to load config from \"c:\\\\Users\\\\ermi0\\\\flutter projects\\\\apps\\\\dataconnect\": could not find dataconnect.yaml in `c:\\Users\\ermi0\\flutter projects\\apps\\dataconnect`\n"}}
[debug] [2026-04-22T11:13:46.312Z] E0422 14:13:46.311029   23080 watch.go:40] Failed to load config from "c:\\Users\\ermi0\\flutter projects\\apps\\dataconnect": could not find dataconnect.yaml in `c:\Users\ermi0\flutter projects\apps\dataconnect`
 {"metadata":{"emulator":{"name":"dataconnect"},"message":"E0422 14:13:46.311029   23080 watch.go:40] Failed to load config from \"c:\\\\Users\\\\ermi0\\\\flutter projects\\\\apps\\\\dataconnect\": could not find dataconnect.yaml in `c:\\Users\\ermi0\\flutter projects\\apps\\dataconnect`\n"}}
[debug] [2026-04-22T11:13:56.311Z] E0422 14:13:56.310196   23080 watch.go:40] Failed to load config from "c:\\Users\\ermi0\\flutter projects\\apps\\dataconnect": could not find dataconnect.yaml in `c:\Users\ermi0\flutter projects\apps\dataconnect`
 {"metadata":{"emulator":{"name":"dataconnect"},"message":"E0422 14:13:56.310196   23080 watch.go:40] Failed to load config from \"c:\\\\Users\\\\ermi0\\\\flutter projects\\\\apps\\\\dataconnect\": could not find dataconnect.yaml in `c:\\Users\\ermi0\\flutter projects\\apps\\dataconnect`\n"}}
[debug] [2026-04-22T11:14:06.315Z] E0422 14:14:06.311150   23080 watch.go:40] Failed to load config from "c:\\Users\\ermi0\\flutter projects\\apps\\dataconnect": could not find dataconnect.yaml in `c:\Users\ermi0\flutter projects\apps\dataconnect`
 {"metadata":{"emulator":{"name":"dataconnect"},"message":"E0422 14:14:06.311150   23080 watch.go:40] Failed to load config from \"c:\\\\Users\\\\ermi0\\\\flutter projects\\\\apps\\\\dataconnect\": could not find dataconnect.yaml in `c:\\Users\\ermi0\\flutter projects\\apps\\dataconnect`\n"}}
[debug] [2026-04-22T11:14:16.311Z] E0422 14:14:16.310766   23080 watch.go:40] Failed to load config from "c:\\Users\\ermi0\\flutter projects\\apps\\dataconnect": could not find dataconnect.yaml in `c:\Users\ermi0\flutter projects\apps\dataconnect`
 {"metadata":{"emulator":{"name":"dataconnect"},"message":"E0422 14:14:16.310766   23080 watch.go:40] Failed to load config from \"c:\\\\Users\\\\ermi0\\\\flutter projects\\\\apps\\\\dataconnect\": could not find dataconnect.yaml in `c:\\Users\\ermi0\\flutter projects\\apps\\dataconnect`\n"}}
[debug] [2026-04-22T11:14:26.311Z] E0422 14:14:26.310985   23080 watch.go:40] Failed to load config from "c:\\Users\\ermi0\\flutter projects\\apps\\dataconnect": could not find dataconnect.yaml in `c:\Users\ermi0\flutter projects\apps\dataconnect`
 {"metadata":{"emulator":{"name":"dataconnect"},"message":"E0422 14:14:26.310985   23080 watch.go:40] Failed to load config from \"c:\\\\Users\\\\ermi0\\\\flutter projects\\\\apps\\\\dataconnect\": could not find dataconnect.yaml in `c:\\Users\\ermi0\\flutter projects\\apps\\dataconnect`\n"}}
[debug] [2026-04-22T11:14:36.311Z] E0422 14:14:36.310569   23080 watch.go:40] Failed to load config from "c:\\Users\\ermi0\\flutter projects\\apps\\dataconnect": could not find dataconnect.yaml in `c:\Users\ermi0\flutter projects\apps\dataconnect`
 {"metadata":{"emulator":{"name":"dataconnect"},"message":"E0422 14:14:36.310569   23080 watch.go:40] Failed to load config from \"c:\\\\Users\\\\ermi0\\\\flutter projects\\\\apps\\\\dataconnect\": could not find dataconnect.yaml in `c:\\Users\\ermi0\\flutter projects\\apps\\dataconnect`\n"}}
[debug] [2026-04-22T11:14:46.310Z] E0422 14:14:46.310350   23080 watch.go:40] Failed to load config from "c:\\Users\\ermi0\\flutter projects\\apps\\dataconnect": could not find dataconnect.yaml in `c:\Users\ermi0\flutter projects\apps\dataconnect`
 {"metadata":{"emulator":{"name":"dataconnect"},"message":"E0422 14:14:46.310350   23080 watch.go:40] Failed to load config from \"c:\\\\Users\\\\ermi0\\\\flutter projects\\\\apps\\\\dataconnect\": could not find dataconnect.yaml in `c:\\Users\\ermi0\\flutter projects\\apps\\dataconnect`\n"}}
[debug] [2026-04-22T11:14:56.311Z] E0422 14:14:56.310779   23080 watch.go:40] Failed to load config from "c:\\Users\\ermi0\\flutter projects\\apps\\dataconnect": could not find dataconnect.yaml in `c:\Users\ermi0\flutter projects\apps\dataconnect`
 {"metadata":{"emulator":{"name":"dataconnect"},"message":"E0422 14:14:56.310779   23080 watch.go:40] Failed to load config from \"c:\\\\Users\\\\ermi0\\\\flutter projects\\\\apps\\\\dataconnect\": could not find dataconnect.yaml in `c:\\Users\\ermi0\\flutter projects\\apps\\dataconnect`\n"}}
[debug] [2026-04-22T11:15:06.310Z] E0422 14:15:06.310679   23080 watch.go:40] Failed to load config from "c:\\Users\\ermi0\\flutter projects\\apps\\dataconnect": could not find dataconnect.yaml in `c:\Users\ermi0\flutter projects\apps\dataconnect`
 {"metadata":{"emulator":{"name":"dataconnect"},"message":"E0422 14:15:06.310679   23080 watch.go:40] Failed to load config from \"c:\\\\Users\\\\ermi0\\\\flutter projects\\\\apps\\\\dataconnect\": could not find dataconnect.yaml in `c:\\Users\\ermi0\\flutter projects\\apps\\dataconnect`\n"}}
[debug] [2026-04-22T11:15:16.311Z] E0422 14:15:16.311216   23080 watch.go:40] Failed to load config from "c:\\Users\\ermi0\\flutter projects\\apps\\dataconnect": could not find dataconnect.yaml in `c:\Users\ermi0\flutter projects\apps\dataconnect`
 {"metadata":{"emulator":{"name":"dataconnect"},"message":"E0422 14:15:16.311216   23080 watch.go:40] Failed to load config from \"c:\\\\Users\\\\ermi0\\\\flutter projects\\\\apps\\\\dataconnect\": could not find dataconnect.yaml in `c:\\Users\\ermi0\\flutter projects\\apps\\dataconnect`\n"}}
[debug] [2026-04-22T11:15:26.310Z] E0422 14:15:26.310431   23080 watch.go:40] Failed to load config from "c:\\Users\\ermi0\\flutter projects\\apps\\dataconnect": could not find dataconnect.yaml in `c:\Users\ermi0\flutter projects\apps\dataconnect`
 {"metadata":{"emulator":{"name":"dataconnect"},"message":"E0422 14:15:26.310431   23080 watch.go:40] Failed to load config from \"c:\\\\Users\\\\ermi0\\\\flutter projects\\\\apps\\\\dataconnect\": could not find dataconnect.yaml in `c:\\Users\\ermi0\\flutter projects\\apps\\dataconnect`\n"}}
[debug] [2026-04-22T11:15:36.310Z] E0422 14:15:36.310590   23080 watch.go:40] Failed to load config from "c:\\Users\\ermi0\\flutter projects\\apps\\dataconnect": could not find dataconnect.yaml in `c:\Users\ermi0\flutter projects\apps\dataconnect`
 {"metadata":{"emulator":{"name":"dataconnect"},"message":"E0422 14:15:36.310590   23080 watch.go:40] Failed to load config from \"c:\\\\Users\\\\ermi0\\\\flutter projects\\\\apps\\\\dataconnect\": could not find dataconnect.yaml in `c:\\Users\\ermi0\\flutter projects\\apps\\dataconnect`\n"}}
[debug] [2026-04-22T11:15:46.310Z] E0422 14:15:46.310805   23080 watch.go:40] Failed to load config from "c:\\Users\\ermi0\\flutter projects\\apps\\dataconnect": could not find dataconnect.yaml in `c:\Users\ermi0\flutter projects\apps\dataconnect`
 {"metadata":{"emulator":{"name":"dataconnect"},"message":"E0422 14:15:46.310805   23080 watch.go:40] Failed to load config from \"c:\\\\Users\\\\ermi0\\\\flutter projects\\\\apps\\\\dataconnect\": could not find dataconnect.yaml in `c:\\Users\\ermi0\\flutter projects\\apps\\dataconnect`\n"}}
[debug] [2026-04-22T11:15:56.310Z] E0422 14:15:56.310587   23080 watch.go:40] Failed to load config from "c:\\Users\\ermi0\\flutter projects\\apps\\dataconnect": could not find dataconnect.yaml in `c:\Users\ermi0\flutter projects\apps\dataconnect`
 {"metadata":{"emulator":{"name":"dataconnect"},"message":"E0422 14:15:56.310587   23080 watch.go:40] Failed to load config from \"c:\\\\Users\\\\ermi0\\\\flutter projects\\\\apps\\\\dataconnect\": could not find dataconnect.yaml in `c:\\Users\\ermi0\\flutter projects\\apps\\dataconnect`\n"}}
[debug] [2026-04-22T11:16:06.311Z] E0422 14:16:06.310564   23080 watch.go:40] Failed to load config from "c:\\Users\\ermi0\\flutter projects\\apps\\dataconnect": could not find dataconnect.yaml in `c:\Users\ermi0\flutter projects\apps\dataconnect`
 {"metadata":{"emulator":{"name":"dataconnect"},"message":"E0422 14:16:06.310564   23080 watch.go:40] Failed to load config from \"c:\\\\Users\\\\ermi0\\\\flutter projects\\\\apps\\\\dataconnect\": could not find dataconnect.yaml in `c:\\Users\\ermi0\\flutter projects\\apps\\dataconnect`\n"}}
[debug] [2026-04-22T11:16:16.311Z] E0422 14:16:16.310449   23080 watch.go:40] Failed to load config from "c:\\Users\\ermi0\\flutter projects\\apps\\dataconnect": could not find dataconnect.yaml in `c:\Users\ermi0\flutter projects\apps\dataconnect`
 {"metadata":{"emulator":{"name":"dataconnect"},"message":"E0422 14:16:16.310449   23080 watch.go:40] Failed to load config from \"c:\\\\Users\\\\ermi0\\\\flutter projects\\\\apps\\\\dataconnect\": could not find dataconnect.yaml in `c:\\Users\\ermi0\\flutter projects\\apps\\dataconnect`\n"}}
[debug] [2026-04-22T11:16:26.311Z] E0422 14:16:26.310660   23080 watch.go:40] Failed to load config from "c:\\Users\\ermi0\\flutter projects\\apps\\dataconnect": could not find dataconnect.yaml in `c:\Users\ermi0\flutter projects\apps\dataconnect`
 {"metadata":{"emulator":{"name":"dataconnect"},"message":"E0422 14:16:26.310660   23080 watch.go:40] Failed to load config from \"c:\\\\Users\\\\ermi0\\\\flutter projects\\\\apps\\\\dataconnect\": could not find dataconnect.yaml in `c:\\Users\\ermi0\\flutter projects\\apps\\dataconnect`\n"}}
[debug] [2026-04-22T11:16:36.312Z] E0422 14:16:36.310952   23080 watch.go:40] Failed to load config from "c:\\Users\\ermi0\\flutter projects\\apps\\dataconnect": could not find dataconnect.yaml in `c:\Users\ermi0\flutter projects\apps\dataconnect`
 {"metadata":{"emulator":{"name":"dataconnect"},"message":"E0422 14:16:36.310952   23080 watch.go:40] Failed to load config from \"c:\\\\Users\\\\ermi0\\\\flutter projects\\\\apps\\\\dataconnect\": could not find dataconnect.yaml in `c:\\Users\\ermi0\\flutter projects\\apps\\dataconnect`\n"}}
[debug] [2026-04-22T11:16:46.311Z] E0422 14:16:46.311105   23080 watch.go:40] Failed to load config from "c:\\Users\\ermi0\\flutter projects\\apps\\dataconnect": could not find dataconnect.yaml in `c:\Users\ermi0\flutter projects\apps\dataconnect`
 {"metadata":{"emulator":{"name":"dataconnect"},"message":"E0422 14:16:46.311105   23080 watch.go:40] Failed to load config from \"c:\\\\Users\\\\ermi0\\\\flutter projects\\\\apps\\\\dataconnect\": could not find dataconnect.yaml in `c:\\Users\\ermi0\\flutter projects\\apps\\dataconnect`\n"}}
[debug] [2026-04-22T11:16:56.311Z] E0422 14:16:56.310685   23080 watch.go:40] Failed to load config from "c:\\Users\\ermi0\\flutter projects\\apps\\dataconnect": could not find dataconnect.yaml in `c:\Users\ermi0\flutter projects\apps\dataconnect`
 {"metadata":{"emulator":{"name":"dataconnect"},"message":"E0422 14:16:56.310685   23080 watch.go:40] Failed to load config from \"c:\\\\Users\\\\ermi0\\\\flutter projects\\\\apps\\\\dataconnect\": could not find dataconnect.yaml in `c:\\Users\\ermi0\\flutter projects\\apps\\dataconnect`\n"}}
[debug] [2026-04-22T11:17:06.310Z] E0422 14:17:06.310121   23080 watch.go:40] Failed to load config from "c:\\Users\\ermi0\\flutter projects\\apps\\dataconnect": could not find dataconnect.yaml in `c:\Users\ermi0\flutter projects\apps\dataconnect`
 {"metadata":{"emulator":{"name":"dataconnect"},"message":"E0422 14:17:06.310121   23080 watch.go:40] Failed to load config from \"c:\\\\Users\\\\ermi0\\\\flutter projects\\\\apps\\\\dataconnect\": could not find dataconnect.yaml in `c:\\Users\\ermi0\\flutter projects\\apps\\dataconnect`\n"}}
[debug] [2026-04-22T11:17:16.311Z] E0422 14:17:16.311064   23080 watch.go:40] Failed to load config from "c:\\Users\\ermi0\\flutter projects\\apps\\dataconnect": could not find dataconnect.yaml in `c:\Users\ermi0\flutter projects\apps\dataconnect`
 {"metadata":{"emulator":{"name":"dataconnect"},"message":"E0422 14:17:16.311064   23080 watch.go:40] Failed to load config from \"c:\\\\Users\\\\ermi0\\\\flutter projects\\\\apps\\\\dataconnect\": could not find dataconnect.yaml in `c:\\Users\\ermi0\\flutter projects\\apps\\dataconnect`\n"}}
[debug] [2026-04-22T11:17:26.310Z] E0422 14:17:26.310609   23080 watch.go:40] Failed to load config from "c:\\Users\\ermi0\\flutter projects\\apps\\dataconnect": could not find dataconnect.yaml in `c:\Users\ermi0\flutter projects\apps\dataconnect`
 {"metadata":{"emulator":{"name":"dataconnect"},"message":"E0422 14:17:26.310609   23080 watch.go:40] Failed to load config from \"c:\\\\Users\\\\ermi0\\\\flutter projects\\\\apps\\\\dataconnect\": could not find dataconnect.yaml in `c:\\Users\\ermi0\\flutter projects\\apps\\dataconnect`\n"}}
[debug] [2026-04-22T11:17:36.312Z] E0422 14:17:36.312196   23080 watch.go:40] Failed to load config from "c:\\Users\\ermi0\\flutter projects\\apps\\dataconnect": could not find dataconnect.yaml in `c:\Users\ermi0\flutter projects\apps\dataconnect`
 {"metadata":{"emulator":{"name":"dataconnect"},"message":"E0422 14:17:36.312196   23080 watch.go:40] Failed to load config from \"c:\\\\Users\\\\ermi0\\\\flutter projects\\\\apps\\\\dataconnect\": could not find dataconnect.yaml in `c:\\Users\\ermi0\\flutter projects\\apps\\dataconnect`\n"}}
[debug] [2026-04-22T11:17:46.310Z] E0422 14:17:46.310529   23080 watch.go:40] Failed to load config from "c:\\Users\\ermi0\\flutter projects\\apps\\dataconnect": could not find dataconnect.yaml in `c:\Users\ermi0\flutter projects\apps\dataconnect`
 {"metadata":{"emulator":{"name":"dataconnect"},"message":"E0422 14:17:46.310529   23080 watch.go:40] Failed to load config from \"c:\\\\Users\\\\ermi0\\\\flutter projects\\\\apps\\\\dataconnect\": could not find dataconnect.yaml in `c:\\Users\\ermi0\\flutter projects\\apps\\dataconnect`\n"}}
[debug] [2026-04-22T11:17:56.310Z] E0422 14:17:56.310353   23080 watch.go:40] Failed to load config from "c:\\Users\\ermi0\\flutter projects\\apps\\dataconnect": could not find dataconnect.yaml in `c:\Users\ermi0\flutter projects\apps\dataconnect`
 {"metadata":{"emulator":{"name":"dataconnect"},"message":"E0422 14:17:56.310353   23080 watch.go:40] Failed to load config from \"c:\\\\Users\\\\ermi0\\\\flutter projects\\\\apps\\\\dataconnect\": could not find dataconnect.yaml in `c:\\Users\\ermi0\\flutter projects\\apps\\dataconnect`\n"}}
[debug] [2026-04-22T11:18:06.310Z] E0422 14:18:06.310753   23080 watch.go:40] Failed to load config from "c:\\Users\\ermi0\\flutter projects\\apps\\dataconnect": could not find dataconnect.yaml in `c:\Users\ermi0\flutter projects\apps\dataconnect`
 {"metadata":{"emulator":{"name":"dataconnect"},"message":"E0422 14:18:06.310753   23080 watch.go:40] Failed to load config from \"c:\\\\Users\\\\ermi0\\\\flutter projects\\\\apps\\\\dataconnect\": could not find dataconnect.yaml in `c:\\Users\\ermi0\\flutter projects\\apps\\dataconnect`\n"}}
[debug] [2026-04-22T11:18:16.313Z] E0422 14:18:16.312988   23080 watch.go:40] Failed to load config from "c:\\Users\\ermi0\\flutter projects\\apps\\dataconnect": could not find dataconnect.yaml in `c:\Users\ermi0\flutter projects\apps\dataconnect`
 {"metadata":{"emulator":{"name":"dataconnect"},"message":"E0422 14:18:16.312988   23080 watch.go:40] Failed to load config from \"c:\\\\Users\\\\ermi0\\\\flutter projects\\\\apps\\\\dataconnect\": could not find dataconnect.yaml in `c:\\Users\\ermi0\\flutter projects\\apps\\dataconnect`\n"}}
[debug] [2026-04-22T11:18:26.310Z] E0422 14:18:26.310308   23080 watch.go:40] Failed to load config from "c:\\Users\\ermi0\\flutter projects\\apps\\dataconnect": could not find dataconnect.yaml in `c:\Users\ermi0\flutter projects\apps\dataconnect`
 {"metadata":{"emulator":{"name":"dataconnect"},"message":"E0422 14:18:26.310308   23080 watch.go:40] Failed to load config from \"c:\\\\Users\\\\ermi0\\\\flutter projects\\\\apps\\\\dataconnect\": could not find dataconnect.yaml in `c:\\Users\\ermi0\\flutter projects\\apps\\dataconnect`\n"}}
[debug] [2026-04-22T11:18:36.310Z] E0422 14:18:36.310539   23080 watch.go:40] Failed to load config from "c:\\Users\\ermi0\\flutter projects\\apps\\dataconnect": could not find dataconnect.yaml in `c:\Users\ermi0\flutter projects\apps\dataconnect`
 {"metadata":{"emulator":{"name":"dataconnect"},"message":"E0422 14:18:36.310539   23080 watch.go:40] Failed to load config from \"c:\\\\Users\\\\ermi0\\\\flutter projects\\\\apps\\\\dataconnect\": could not find dataconnect.yaml in `c:\\Users\\ermi0\\flutter projects\\apps\\dataconnect`\n"}}
[debug] [2026-04-22T11:18:46.310Z] E0422 14:18:46.310659   23080 watch.go:40] Failed to load config from "c:\\Users\\ermi0\\flutter projects\\apps\\dataconnect": could not find dataconnect.yaml in `c:\Users\ermi0\flutter projects\apps\dataconnect`
 {"metadata":{"emulator":{"name":"dataconnect"},"message":"E0422 14:18:46.310659   23080 watch.go:40] Failed to load config from \"c:\\\\Users\\\\ermi0\\\\flutter projects\\\\apps\\\\dataconnect\": could not find dataconnect.yaml in `c:\\Users\\ermi0\\flutter projects\\apps\\dataconnect`\n"}}
[debug] [2026-04-22T11:18:56.310Z] E0422 14:18:56.310507   23080 watch.go:40] Failed to load config from "c:\\Users\\ermi0\\flutter projects\\apps\\dataconnect": could not find dataconnect.yaml in `c:\Users\ermi0\flutter projects\apps\dataconnect`
 {"metadata":{"emulator":{"name":"dataconnect"},"message":"E0422 14:18:56.310507   23080 watch.go:40] Failed to load config from \"c:\\\\Users\\\\ermi0\\\\flutter projects\\\\apps\\\\dataconnect\": could not find dataconnect.yaml in `c:\\Users\\ermi0\\flutter projects\\apps\\dataconnect`\n"}}
[debug] [2026-04-22T11:19:06.310Z] E0422 14:19:06.310524   23080 watch.go:40] Failed to load config from "c:\\Users\\ermi0\\flutter projects\\apps\\dataconnect": could not find dataconnect.yaml in `c:\Users\ermi0\flutter projects\apps\dataconnect`
 {"metadata":{"emulator":{"name":"dataconnect"},"message":"E0422 14:19:06.310524   23080 watch.go:40] Failed to load config from \"c:\\\\Users\\\\ermi0\\\\flutter projects\\\\apps\\\\dataconnect\": could not find dataconnect.yaml in `c:\\Users\\ermi0\\flutter projects\\apps\\dataconnect`\n"}}
[debug] [2026-04-22T11:19:16.310Z] E0422 14:19:16.310606   23080 watch.go:40] Failed to load config from "c:\\Users\\ermi0\\flutter projects\\apps\\dataconnect": could not find dataconnect.yaml in `c:\Users\ermi0\flutter projects\apps\dataconnect`
 {"metadata":{"emulator":{"name":"dataconnect"},"message":"E0422 14:19:16.310606   23080 watch.go:40] Failed to load config from \"c:\\\\Users\\\\ermi0\\\\flutter projects\\\\apps\\\\dataconnect\": could not find dataconnect.yaml in `c:\\Users\\ermi0\\flutter projects\\apps\\dataconnect`\n"}}
[debug] [2026-04-22T11:19:26.310Z] E0422 14:19:26.310481   23080 watch.go:40] Failed to load config from "c:\\Users\\ermi0\\flutter projects\\apps\\dataconnect": could not find dataconnect.yaml in `c:\Users\ermi0\flutter projects\apps\dataconnect`
 {"metadata":{"emulator":{"name":"dataconnect"},"message":"E0422 14:19:26.310481   23080 watch.go:40] Failed to load config from \"c:\\\\Users\\\\ermi0\\\\flutter projects\\\\apps\\\\dataconnect\": could not find dataconnect.yaml in `c:\\Users\\ermi0\\flutter projects\\apps\\dataconnect`\n"}}
[debug] [2026-04-22T11:19:36.310Z] E0422 14:19:36.310362   23080 watch.go:40] Failed to load config from "c:\\Users\\ermi0\\flutter projects\\apps\\dataconnect": could not find dataconnect.yaml in `c:\Users\ermi0\flutter projects\apps\dataconnect`
 {"metadata":{"emulator":{"name":"dataconnect"},"message":"E0422 14:19:36.310362   23080 watch.go:40] Failed to load config from \"c:\\\\Users\\\\ermi0\\\\flutter projects\\\\apps\\\\dataconnect\": could not find dataconnect.yaml in `c:\\Users\\ermi0\\flutter projects\\apps\\dataconnect`\n"}}
[debug] [2026-04-22T11:19:46.310Z] E0422 14:19:46.310520   23080 watch.go:40] Failed to load config from "c:\\Users\\ermi0\\flutter projects\\apps\\dataconnect": could not find dataconnect.yaml in `c:\Users\ermi0\flutter projects\apps\dataconnect`
 {"metadata":{"emulator":{"name":"dataconnect"},"message":"E0422 14:19:46.310520   23080 watch.go:40] Failed to load config from \"c:\\\\Users\\\\ermi0\\\\flutter projects\\\\apps\\\\dataconnect\": could not find dataconnect.yaml in `c:\\Users\\ermi0\\flutter projects\\apps\\dataconnect`\n"}}
[debug] [2026-04-22T11:19:56.310Z] E0422 14:19:56.310658   23080 watch.go:40] Failed to load config from "c:\\Users\\ermi0\\flutter projects\\apps\\dataconnect": could not find dataconnect.yaml in `c:\Users\ermi0\flutter projects\apps\dataconnect`
 {"metadata":{"emulator":{"name":"dataconnect"},"message":"E0422 14:19:56.310658   23080 watch.go:40] Failed to load config from \"c:\\\\Users\\\\ermi0\\\\flutter projects\\\\apps\\\\dataconnect\": could not find dataconnect.yaml in `c:\\Users\\ermi0\\flutter projects\\apps\\dataconnect`\n"}}
[debug] [2026-04-22T11:20:06.310Z] E0422 14:20:06.310654   23080 watch.go:40] Failed to load config from "c:\\Users\\ermi0\\flutter projects\\apps\\dataconnect": could not find dataconnect.yaml in `c:\Users\ermi0\flutter projects\apps\dataconnect`
 {"metadata":{"emulator":{"name":"dataconnect"},"message":"E0422 14:20:06.310654   23080 watch.go:40] Failed to load config from \"c:\\\\Users\\\\ermi0\\\\flutter projects\\\\apps\\\\dataconnect\": could not find dataconnect.yaml in `c:\\Users\\ermi0\\flutter projects\\apps\\dataconnect`\n"}}
[debug] [2026-04-22T11:20:16.310Z] E0422 14:20:16.310401   23080 watch.go:40] Failed to load config from "c:\\Users\\ermi0\\flutter projects\\apps\\dataconnect": could not find dataconnect.yaml in `c:\Users\ermi0\flutter projects\apps\dataconnect`
 {"metadata":{"emulator":{"name":"dataconnect"},"message":"E0422 14:20:16.310401   23080 watch.go:40] Failed to load config from \"c:\\\\Users\\\\ermi0\\\\flutter projects\\\\apps\\\\dataconnect\": could not find dataconnect.yaml in `c:\\Users\\ermi0\\flutter projects\\apps\\dataconnect`\n"}}
[debug] [2026-04-22T11:20:26.316Z] E0422 14:20:26.312460   23080 watch.go:40] Failed to load config from "c:\\Users\\ermi0\\flutter projects\\apps\\dataconnect": could not find dataconnect.yaml in `c:\Users\ermi0\flutter projects\apps\dataconnect`
 {"metadata":{"emulator":{"name":"dataconnect"},"message":"E0422 14:20:26.312460   23080 watch.go:40] Failed to load config from \"c:\\\\Users\\\\ermi0\\\\flutter projects\\\\apps\\\\dataconnect\": could not find dataconnect.yaml in `c:\\Users\\ermi0\\flutter projects\\apps\\dataconnect`\n"}}
[debug] [2026-04-22T11:20:36.310Z] E0422 14:20:36.310676   23080 watch.go:40] Failed to load config from "c:\\Users\\ermi0\\flutter projects\\apps\\dataconnect": could not find dataconnect.yaml in `c:\Users\ermi0\flutter projects\apps\dataconnect`
 {"metadata":{"emulator":{"name":"dataconnect"},"message":"E0422 14:20:36.310676   23080 watch.go:40] Failed to load config from \"c:\\\\Users\\\\ermi0\\\\flutter projects\\\\apps\\\\dataconnect\": could not find dataconnect.yaml in `c:\\Users\\ermi0\\flutter projects\\apps\\dataconnect`\n"}}
[debug] [2026-04-22T11:20:46.311Z] E0422 14:20:46.311033   23080 watch.go:40] Failed to load config from "c:\\Users\\ermi0\\flutter projects\\apps\\dataconnect": could not find dataconnect.yaml in `c:\Users\ermi0\flutter projects\apps\dataconnect`
 {"metadata":{"emulator":{"name":"dataconnect"},"message":"E0422 14:20:46.311033   23080 watch.go:40] Failed to load config from \"c:\\\\Users\\\\ermi0\\\\flutter projects\\\\apps\\\\dataconnect\": could not find dataconnect.yaml in `c:\\Users\\ermi0\\flutter projects\\apps\\dataconnect`\n"}}
[debug] [2026-04-22T11:20:56.310Z] E0422 14:20:56.310537   23080 watch.go:40] Failed to load config from "c:\\Users\\ermi0\\flutter projects\\apps\\dataconnect": could not find dataconnect.yaml in `c:\Users\ermi0\flutter projects\apps\dataconnect`
 {"metadata":{"emulator":{"name":"dataconnect"},"message":"E0422 14:20:56.310537   23080 watch.go:40] Failed to load config from \"c:\\\\Users\\\\ermi0\\\\flutter projects\\\\apps\\\\dataconnect\": could not find dataconnect.yaml in `c:\\Users\\ermi0\\flutter projects\\apps\\dataconnect`\n"}}
[debug] [2026-04-22T11:21:06.310Z] E0422 14:21:06.310569   23080 watch.go:40] Failed to load config from "c:\\Users\\ermi0\\flutter projects\\apps\\dataconnect": could not find dataconnect.yaml in `c:\Users\ermi0\flutter projects\apps\dataconnect`
 {"metadata":{"emulator":{"name":"dataconnect"},"message":"E0422 14:21:06.310569   23080 watch.go:40] Failed to load config from \"c:\\\\Users\\\\ermi0\\\\flutter projects\\\\apps\\\\dataconnect\": could not find dataconnect.yaml in `c:\\Users\\ermi0\\flutter projects\\apps\\dataconnect`\n"}}
[debug] [2026-04-22T11:21:16.310Z] E0422 14:21:16.310577   23080 watch.go:40] Failed to load config from "c:\\Users\\ermi0\\flutter projects\\apps\\dataconnect": could not find dataconnect.yaml in `c:\Users\ermi0\flutter projects\apps\dataconnect`
 {"metadata":{"emulator":{"name":"dataconnect"},"message":"E0422 14:21:16.310577   23080 watch.go:40] Failed to load config from \"c:\\\\Users\\\\ermi0\\\\flutter projects\\\\apps\\\\dataconnect\": could not find dataconnect.yaml in `c:\\Users\\ermi0\\flutter projects\\apps\\dataconnect`\n"}}
[debug] [2026-04-22T11:21:26.310Z] E0422 14:21:26.310672   23080 watch.go:40] Failed to load config from "c:\\Users\\ermi0\\flutter projects\\apps\\dataconnect": could not find dataconnect.yaml in `c:\Users\ermi0\flutter projects\apps\dataconnect`
 {"metadata":{"emulator":{"name":"dataconnect"},"message":"E0422 14:21:26.310672   23080 watch.go:40] Failed to load config from \"c:\\\\Users\\\\ermi0\\\\flutter projects\\\\apps\\\\dataconnect\": could not find dataconnect.yaml in `c:\\Users\\ermi0\\flutter projects\\apps\\dataconnect`\n"}}
[debug] [2026-04-22T11:21:36.310Z] E0422 14:21:36.311088   23080 watch.go:40] Failed to load config from "c:\\Users\\ermi0\\flutter projects\\apps\\dataconnect": could not find dataconnect.yaml in `c:\Users\ermi0\flutter projects\apps\dataconnect`
 {"metadata":{"emulator":{"name":"dataconnect"},"message":"E0422 14:21:36.311088   23080 watch.go:40] Failed to load config from \"c:\\\\Users\\\\ermi0\\\\flutter projects\\\\apps\\\\dataconnect\": could not find dataconnect.yaml in `c:\\Users\\ermi0\\flutter projects\\apps\\dataconnect`\n"}}
[debug] [2026-04-22T11:21:46.310Z] E0422 14:21:46.310313   23080 watch.go:40] Failed to load config from "c:\\Users\\ermi0\\flutter projects\\apps\\dataconnect": could not find dataconnect.yaml in `c:\Users\ermi0\flutter projects\apps\dataconnect`
 {"metadata":{"emulator":{"name":"dataconnect"},"message":"E0422 14:21:46.310313   23080 watch.go:40] Failed to load config from \"c:\\\\Users\\\\ermi0\\\\flutter projects\\\\apps\\\\dataconnect\": could not find dataconnect.yaml in `c:\\Users\\ermi0\\flutter projects\\apps\\dataconnect`\n"}}
[debug] [2026-04-22T11:21:56.310Z] E0422 14:21:56.310382   23080 watch.go:40] Failed to load config from "c:\\Users\\ermi0\\flutter projects\\apps\\dataconnect": could not find dataconnect.yaml in `c:\Users\ermi0\flutter projects\apps\dataconnect`
 {"metadata":{"emulator":{"name":"dataconnect"},"message":"E0422 14:21:56.310382   23080 watch.go:40] Failed to load config from \"c:\\\\Users\\\\ermi0\\\\flutter projects\\\\apps\\\\dataconnect\": could not find dataconnect.yaml in `c:\\Users\\ermi0\\flutter projects\\apps\\dataconnect`\n"}}
[debug] [2026-04-22T11:22:06.311Z] E0422 14:22:06.310282   23080 watch.go:40] Failed to load config from "c:\\Users\\ermi0\\flutter projects\\apps\\dataconnect": could not find dataconnect.yaml in `c:\Users\ermi0\flutter projects\apps\dataconnect`
 {"metadata":{"emulator":{"name":"dataconnect"},"message":"E0422 14:22:06.310282   23080 watch.go:40] Failed to load config from \"c:\\\\Users\\\\ermi0\\\\flutter projects\\\\apps\\\\dataconnect\": could not find dataconnect.yaml in `c:\\Users\\ermi0\\flutter projects\\apps\\dataconnect`\n"}}
[debug] [2026-04-22T11:22:16.311Z] E0422 14:22:16.310912   23080 watch.go:40] Failed to load config from "c:\\Users\\ermi0\\flutter projects\\apps\\dataconnect": could not find dataconnect.yaml in `c:\Users\ermi0\flutter projects\apps\dataconnect`
 {"metadata":{"emulator":{"name":"dataconnect"},"message":"E0422 14:22:16.310912   23080 watch.go:40] Failed to load config from \"c:\\\\Users\\\\ermi0\\\\flutter projects\\\\apps\\\\dataconnect\": could not find dataconnect.yaml in `c:\\Users\\ermi0\\flutter projects\\apps\\dataconnect`\n"}}
[debug] [2026-04-22T11:22:26.311Z] E0422 14:22:26.310273   23080 watch.go:40] Failed to load config from "c:\\Users\\ermi0\\flutter projects\\apps\\dataconnect": could not find dataconnect.yaml in `c:\Users\ermi0\flutter projects\apps\dataconnect`
 {"metadata":{"emulator":{"name":"dataconnect"},"message":"E0422 14:22:26.310273   23080 watch.go:40] Failed to load config from \"c:\\\\Users\\\\ermi0\\\\flutter projects\\\\apps\\\\dataconnect\": could not find dataconnect.yaml in `c:\\Users\\ermi0\\flutter projects\\apps\\dataconnect`\n"}}
[debug] [2026-04-22T11:22:36.313Z] E0422 14:22:36.312450   23080 watch.go:40] Failed to load config from "c:\\Users\\ermi0\\flutter projects\\apps\\dataconnect": could not find dataconnect.yaml in `c:\Users\ermi0\flutter projects\apps\dataconnect`
 {"metadata":{"emulator":{"name":"dataconnect"},"message":"E0422 14:22:36.312450   23080 watch.go:40] Failed to load config from \"c:\\\\Users\\\\ermi0\\\\flutter projects\\\\apps\\\\dataconnect\": could not find dataconnect.yaml in `c:\\Users\\ermi0\\flutter projects\\apps\\dataconnect`\n"}}
[debug] [2026-04-22T11:22:46.311Z] E0422 14:22:46.310450   23080 watch.go:40] Failed to load config from "c:\\Users\\ermi0\\flutter projects\\apps\\dataconnect": could not find dataconnect.yaml in `c:\Users\ermi0\flutter projects\apps\dataconnect`
 {"metadata":{"emulator":{"name":"dataconnect"},"message":"E0422 14:22:46.310450   23080 watch.go:40] Failed to load config from \"c:\\\\Users\\\\ermi0\\\\flutter projects\\\\apps\\\\dataconnect\": could not find dataconnect.yaml in `c:\\Users\\ermi0\\flutter projects\\apps\\dataconnect`\n"}}
[debug] [2026-04-22T11:22:56.311Z] E0422 14:22:56.310968   23080 watch.go:40] Failed to load config from "c:\\Users\\ermi0\\flutter projects\\apps\\dataconnect": could not find dataconnect.yaml in `c:\Users\ermi0\flutter projects\apps\dataconnect`
 {"metadata":{"emulator":{"name":"dataconnect"},"message":"E0422 14:22:56.310968   23080 watch.go:40] Failed to load config from \"c:\\\\Users\\\\ermi0\\\\flutter projects\\\\apps\\\\dataconnect\": could not find dataconnect.yaml in `c:\\Users\\ermi0\\flutter projects\\apps\\dataconnect`\n"}}
[debug] [2026-04-22T11:23:06.310Z] E0422 14:23:06.310648   23080 watch.go:40] Failed to load config from "c:\\Users\\ermi0\\flutter projects\\apps\\dataconnect": could not find dataconnect.yaml in `c:\Users\ermi0\flutter projects\apps\dataconnect`
 {"metadata":{"emulator":{"name":"dataconnect"},"message":"E0422 14:23:06.310648   23080 watch.go:40] Failed to load config from \"c:\\\\Users\\\\ermi0\\\\flutter projects\\\\apps\\\\dataconnect\": could not find dataconnect.yaml in `c:\\Users\\ermi0\\flutter projects\\apps\\dataconnect`\n"}}
[debug] [2026-04-22T11:23:16.310Z] E0422 14:23:16.310484   23080 watch.go:40] Failed to load config from "c:\\Users\\ermi0\\flutter projects\\apps\\dataconnect": could not find dataconnect.yaml in `c:\Users\ermi0\flutter projects\apps\dataconnect`
 {"metadata":{"emulator":{"name":"dataconnect"},"message":"E0422 14:23:16.310484   23080 watch.go:40] Failed to load config from \"c:\\\\Users\\\\ermi0\\\\flutter projects\\\\apps\\\\dataconnect\": could not find dataconnect.yaml in `c:\\Users\\ermi0\\flutter projects\\apps\\dataconnect`\n"}}
[debug] [2026-04-22T11:23:26.311Z] E0422 14:23:26.310969   23080 watch.go:40] Failed to load config from "c:\\Users\\ermi0\\flutter projects\\apps\\dataconnect": could not find dataconnect.yaml in `c:\Users\ermi0\flutter projects\apps\dataconnect`
 {"metadata":{"emulator":{"name":"dataconnect"},"message":"E0422 14:23:26.310969   23080 watch.go:40] Failed to load config from \"c:\\\\Users\\\\ermi0\\\\flutter projects\\\\apps\\\\dataconnect\": could not find dataconnect.yaml in `c:\\Users\\ermi0\\flutter projects\\apps\\dataconnect`\n"}}
[debug] [2026-04-22T11:23:36.311Z] E0422 14:23:36.310910   23080 watch.go:40] Failed to load config from "c:\\Users\\ermi0\\flutter projects\\apps\\dataconnect": could not find dataconnect.yaml in `c:\Users\ermi0\flutter projects\apps\dataconnect`
 {"metadata":{"emulator":{"name":"dataconnect"},"message":"E0422 14:23:36.310910   23080 watch.go:40] Failed to load config from \"c:\\\\Users\\\\ermi0\\\\flutter projects\\\\apps\\\\dataconnect\": could not find dataconnect.yaml in `c:\\Users\\ermi0\\flutter projects\\apps\\dataconnect`\n"}}
[debug] [2026-04-22T11:23:46.312Z] E0422 14:23:46.311896   23080 watch.go:40] Failed to load config from "c:\\Users\\ermi0\\flutter projects\\apps\\dataconnect": could not find dataconnect.yaml in `c:\Users\ermi0\flutter projects\apps\dataconnect`
 {"metadata":{"emulator":{"name":"dataconnect"},"message":"E0422 14:23:46.311896   23080 watch.go:40] Failed to load config from \"c:\\\\Users\\\\ermi0\\\\flutter projects\\\\apps\\\\dataconnect\": could not find dataconnect.yaml in `c:\\Users\\ermi0\\flutter projects\\apps\\dataconnect`\n"}}
[debug] [2026-04-22T11:23:56.311Z] E0422 14:23:56.310688   23080 watch.go:40] Failed to load config from "c:\\Users\\ermi0\\flutter projects\\apps\\dataconnect": could not find dataconnect.yaml in `c:\Users\ermi0\flutter projects\apps\dataconnect`
 {"metadata":{"emulator":{"name":"dataconnect"},"message":"E0422 14:23:56.310688   23080 watch.go:40] Failed to load config from \"c:\\\\Users\\\\ermi0\\\\flutter projects\\\\apps\\\\dataconnect\": could not find dataconnect.yaml in `c:\\Users\\ermi0\\flutter projects\\apps\\dataconnect`\n"}}
[debug] [2026-04-22T11:24:06.310Z] E0422 14:24:06.310252   23080 watch.go:40] Failed to load config from "c:\\Users\\ermi0\\flutter projects\\apps\\dataconnect": could not find dataconnect.yaml in `c:\Users\ermi0\flutter projects\apps\dataconnect`
 {"metadata":{"emulator":{"name":"dataconnect"},"message":"E0422 14:24:06.310252   23080 watch.go:40] Failed to load config from \"c:\\\\Users\\\\ermi0\\\\flutter projects\\\\apps\\\\dataconnect\": could not find dataconnect.yaml in `c:\\Users\\ermi0\\flutter projects\\apps\\dataconnect`\n"}}
[debug] [2026-04-22T11:24:16.310Z] E0422 14:24:16.310607   23080 watch.go:40] Failed to load config from "c:\\Users\\ermi0\\flutter projects\\apps\\dataconnect": could not find dataconnect.yaml in `c:\Users\ermi0\flutter projects\apps\dataconnect`
 {"metadata":{"emulator":{"name":"dataconnect"},"message":"E0422 14:24:16.310607   23080 watch.go:40] Failed to load config from \"c:\\\\Users\\\\ermi0\\\\flutter projects\\\\apps\\\\dataconnect\": could not find dataconnect.yaml in `c:\\Users\\ermi0\\flutter projects\\apps\\dataconnect`\n"}}
[debug] [2026-04-22T11:24:26.310Z] E0422 14:24:26.310432   23080 watch.go:40] Failed to load config from "c:\\Users\\ermi0\\flutter projects\\apps\\dataconnect": could not find dataconnect.yaml in `c:\Users\ermi0\flutter projects\apps\dataconnect`
 {"metadata":{"emulator":{"name":"dataconnect"},"message":"E0422 14:24:26.310432   23080 watch.go:40] Failed to load config from \"c:\\\\Users\\\\ermi0\\\\flutter projects\\\\apps\\\\dataconnect\": could not find dataconnect.yaml in `c:\\Users\\ermi0\\flutter projects\\apps\\dataconnect`\n"}}
[debug] [2026-04-22T11:24:36.310Z] E0422 14:24:36.310919   23080 watch.go:40] Failed to load config from "c:\\Users\\ermi0\\flutter projects\\apps\\dataconnect": could not find dataconnect.yaml in `c:\Users\ermi0\flutter projects\apps\dataconnect`
 {"metadata":{"emulator":{"name":"dataconnect"},"message":"E0422 14:24:36.310919   23080 watch.go:40] Failed to load config from \"c:\\\\Users\\\\ermi0\\\\flutter projects\\\\apps\\\\dataconnect\": could not find dataconnect.yaml in `c:\\Users\\ermi0\\flutter projects\\apps\\dataconnect`\n"}}
[debug] [2026-04-22T11:24:46.311Z] E0422 14:24:46.311414   23080 watch.go:40] Failed to load config from "c:\\Users\\ermi0\\flutter projects\\apps\\dataconnect": could not find dataconnect.yaml in `c:\Users\ermi0\flutter projects\apps\dataconnect`
 {"metadata":{"emulator":{"name":"dataconnect"},"message":"E0422 14:24:46.311414   23080 watch.go:40] Failed to load config from \"c:\\\\Users\\\\ermi0\\\\flutter projects\\\\apps\\\\dataconnect\": could not find dataconnect.yaml in `c:\\Users\\ermi0\\flutter projects\\apps\\dataconnect`\n"}}
[debug] [2026-04-22T11:24:56.310Z] E0422 14:24:56.310668   23080 watch.go:40] Failed to load config from "c:\\Users\\ermi0\\flutter projects\\apps\\dataconnect": could not find dataconnect.yaml in `c:\Users\ermi0\flutter projects\apps\dataconnect`
 {"metadata":{"emulator":{"name":"dataconnect"},"message":"E0422 14:24:56.310668   23080 watch.go:40] Failed to load config from \"c:\\\\Users\\\\ermi0\\\\flutter projects\\\\apps\\\\dataconnect\": could not find dataconnect.yaml in `c:\\Users\\ermi0\\flutter projects\\apps\\dataconnect`\n"}}
[debug] [2026-04-22T11:25:06.310Z] E0422 14:25:06.310219   23080 watch.go:40] Failed to load config from "c:\\Users\\ermi0\\flutter projects\\apps\\dataconnect": could not find dataconnect.yaml in `c:\Users\ermi0\flutter projects\apps\dataconnect`
 {"metadata":{"emulator":{"name":"dataconnect"},"message":"E0422 14:25:06.310219   23080 watch.go:40] Failed to load config from \"c:\\\\Users\\\\ermi0\\\\flutter projects\\\\apps\\\\dataconnect\": could not find dataconnect.yaml in `c:\\Users\\ermi0\\flutter projects\\apps\\dataconnect`\n"}}
[debug] [2026-04-22T11:25:16.311Z] E0422 14:25:16.310619   23080 watch.go:40] Failed to load config from "c:\\Users\\ermi0\\flutter projects\\apps\\dataconnect": could not find dataconnect.yaml in `c:\Users\ermi0\flutter projects\apps\dataconnect`
 {"metadata":{"emulator":{"name":"dataconnect"},"message":"E0422 14:25:16.310619   23080 watch.go:40] Failed to load config from \"c:\\\\Users\\\\ermi0\\\\flutter projects\\\\apps\\\\dataconnect\": could not find dataconnect.yaml in `c:\\Users\\ermi0\\flutter projects\\apps\\dataconnect`\n"}}
[debug] [2026-04-22T11:25:26.316Z] E0422 14:25:26.315505   23080 watch.go:40] Failed to load config from "c:\\Users\\ermi0\\flutter projects\\apps\\dataconnect": could not find dataconnect.yaml in `c:\Users\ermi0\flutter projects\apps\dataconnect`
 {"metadata":{"emulator":{"name":"dataconnect"},"message":"E0422 14:25:26.315505   23080 watch.go:40] Failed to load config from \"c:\\\\Users\\\\ermi0\\\\flutter projects\\\\apps\\\\dataconnect\": could not find dataconnect.yaml in `c:\\Users\\ermi0\\flutter projects\\apps\\dataconnect`\n"}}
[debug] [2026-04-22T11:25:36.310Z] E0422 14:25:36.310346   23080 watch.go:40] Failed to load config from "c:\\Users\\ermi0\\flutter projects\\apps\\dataconnect": could not find dataconnect.yaml in `c:\Users\ermi0\flutter projects\apps\dataconnect`
 {"metadata":{"emulator":{"name":"dataconnect"},"message":"E0422 14:25:36.310346   23080 watch.go:40] Failed to load config from \"c:\\\\Users\\\\ermi0\\\\flutter projects\\\\apps\\\\dataconnect\": could not find dataconnect.yaml in `c:\\Users\\ermi0\\flutter projects\\apps\\dataconnect`\n"}}
[debug] [2026-04-22T11:25:46.311Z] E0422 14:25:46.311058   23080 watch.go:40] Failed to load config from "c:\\Users\\ermi0\\flutter projects\\apps\\dataconnect": could not find dataconnect.yaml in `c:\Users\ermi0\flutter projects\apps\dataconnect`
 {"metadata":{"emulator":{"name":"dataconnect"},"message":"E0422 14:25:46.311058   23080 watch.go:40] Failed to load config from \"c:\\\\Users\\\\ermi0\\\\flutter projects\\\\apps\\\\dataconnect\": could not find dataconnect.yaml in `c:\\Users\\ermi0\\flutter projects\\apps\\dataconnect`\n"}}
[debug] [2026-04-22T11:25:56.310Z] E0422 14:25:56.310571   23080 watch.go:40] Failed to load config from "c:\\Users\\ermi0\\flutter projects\\apps\\dataconnect": could not find dataconnect.yaml in `c:\Users\ermi0\flutter projects\apps\dataconnect`
 {"metadata":{"emulator":{"name":"dataconnect"},"message":"E0422 14:25:56.310571   23080 watch.go:40] Failed to load config from \"c:\\\\Users\\\\ermi0\\\\flutter projects\\\\apps\\\\dataconnect\": could not find dataconnect.yaml in `c:\\Users\\ermi0\\flutter projects\\apps\\dataconnect`\n"}}
[debug] [2026-04-22T11:26:06.310Z] E0422 14:26:06.310533   23080 watch.go:40] Failed to load config from "c:\\Users\\ermi0\\flutter projects\\apps\\dataconnect": could not find dataconnect.yaml in `c:\Users\ermi0\flutter projects\apps\dataconnect`
 {"metadata":{"emulator":{"name":"dataconnect"},"message":"E0422 14:26:06.310533   23080 watch.go:40] Failed to load config from \"c:\\\\Users\\\\ermi0\\\\flutter projects\\\\apps\\\\dataconnect\": could not find dataconnect.yaml in `c:\\Users\\ermi0\\flutter projects\\apps\\dataconnect`\n"}}
[debug] [2026-04-22T11:26:16.312Z] E0422 14:26:16.312062   23080 watch.go:40] Failed to load config from "c:\\Users\\ermi0\\flutter projects\\apps\\dataconnect": could not find dataconnect.yaml in `c:\Users\ermi0\flutter projects\apps\dataconnect`
 {"metadata":{"emulator":{"name":"dataconnect"},"message":"E0422 14:26:16.312062   23080 watch.go:40] Failed to load config from \"c:\\\\Users\\\\ermi0\\\\flutter projects\\\\apps\\\\dataconnect\": could not find dataconnect.yaml in `c:\\Users\\ermi0\\flutter projects\\apps\\dataconnect`\n"}}
[debug] [2026-04-22T11:26:26.311Z] E0422 14:26:26.311152   23080 watch.go:40] Failed to load config from "c:\\Users\\ermi0\\flutter projects\\apps\\dataconnect": could not find dataconnect.yaml in `c:\Users\ermi0\flutter projects\apps\dataconnect`
 {"metadata":{"emulator":{"name":"dataconnect"},"message":"E0422 14:26:26.311152   23080 watch.go:40] Failed to load config from \"c:\\\\Users\\\\ermi0\\\\flutter projects\\\\apps\\\\dataconnect\": could not find dataconnect.yaml in `c:\\Users\\ermi0\\flutter projects\\apps\\dataconnect`\n"}}
[debug] [2026-04-22T11:26:36.313Z] E0422 14:26:36.313715   23080 watch.go:40] Failed to load config from "c:\\Users\\ermi0\\flutter projects\\apps\\dataconnect": could not find dataconnect.yaml in `c:\Users\ermi0\flutter projects\apps\dataconnect`
 {"metadata":{"emulator":{"name":"dataconnect"},"message":"E0422 14:26:36.313715   23080 watch.go:40] Failed to load config from \"c:\\\\Users\\\\ermi0\\\\flutter projects\\\\apps\\\\dataconnect\": could not find dataconnect.yaml in `c:\\Users\\ermi0\\flutter projects\\apps\\dataconnect`\n"}}
[debug] [2026-04-22T11:26:46.314Z] E0422 14:26:46.312904   23080 watch.go:40] Failed to load config from "c:\\Users\\ermi0\\flutter projects\\apps\\dataconnect": could not find dataconnect.yaml in `c:\Users\ermi0\flutter projects\apps\dataconnect`
 {"metadata":{"emulator":{"name":"dataconnect"},"message":"E0422 14:26:46.312904   23080 watch.go:40] Failed to load config from \"c:\\\\Users\\\\ermi0\\\\flutter projects\\\\apps\\\\dataconnect\": could not find dataconnect.yaml in `c:\\Users\\ermi0\\flutter projects\\apps\\dataconnect`\n"}}
[debug] [2026-04-22T11:26:56.311Z] E0422 14:26:56.310890   23080 watch.go:40] Failed to load config from "c:\\Users\\ermi0\\flutter projects\\apps\\dataconnect": could not find dataconnect.yaml in `c:\Users\ermi0\flutter projects\apps\dataconnect`
 {"metadata":{"emulator":{"name":"dataconnect"},"message":"E0422 14:26:56.310890   23080 watch.go:40] Failed to load config from \"c:\\\\Users\\\\ermi0\\\\flutter projects\\\\apps\\\\dataconnect\": could not find dataconnect.yaml in `c:\\Users\\ermi0\\flutter projects\\apps\\dataconnect`\n"}}
[debug] [2026-04-22T11:27:06.310Z] E0422 14:27:06.310405   23080 watch.go:40] Failed to load config from "c:\\Users\\ermi0\\flutter projects\\apps\\dataconnect": could not find dataconnect.yaml in `c:\Users\ermi0\flutter projects\apps\dataconnect`
 {"metadata":{"emulator":{"name":"dataconnect"},"message":"E0422 14:27:06.310405   23080 watch.go:40] Failed to load config from \"c:\\\\Users\\\\ermi0\\\\flutter projects\\\\apps\\\\dataconnect\": could not find dataconnect.yaml in `c:\\Users\\ermi0\\flutter projects\\apps\\dataconnect`\n"}}
[debug] [2026-04-22T11:27:16.311Z] E0422 14:27:16.311001   23080 watch.go:40] Failed to load config from "c:\\Users\\ermi0\\flutter projects\\apps\\dataconnect": could not find dataconnect.yaml in `c:\Users\ermi0\flutter projects\apps\dataconnect`
 {"metadata":{"emulator":{"name":"dataconnect"},"message":"E0422 14:27:16.311001   23080 watch.go:40] Failed to load config from \"c:\\\\Users\\\\ermi0\\\\flutter projects\\\\apps\\\\dataconnect\": could not find dataconnect.yaml in `c:\\Users\\ermi0\\flutter projects\\apps\\dataconnect`\n"}}
[debug] [2026-04-22T11:27:26.310Z] E0422 14:27:26.310261   23080 watch.go:40] Failed to load config from "c:\\Users\\ermi0\\flutter projects\\apps\\dataconnect": could not find dataconnect.yaml in `c:\Users\ermi0\flutter projects\apps\dataconnect`
 {"metadata":{"emulator":{"name":"dataconnect"},"message":"E0422 14:27:26.310261   23080 watch.go:40] Failed to load config from \"c:\\\\Users\\\\ermi0\\\\flutter projects\\\\apps\\\\dataconnect\": could not find dataconnect.yaml in `c:\\Users\\ermi0\\flutter projects\\apps\\dataconnect`\n"}}
[debug] [2026-04-22T11:27:36.311Z] E0422 14:27:36.310485   23080 watch.go:40] Failed to load config from "c:\\Users\\ermi0\\flutter projects\\apps\\dataconnect": could not find dataconnect.yaml in `c:\Users\ermi0\flutter projects\apps\dataconnect`
 {"metadata":{"emulator":{"name":"dataconnect"},"message":"E0422 14:27:36.310485   23080 watch.go:40] Failed to load config from \"c:\\\\Users\\\\ermi0\\\\flutter projects\\\\apps\\\\dataconnect\": could not find dataconnect.yaml in `c:\\Users\\ermi0\\flutter projects\\apps\\dataconnect`\n"}}
[debug] [2026-04-22T11:27:46.312Z] E0422 14:27:46.311758   23080 watch.go:40] Failed to load config from "c:\\Users\\ermi0\\flutter projects\\apps\\dataconnect": could not find dataconnect.yaml in `c:\Users\ermi0\flutter projects\apps\dataconnect`
 {"metadata":{"emulator":{"name":"dataconnect"},"message":"E0422 14:27:46.311758   23080 watch.go:40] Failed to load config from \"c:\\\\Users\\\\ermi0\\\\flutter projects\\\\apps\\\\dataconnect\": could not find dataconnect.yaml in `c:\\Users\\ermi0\\flutter projects\\apps\\dataconnect`\n"}}
[debug] [2026-04-22T11:27:56.312Z] E0422 14:27:56.311615   23080 watch.go:40] Failed to load config from "c:\\Users\\ermi0\\flutter projects\\apps\\dataconnect": could not find dataconnect.yaml in `c:\Users\ermi0\flutter projects\apps\dataconnect`
 {"metadata":{"emulator":{"name":"dataconnect"},"message":"E0422 14:27:56.311615   23080 watch.go:40] Failed to load config from \"c:\\\\Users\\\\ermi0\\\\flutter projects\\\\apps\\\\dataconnect\": could not find dataconnect.yaml in `c:\\Users\\ermi0\\flutter projects\\apps\\dataconnect`\n"}}
[debug] [2026-04-22T11:28:06.311Z] E0422 14:28:06.310304   23080 watch.go:40] Failed to load config from "c:\\Users\\ermi0\\flutter projects\\apps\\dataconnect": could not find dataconnect.yaml in `c:\Users\ermi0\flutter projects\apps\dataconnect`
 {"metadata":{"emulator":{"name":"dataconnect"},"message":"E0422 14:28:06.310304   23080 watch.go:40] Failed to load config from \"c:\\\\Users\\\\ermi0\\\\flutter projects\\\\apps\\\\dataconnect\": could not find dataconnect.yaml in `c:\\Users\\ermi0\\flutter projects\\apps\\dataconnect`\n"}}
[debug] [2026-04-22T11:28:16.311Z] E0422 14:28:16.310522   23080 watch.go:40] Failed to load config from "c:\\Users\\ermi0\\flutter projects\\apps\\dataconnect": could not find dataconnect.yaml in `c:\Users\ermi0\flutter projects\apps\dataconnect`
 {"metadata":{"emulator":{"name":"dataconnect"},"message":"E0422 14:28:16.310522   23080 watch.go:40] Failed to load config from \"c:\\\\Users\\\\ermi0\\\\flutter projects\\\\apps\\\\dataconnect\": could not find dataconnect.yaml in `c:\\Users\\ermi0\\flutter projects\\apps\\dataconnect`\n"}}
[debug] [2026-04-22T11:28:26.311Z] E0422 14:28:26.310314   23080 watch.go:40] Failed to load config from "c:\\Users\\ermi0\\flutter projects\\apps\\dataconnect": could not find dataconnect.yaml in `c:\Users\ermi0\flutter projects\apps\dataconnect`
 {"metadata":{"emulator":{"name":"dataconnect"},"message":"E0422 14:28:26.310314   23080 watch.go:40] Failed to load config from \"c:\\\\Users\\\\ermi0\\\\flutter projects\\\\apps\\\\dataconnect\": could not find dataconnect.yaml in `c:\\Users\\ermi0\\flutter projects\\apps\\dataconnect`\n"}}
[debug] [2026-04-22T11:28:36.311Z] E0422 14:28:36.310374   23080 watch.go:40] Failed to load config from "c:\\Users\\ermi0\\flutter projects\\apps\\dataconnect": could not find dataconnect.yaml in `c:\Users\ermi0\flutter projects\apps\dataconnect`
 {"metadata":{"emulator":{"name":"dataconnect"},"message":"E0422 14:28:36.310374   23080 watch.go:40] Failed to load config from \"c:\\\\Users\\\\ermi0\\\\flutter projects\\\\apps\\\\dataconnect\": could not find dataconnect.yaml in `c:\\Users\\ermi0\\flutter projects\\apps\\dataconnect`\n"}}
[debug] [2026-04-22T11:28:46.311Z] E0422 14:28:46.310495   23080 watch.go:40] Failed to load config from "c:\\Users\\ermi0\\flutter projects\\apps\\dataconnect": could not find dataconnect.yaml in `c:\Users\ermi0\flutter projects\apps\dataconnect`
 {"metadata":{"emulator":{"name":"dataconnect"},"message":"E0422 14:28:46.310495   23080 watch.go:40] Failed to load config from \"c:\\\\Users\\\\ermi0\\\\flutter projects\\\\apps\\\\dataconnect\": could not find dataconnect.yaml in `c:\\Users\\ermi0\\flutter projects\\apps\\dataconnect`\n"}}
[debug] [2026-04-22T11:28:56.311Z] E0422 14:28:56.310808   23080 watch.go:40] Failed to load config from "c:\\Users\\ermi0\\flutter projects\\apps\\dataconnect": could not find dataconnect.yaml in `c:\Users\ermi0\flutter projects\apps\dataconnect`
 {"metadata":{"emulator":{"name":"dataconnect"},"message":"E0422 14:28:56.310808   23080 watch.go:40] Failed to load config from \"c:\\\\Users\\\\ermi0\\\\flutter projects\\\\apps\\\\dataconnect\": could not find dataconnect.yaml in `c:\\Users\\ermi0\\flutter projects\\apps\\dataconnect`\n"}}
[debug] [2026-04-22T11:29:06.310Z] E0422 14:29:06.310291   23080 watch.go:40] Failed to load config from "c:\\Users\\ermi0\\flutter projects\\apps\\dataconnect": could not find dataconnect.yaml in `c:\Users\ermi0\flutter projects\apps\dataconnect`
 {"metadata":{"emulator":{"name":"dataconnect"},"message":"E0422 14:29:06.310291   23080 watch.go:40] Failed to load config from \"c:\\\\Users\\\\ermi0\\\\flutter projects\\\\apps\\\\dataconnect\": could not find dataconnect.yaml in `c:\\Users\\ermi0\\flutter projects\\apps\\dataconnect`\n"}}
[debug] [2026-04-22T11:29:16.311Z] E0422 14:29:16.311133   23080 watch.go:40] Failed to load config from "c:\\Users\\ermi0\\flutter projects\\apps\\dataconnect": could not find dataconnect.yaml in `c:\Users\ermi0\flutter projects\apps\dataconnect`
 {"metadata":{"emulator":{"name":"dataconnect"},"message":"E0422 14:29:16.311133   23080 watch.go:40] Failed to load config from \"c:\\\\Users\\\\ermi0\\\\flutter projects\\\\apps\\\\dataconnect\": could not find dataconnect.yaml in `c:\\Users\\ermi0\\flutter projects\\apps\\dataconnect`\n"}}
[debug] [2026-04-22T11:29:26.311Z] E0422 14:29:26.310740   23080 watch.go:40] Failed to load config from "c:\\Users\\ermi0\\flutter projects\\apps\\dataconnect": could not find dataconnect.yaml in `c:\Users\ermi0\flutter projects\apps\dataconnect`
 {"metadata":{"emulator":{"name":"dataconnect"},"message":"E0422 14:29:26.310740   23080 watch.go:40] Failed to load config from \"c:\\\\Users\\\\ermi0\\\\flutter projects\\\\apps\\\\dataconnect\": could not find dataconnect.yaml in `c:\\Users\\ermi0\\flutter projects\\apps\\dataconnect`\n"}}
[debug] [2026-04-22T11:29:36.310Z] E0422 14:29:36.310878   23080 watch.go:40] Failed to load config from "c:\\Users\\ermi0\\flutter projects\\apps\\dataconnect": could not find dataconnect.yaml in `c:\Users\ermi0\flutter projects\apps\dataconnect`
 {"metadata":{"emulator":{"name":"dataconnect"},"message":"E0422 14:29:36.310878   23080 watch.go:40] Failed to load config from \"c:\\\\Users\\\\ermi0\\\\flutter projects\\\\apps\\\\dataconnect\": could not find dataconnect.yaml in `c:\\Users\\ermi0\\flutter projects\\apps\\dataconnect`\n"}}
[debug] [2026-04-22T11:29:46.311Z] E0422 14:29:46.310625   23080 watch.go:40] Failed to load config from "c:\\Users\\ermi0\\flutter projects\\apps\\dataconnect": could not find dataconnect.yaml in `c:\Users\ermi0\flutter projects\apps\dataconnect`
 {"metadata":{"emulator":{"name":"dataconnect"},"message":"E0422 14:29:46.310625   23080 watch.go:40] Failed to load config from \"c:\\\\Users\\\\ermi0\\\\flutter projects\\\\apps\\\\dataconnect\": could not find dataconnect.yaml in `c:\\Users\\ermi0\\flutter projects\\apps\\dataconnect`\n"}}
[debug] [2026-04-22T11:29:56.311Z] E0422 14:29:56.310694   23080 watch.go:40] Failed to load config from "c:\\Users\\ermi0\\flutter projects\\apps\\dataconnect": could not find dataconnect.yaml in `c:\Users\ermi0\flutter projects\apps\dataconnect`
 {"metadata":{"emulator":{"name":"dataconnect"},"message":"E0422 14:29:56.310694   23080 watch.go:40] Failed to load config from \"c:\\\\Users\\\\ermi0\\\\flutter projects\\\\apps\\\\dataconnect\": could not find dataconnect.yaml in `c:\\Users\\ermi0\\flutter projects\\apps\\dataconnect`\n"}}
[debug] [2026-04-22T11:30:06.310Z] E0422 14:30:06.311273   23080 watch.go:40] Failed to load config from "c:\\Users\\ermi0\\flutter projects\\apps\\dataconnect": could not find dataconnect.yaml in `c:\Users\ermi0\flutter projects\apps\dataconnect`
 {"metadata":{"emulator":{"name":"dataconnect"},"message":"E0422 14:30:06.311273   23080 watch.go:40] Failed to load config from \"c:\\\\Users\\\\ermi0\\\\flutter projects\\\\apps\\\\dataconnect\": could not find dataconnect.yaml in `c:\\Users\\ermi0\\flutter projects\\apps\\dataconnect`\n"}}
[debug] [2026-04-22T11:30:16.314Z] E0422 14:30:16.311737   23080 watch.go:40] Failed to load config from "c:\\Users\\ermi0\\flutter projects\\apps\\dataconnect": could not find dataconnect.yaml in `c:\Users\ermi0\flutter projects\apps\dataconnect`
 {"metadata":{"emulator":{"name":"dataconnect"},"message":"E0422 14:30:16.311737   23080 watch.go:40] Failed to load config from \"c:\\\\Users\\\\ermi0\\\\flutter projects\\\\apps\\\\dataconnect\": could not find dataconnect.yaml in `c:\\Users\\ermi0\\flutter projects\\apps\\dataconnect`\n"}}
[debug] [2026-04-22T11:30:26.310Z] E0422 14:30:26.310469   23080 watch.go:40] Failed to load config from "c:\\Users\\ermi0\\flutter projects\\apps\\dataconnect": could not find dataconnect.yaml in `c:\Users\ermi0\flutter projects\apps\dataconnect`
 {"metadata":{"emulator":{"name":"dataconnect"},"message":"E0422 14:30:26.310469   23080 watch.go:40] Failed to load config from \"c:\\\\Users\\\\ermi0\\\\flutter projects\\\\apps\\\\dataconnect\": could not find dataconnect.yaml in `c:\\Users\\ermi0\\flutter projects\\apps\\dataconnect`\n"}}
[debug] [2026-04-22T11:30:36.310Z] E0422 14:30:36.310317   23080 watch.go:40] Failed to load config from "c:\\Users\\ermi0\\flutter projects\\apps\\dataconnect": could not find dataconnect.yaml in `c:\Users\ermi0\flutter projects\apps\dataconnect`
 {"metadata":{"emulator":{"name":"dataconnect"},"message":"E0422 14:30:36.310317   23080 watch.go:40] Failed to load config from \"c:\\\\Users\\\\ermi0\\\\flutter projects\\\\apps\\\\dataconnect\": could not find dataconnect.yaml in `c:\\Users\\ermi0\\flutter projects\\apps\\dataconnect`\n"}}
[debug] [2026-04-22T11:30:46.310Z] E0422 14:30:46.310406   23080 watch.go:40] Failed to load config from "c:\\Users\\ermi0\\flutter projects\\apps\\dataconnect": could not find dataconnect.yaml in `c:\Users\ermi0\flutter projects\apps\dataconnect`
 {"metadata":{"emulator":{"name":"dataconnect"},"message":"E0422 14:30:46.310406   23080 watch.go:40] Failed to load config from \"c:\\\\Users\\\\ermi0\\\\flutter projects\\\\apps\\\\dataconnect\": could not find dataconnect.yaml in `c:\\Users\\ermi0\\flutter projects\\apps\\dataconnect`\n"}}
[debug] [2026-04-22T11:30:56.310Z] E0422 14:30:56.310620   23080 watch.go:40] Failed to load config from "c:\\Users\\ermi0\\flutter projects\\apps\\dataconnect": could not find dataconnect.yaml in `c:\Users\ermi0\flutter projects\apps\dataconnect`
 {"metadata":{"emulator":{"name":"dataconnect"},"message":"E0422 14:30:56.310620   23080 watch.go:40] Failed to load config from \"c:\\\\Users\\\\ermi0\\\\flutter projects\\\\apps\\\\dataconnect\": could not find dataconnect.yaml in `c:\\Users\\ermi0\\flutter projects\\apps\\dataconnect`\n"}}
[debug] [2026-04-22T11:31:06.314Z] E0422 14:31:06.314097   23080 watch.go:40] Failed to load config from "c:\\Users\\ermi0\\flutter projects\\apps\\dataconnect": could not find dataconnect.yaml in `c:\Users\ermi0\flutter projects\apps\dataconnect`
 {"metadata":{"emulator":{"name":"dataconnect"},"message":"E0422 14:31:06.314097   23080 watch.go:40] Failed to load config from \"c:\\\\Users\\\\ermi0\\\\flutter projects\\\\apps\\\\dataconnect\": could not find dataconnect.yaml in `c:\\Users\\ermi0\\flutter projects\\apps\\dataconnect`\n"}}
[debug] [2026-04-22T11:31:16.311Z] E0422 14:31:16.310572   23080 watch.go:40] Failed to load config from "c:\\Users\\ermi0\\flutter projects\\apps\\dataconnect": could not find dataconnect.yaml in `c:\Users\ermi0\flutter projects\apps\dataconnect`
 {"metadata":{"emulator":{"name":"dataconnect"},"message":"E0422 14:31:16.310572   23080 watch.go:40] Failed to load config from \"c:\\\\Users\\\\ermi0\\\\flutter projects\\\\apps\\\\dataconnect\": could not find dataconnect.yaml in `c:\\Users\\ermi0\\flutter projects\\apps\\dataconnect`\n"}}
[debug] [2026-04-22T11:31:26.311Z] E0422 14:31:26.310510   23080 watch.go:40] Failed to load config from "c:\\Users\\ermi0\\flutter projects\\apps\\dataconnect": could not find dataconnect.yaml in `c:\Users\ermi0\flutter projects\apps\dataconnect`
 {"metadata":{"emulator":{"name":"dataconnect"},"message":"E0422 14:31:26.310510   23080 watch.go:40] Failed to load config from \"c:\\\\Users\\\\ermi0\\\\flutter projects\\\\apps\\\\dataconnect\": could not find dataconnect.yaml in `c:\\Users\\ermi0\\flutter projects\\apps\\dataconnect`\n"}}
[debug] [2026-04-22T11:31:36.311Z] E0422 14:31:36.310360   23080 watch.go:40] Failed to load config from "c:\\Users\\ermi0\\flutter projects\\apps\\dataconnect": could not find dataconnect.yaml in `c:\Users\ermi0\flutter projects\apps\dataconnect`
 {"metadata":{"emulator":{"name":"dataconnect"},"message":"E0422 14:31:36.310360   23080 watch.go:40] Failed to load config from \"c:\\\\Users\\\\ermi0\\\\flutter projects\\\\apps\\\\dataconnect\": could not find dataconnect.yaml in `c:\\Users\\ermi0\\flutter projects\\apps\\dataconnect`\n"}}
[debug] [2026-04-22T11:31:46.311Z] E0422 14:31:46.311106   23080 watch.go:40] Failed to load config from "c:\\Users\\ermi0\\flutter projects\\apps\\dataconnect": could not find dataconnect.yaml in `c:\Users\ermi0\flutter projects\apps\dataconnect`
 {"metadata":{"emulator":{"name":"dataconnect"},"message":"E0422 14:31:46.311106   23080 watch.go:40] Failed to load config from \"c:\\\\Users\\\\ermi0\\\\flutter projects\\\\apps\\\\dataconnect\": could not find dataconnect.yaml in `c:\\Users\\ermi0\\flutter projects\\apps\\dataconnect`\n"}}
[debug] [2026-04-22T11:31:56.311Z] E0422 14:31:56.310550   23080 watch.go:40] Failed to load config from "c:\\Users\\ermi0\\flutter projects\\apps\\dataconnect": could not find dataconnect.yaml in `c:\Users\ermi0\flutter projects\apps\dataconnect`
 {"metadata":{"emulator":{"name":"dataconnect"},"message":"E0422 14:31:56.310550   23080 watch.go:40] Failed to load config from \"c:\\\\Users\\\\ermi0\\\\flutter projects\\\\apps\\\\dataconnect\": could not find dataconnect.yaml in `c:\\Users\\ermi0\\flutter projects\\apps\\dataconnect`\n"}}
[debug] [2026-04-22T11:32:06.310Z] E0422 14:32:06.310190   23080 watch.go:40] Failed to load config from "c:\\Users\\ermi0\\flutter projects\\apps\\dataconnect": could not find dataconnect.yaml in `c:\Users\ermi0\flutter projects\apps\dataconnect`
 {"metadata":{"emulator":{"name":"dataconnect"},"message":"E0422 14:32:06.310190   23080 watch.go:40] Failed to load config from \"c:\\\\Users\\\\ermi0\\\\flutter projects\\\\apps\\\\dataconnect\": could not find dataconnect.yaml in `c:\\Users\\ermi0\\flutter projects\\apps\\dataconnect`\n"}}
[debug] [2026-04-22T11:32:16.310Z] E0422 14:32:16.310580   23080 watch.go:40] Failed to load config from "c:\\Users\\ermi0\\flutter projects\\apps\\dataconnect": could not find dataconnect.yaml in `c:\Users\ermi0\flutter projects\apps\dataconnect`
 {"metadata":{"emulator":{"name":"dataconnect"},"message":"E0422 14:32:16.310580   23080 watch.go:40] Failed to load config from \"c:\\\\Users\\\\ermi0\\\\flutter projects\\\\apps\\\\dataconnect\": could not find dataconnect.yaml in `c:\\Users\\ermi0\\flutter projects\\apps\\dataconnect`\n"}}
[debug] [2026-04-22T11:32:26.311Z] E0422 14:32:26.310652   23080 watch.go:40] Failed to load config from "c:\\Users\\ermi0\\flutter projects\\apps\\dataconnect": could not find dataconnect.yaml in `c:\Users\ermi0\flutter projects\apps\dataconnect`
 {"metadata":{"emulator":{"name":"dataconnect"},"message":"E0422 14:32:26.310652   23080 watch.go:40] Failed to load config from \"c:\\\\Users\\\\ermi0\\\\flutter projects\\\\apps\\\\dataconnect\": could not find dataconnect.yaml in `c:\\Users\\ermi0\\flutter projects\\apps\\dataconnect`\n"}}
[debug] [2026-04-22T11:32:36.310Z] E0422 14:32:36.310720   23080 watch.go:40] Failed to load config from "c:\\Users\\ermi0\\flutter projects\\apps\\dataconnect": could not find dataconnect.yaml in `c:\Users\ermi0\flutter projects\apps\dataconnect`
 {"metadata":{"emulator":{"name":"dataconnect"},"message":"E0422 14:32:36.310720   23080 watch.go:40] Failed to load config from \"c:\\\\Users\\\\ermi0\\\\flutter projects\\\\apps\\\\dataconnect\": could not find dataconnect.yaml in `c:\\Users\\ermi0\\flutter projects\\apps\\dataconnect`\n"}}
[debug] [2026-04-22T11:32:46.312Z] E0422 14:32:46.311434   23080 watch.go:40] Failed to load config from "c:\\Users\\ermi0\\flutter projects\\apps\\dataconnect": could not find dataconnect.yaml in `c:\Users\ermi0\flutter projects\apps\dataconnect`
 {"metadata":{"emulator":{"name":"dataconnect"},"message":"E0422 14:32:46.311434   23080 watch.go:40] Failed to load config from \"c:\\\\Users\\\\ermi0\\\\flutter projects\\\\apps\\\\dataconnect\": could not find dataconnect.yaml in `c:\\Users\\ermi0\\flutter projects\\apps\\dataconnect`\n"}}
[debug] [2026-04-22T11:32:56.310Z] E0422 14:32:56.310650   23080 watch.go:40] Failed to load config from "c:\\Users\\ermi0\\flutter projects\\apps\\dataconnect": could not find dataconnect.yaml in `c:\Users\ermi0\flutter projects\apps\dataconnect`
 {"metadata":{"emulator":{"name":"dataconnect"},"message":"E0422 14:32:56.310650   23080 watch.go:40] Failed to load config from \"c:\\\\Users\\\\ermi0\\\\flutter projects\\\\apps\\\\dataconnect\": could not find dataconnect.yaml in `c:\\Users\\ermi0\\flutter projects\\apps\\dataconnect`\n"}}
[debug] [2026-04-22T11:33:06.311Z] E0422 14:33:06.310749   23080 watch.go:40] Failed to load config from "c:\\Users\\ermi0\\flutter projects\\apps\\dataconnect": could not find dataconnect.yaml in `c:\Users\ermi0\flutter projects\apps\dataconnect`
 {"metadata":{"emulator":{"name":"dataconnect"},"message":"E0422 14:33:06.310749   23080 watch.go:40] Failed to load config from \"c:\\\\Users\\\\ermi0\\\\flutter projects\\\\apps\\\\dataconnect\": could not find dataconnect.yaml in `c:\\Users\\ermi0\\flutter projects\\apps\\dataconnect`\n"}}
[debug] [2026-04-22T11:33:16.310Z] E0422 14:33:16.310422   23080 watch.go:40] Failed to load config from "c:\\Users\\ermi0\\flutter projects\\apps\\dataconnect": could not find dataconnect.yaml in `c:\Users\ermi0\flutter projects\apps\dataconnect`
 {"metadata":{"emulator":{"name":"dataconnect"},"message":"E0422 14:33:16.310422   23080 watch.go:40] Failed to load config from \"c:\\\\Users\\\\ermi0\\\\flutter projects\\\\apps\\\\dataconnect\": could not find dataconnect.yaml in `c:\\Users\\ermi0\\flutter projects\\apps\\dataconnect`\n"}}
[debug] [2026-04-22T11:33:26.311Z] E0422 14:33:26.310296   23080 watch.go:40] Failed to load config from "c:\\Users\\ermi0\\flutter projects\\apps\\dataconnect": could not find dataconnect.yaml in `c:\Users\ermi0\flutter projects\apps\dataconnect`
 {"metadata":{"emulator":{"name":"dataconnect"},"message":"E0422 14:33:26.310296   23080 watch.go:40] Failed to load config from \"c:\\\\Users\\\\ermi0\\\\flutter projects\\\\apps\\\\dataconnect\": could not find dataconnect.yaml in `c:\\Users\\ermi0\\flutter projects\\apps\\dataconnect`\n"}}
[debug] [2026-04-22T11:33:36.311Z] E0422 14:33:36.310738   23080 watch.go:40] Failed to load config from "c:\\Users\\ermi0\\flutter projects\\apps\\dataconnect": could not find dataconnect.yaml in `c:\Users\ermi0\flutter projects\apps\dataconnect`
 {"metadata":{"emulator":{"name":"dataconnect"},"message":"E0422 14:33:36.310738   23080 watch.go:40] Failed to load config from \"c:\\\\Users\\\\ermi0\\\\flutter projects\\\\apps\\\\dataconnect\": could not find dataconnect.yaml in `c:\\Users\\ermi0\\flutter projects\\apps\\dataconnect`\n"}}
[debug] [2026-04-22T11:33:46.311Z] E0422 14:33:46.310725   23080 watch.go:40] Failed to load config from "c:\\Users\\ermi0\\flutter projects\\apps\\dataconnect": could not find dataconnect.yaml in `c:\Users\ermi0\flutter projects\apps\dataconnect`
 {"metadata":{"emulator":{"name":"dataconnect"},"message":"E0422 14:33:46.310725   23080 watch.go:40] Failed to load config from \"c:\\\\Users\\\\ermi0\\\\flutter projects\\\\apps\\\\dataconnect\": could not find dataconnect.yaml in `c:\\Users\\ermi0\\flutter projects\\apps\\dataconnect`\n"}}
[debug] [2026-04-22T11:33:56.311Z] E0422 14:33:56.310365   23080 watch.go:40] Failed to load config from "c:\\Users\\ermi0\\flutter projects\\apps\\dataconnect": could not find dataconnect.yaml in `c:\Users\ermi0\flutter projects\apps\dataconnect`
 {"metadata":{"emulator":{"name":"dataconnect"},"message":"E0422 14:33:56.310365   23080 watch.go:40] Failed to load config from \"c:\\\\Users\\\\ermi0\\\\flutter projects\\\\apps\\\\dataconnect\": could not find dataconnect.yaml in `c:\\Users\\ermi0\\flutter projects\\apps\\dataconnect`\n"}}
[debug] [2026-04-22T11:34:06.310Z] E0422 14:34:06.310543   23080 watch.go:40] Failed to load config from "c:\\Users\\ermi0\\flutter projects\\apps\\dataconnect": could not find dataconnect.yaml in `c:\Users\ermi0\flutter projects\apps\dataconnect`
 {"metadata":{"emulator":{"name":"dataconnect"},"message":"E0422 14:34:06.310543   23080 watch.go:40] Failed to load config from \"c:\\\\Users\\\\ermi0\\\\flutter projects\\\\apps\\\\dataconnect\": could not find dataconnect.yaml in `c:\\Users\\ermi0\\flutter projects\\apps\\dataconnect`\n"}}
[debug] [2026-04-22T11:34:16.310Z] E0422 14:34:16.310766   23080 watch.go:40] Failed to load config from "c:\\Users\\ermi0\\flutter projects\\apps\\dataconnect": could not find dataconnect.yaml in `c:\Users\ermi0\flutter projects\apps\dataconnect`
 {"metadata":{"emulator":{"name":"dataconnect"},"message":"E0422 14:34:16.310766   23080 watch.go:40] Failed to load config from \"c:\\\\Users\\\\ermi0\\\\flutter projects\\\\apps\\\\dataconnect\": could not find dataconnect.yaml in `c:\\Users\\ermi0\\flutter projects\\apps\\dataconnect`\n"}}
[debug] [2026-04-22T11:34:26.310Z] E0422 14:34:26.310363   23080 watch.go:40] Failed to load config from "c:\\Users\\ermi0\\flutter projects\\apps\\dataconnect": could not find dataconnect.yaml in `c:\Users\ermi0\flutter projects\apps\dataconnect`
 {"metadata":{"emulator":{"name":"dataconnect"},"message":"E0422 14:34:26.310363   23080 watch.go:40] Failed to load config from \"c:\\\\Users\\\\ermi0\\\\flutter projects\\\\apps\\\\dataconnect\": could not find dataconnect.yaml in `c:\\Users\\ermi0\\flutter projects\\apps\\dataconnect`\n"}}
[debug] [2026-04-22T11:34:36.310Z] E0422 14:34:36.310320   23080 watch.go:40] Failed to load config from "c:\\Users\\ermi0\\flutter projects\\apps\\dataconnect": could not find dataconnect.yaml in `c:\Users\ermi0\flutter projects\apps\dataconnect`
 {"metadata":{"emulator":{"name":"dataconnect"},"message":"E0422 14:34:36.310320   23080 watch.go:40] Failed to load config from \"c:\\\\Users\\\\ermi0\\\\flutter projects\\\\apps\\\\dataconnect\": could not find dataconnect.yaml in `c:\\Users\\ermi0\\flutter projects\\apps\\dataconnect`\n"}}
[debug] [2026-04-22T11:34:46.435Z] E0422 14:34:46.310469   23080 watch.go:40] Failed to load config from "c:\\Users\\ermi0\\flutter projects\\apps\\dataconnect": could not find dataconnect.yaml in `c:\Users\ermi0\flutter projects\apps\dataconnect`
 {"metadata":{"emulator":{"name":"dataconnect"},"message":"E0422 14:34:46.310469   23080 watch.go:40] Failed to load config from \"c:\\\\Users\\\\ermi0\\\\flutter projects\\\\apps\\\\dataconnect\": could not find dataconnect.yaml in `c:\\Users\\ermi0\\flutter projects\\apps\\dataconnect`\n"}}
[debug] [2026-04-22T11:34:56.310Z] E0422 14:34:56.310260   23080 watch.go:40] Failed to load config from "c:\\Users\\ermi0\\flutter projects\\apps\\dataconnect": could not find dataconnect.yaml in `c:\Users\ermi0\flutter projects\apps\dataconnect`
 {"metadata":{"emulator":{"name":"dataconnect"},"message":"E0422 14:34:56.310260   23080 watch.go:40] Failed to load config from \"c:\\\\Users\\\\ermi0\\\\flutter projects\\\\apps\\\\dataconnect\": could not find dataconnect.yaml in `c:\\Users\\ermi0\\flutter projects\\apps\\dataconnect`\n"}}
[debug] [2026-04-22T11:35:06.310Z] E0422 14:35:06.310208   23080 watch.go:40] Failed to load config from "c:\\Users\\ermi0\\flutter projects\\apps\\dataconnect": could not find dataconnect.yaml in `c:\Users\ermi0\flutter projects\apps\dataconnect`
 {"metadata":{"emulator":{"name":"dataconnect"},"message":"E0422 14:35:06.310208   23080 watch.go:40] Failed to load config from \"c:\\\\Users\\\\ermi0\\\\flutter projects\\\\apps\\\\dataconnect\": could not find dataconnect.yaml in `c:\\Users\\ermi0\\flutter projects\\apps\\dataconnect`\n"}}
[debug] [2026-04-22T11:35:16.310Z] E0422 14:35:16.310602   23080 watch.go:40] Failed to load config from "c:\\Users\\ermi0\\flutter projects\\apps\\dataconnect": could not find dataconnect.yaml in `c:\Users\ermi0\flutter projects\apps\dataconnect`
 {"metadata":{"emulator":{"name":"dataconnect"},"message":"E0422 14:35:16.310602   23080 watch.go:40] Failed to load config from \"c:\\\\Users\\\\ermi0\\\\flutter projects\\\\apps\\\\dataconnect\": could not find dataconnect.yaml in `c:\\Users\\ermi0\\flutter projects\\apps\\dataconnect`\n"}}
[debug] [2026-04-22T11:35:26.310Z] E0422 14:35:26.310263   23080 watch.go:40] Failed to load config from "c:\\Users\\ermi0\\flutter projects\\apps\\dataconnect": could not find dataconnect.yaml in `c:\Users\ermi0\flutter projects\apps\dataconnect`
 {"metadata":{"emulator":{"name":"dataconnect"},"message":"E0422 14:35:26.310263   23080 watch.go:40] Failed to load config from \"c:\\\\Users\\\\ermi0\\\\flutter projects\\\\apps\\\\dataconnect\": could not find dataconnect.yaml in `c:\\Users\\ermi0\\flutter projects\\apps\\dataconnect`\n"}}
[debug] [2026-04-22T11:35:36.310Z] E0422 14:35:36.310334   23080 watch.go:40] Failed to load config from "c:\\Users\\ermi0\\flutter projects\\apps\\dataconnect": could not find dataconnect.yaml in `c:\Users\ermi0\flutter projects\apps\dataconnect`
 {"metadata":{"emulator":{"name":"dataconnect"},"message":"E0422 14:35:36.310334   23080 watch.go:40] Failed to load config from \"c:\\\\Users\\\\ermi0\\\\flutter projects\\\\apps\\\\dataconnect\": could not find dataconnect.yaml in `c:\\Users\\ermi0\\flutter projects\\apps\\dataconnect`\n"}}
[debug] [2026-04-22T11:35:46.310Z] E0422 14:35:46.310459   23080 watch.go:40] Failed to load config from "c:\\Users\\ermi0\\flutter projects\\apps\\dataconnect": could not find dataconnect.yaml in `c:\Users\ermi0\flutter projects\apps\dataconnect`
 {"metadata":{"emulator":{"name":"dataconnect"},"message":"E0422 14:35:46.310459   23080 watch.go:40] Failed to load config from \"c:\\\\Users\\\\ermi0\\\\flutter projects\\\\apps\\\\dataconnect\": could not find dataconnect.yaml in `c:\\Users\\ermi0\\flutter projects\\apps\\dataconnect`\n"}}
[debug] [2026-04-22T11:35:56.310Z] E0422 14:35:56.310486   23080 watch.go:40] Failed to load config from "c:\\Users\\ermi0\\flutter projects\\apps\\dataconnect": could not find dataconnect.yaml in `c:\Users\ermi0\flutter projects\apps\dataconnect`
 {"metadata":{"emulator":{"name":"dataconnect"},"message":"E0422 14:35:56.310486   23080 watch.go:40] Failed to load config from \"c:\\\\Users\\\\ermi0\\\\flutter projects\\\\apps\\\\dataconnect\": could not find dataconnect.yaml in `c:\\Users\\ermi0\\flutter projects\\apps\\dataconnect`\n"}}
[debug] [2026-04-22T11:36:06.311Z] E0422 14:36:06.310381   23080 watch.go:40] Failed to load config from "c:\\Users\\ermi0\\flutter projects\\apps\\dataconnect": could not find dataconnect.yaml in `c:\Users\ermi0\flutter projects\apps\dataconnect`
 {"metadata":{"emulator":{"name":"dataconnect"},"message":"E0422 14:36:06.310381   23080 watch.go:40] Failed to load config from \"c:\\\\Users\\\\ermi0\\\\flutter projects\\\\apps\\\\dataconnect\": could not find dataconnect.yaml in `c:\\Users\\ermi0\\flutter projects\\apps\\dataconnect`\n"}}
[debug] [2026-04-22T11:36:16.310Z] E0422 14:36:16.310290   23080 watch.go:40] Failed to load config from "c:\\Users\\ermi0\\flutter projects\\apps\\dataconnect": could not find dataconnect.yaml in `c:\Users\ermi0\flutter projects\apps\dataconnect`
 {"metadata":{"emulator":{"name":"dataconnect"},"message":"E0422 14:36:16.310290   23080 watch.go:40] Failed to load config from \"c:\\\\Users\\\\ermi0\\\\flutter projects\\\\apps\\\\dataconnect\": could not find dataconnect.yaml in `c:\\Users\\ermi0\\flutter projects\\apps\\dataconnect`\n"}}
[debug] [2026-04-22T11:36:26.310Z] E0422 14:36:26.310177   23080 watch.go:40] Failed to load config from "c:\\Users\\ermi0\\flutter projects\\apps\\dataconnect": could not find dataconnect.yaml in `c:\Users\ermi0\flutter projects\apps\dataconnect`
 {"metadata":{"emulator":{"name":"dataconnect"},"message":"E0422 14:36:26.310177   23080 watch.go:40] Failed to load config from \"c:\\\\Users\\\\ermi0\\\\flutter projects\\\\apps\\\\dataconnect\": could not find dataconnect.yaml in `c:\\Users\\ermi0\\flutter projects\\apps\\dataconnect`\n"}}
[debug] [2026-04-22T11:36:36.310Z] E0422 14:36:36.310157   23080 watch.go:40] Failed to load config from "c:\\Users\\ermi0\\flutter projects\\apps\\dataconnect": could not find dataconnect.yaml in `c:\Users\ermi0\flutter projects\apps\dataconnect`
 {"metadata":{"emulator":{"name":"dataconnect"},"message":"E0422 14:36:36.310157   23080 watch.go:40] Failed to load config from \"c:\\\\Users\\\\ermi0\\\\flutter projects\\\\apps\\\\dataconnect\": could not find dataconnect.yaml in `c:\\Users\\ermi0\\flutter projects\\apps\\dataconnect`\n"}}
[debug] [2026-04-22T12:26:22.264Z] E0422 15:26:21.812355   23080 watch.go:40] Failed to load config from "c:\\Users\\ermi0\\flutter projects\\apps\\dataconnect": could not find dataconnect.yaml in `c:\Users\ermi0\flutter projects\apps\dataconnect`
 {"metadata":{"emulator":{"name":"dataconnect"},"message":"E0422 15:26:21.812355   23080 watch.go:40] Failed to load config from \"c:\\\\Users\\\\ermi0\\\\flutter projects\\\\apps\\\\dataconnect\": could not find dataconnect.yaml in `c:\\Users\\ermi0\\flutter projects\\apps\\dataconnect`\n"}}
[debug] [2026-04-22T12:26:26.310Z] E0422 15:26:26.310465   23080 watch.go:40] Failed to load config from "c:\\Users\\ermi0\\flutter projects\\apps\\dataconnect": could not find dataconnect.yaml in `c:\Users\ermi0\flutter projects\apps\dataconnect`
 {"metadata":{"emulator":{"name":"dataconnect"},"message":"E0422 15:26:26.310465   23080 watch.go:40] Failed to load config from \"c:\\\\Users\\\\ermi0\\\\flutter projects\\\\apps\\\\dataconnect\": could not find dataconnect.yaml in `c:\\Users\\ermi0\\flutter projects\\apps\\dataconnect`\n"}}
[debug] [2026-04-22T12:26:36.311Z] E0422 15:26:36.310373   23080 watch.go:40] Failed to load config from "c:\\Users\\ermi0\\flutter projects\\apps\\dataconnect": could not find dataconnect.yaml in `c:\Users\ermi0\flutter projects\apps\dataconnect`
 {"metadata":{"emulator":{"name":"dataconnect"},"message":"E0422 15:26:36.310373   23080 watch.go:40] Failed to load config from \"c:\\\\Users\\\\ermi0\\\\flutter projects\\\\apps\\\\dataconnect\": could not find dataconnect.yaml in `c:\\Users\\ermi0\\flutter projects\\apps\\dataconnect`\n"}}
[debug] [2026-04-22T12:26:46.310Z] E0422 15:26:46.310535   23080 watch.go:40] Failed to load config from "c:\\Users\\ermi0\\flutter projects\\apps\\dataconnect": could not find dataconnect.yaml in `c:\Users\ermi0\flutter projects\apps\dataconnect`
 {"metadata":{"emulator":{"name":"dataconnect"},"message":"E0422 15:26:46.310535   23080 watch.go:40] Failed to load config from \"c:\\\\Users\\\\ermi0\\\\flutter projects\\\\apps\\\\dataconnect\": could not find dataconnect.yaml in `c:\\Users\\ermi0\\flutter projects\\apps\\dataconnect`\n"}}
[debug] [2026-04-22T12:26:56.310Z] E0422 15:26:56.310468   23080 watch.go:40] Failed to load config from "c:\\Users\\ermi0\\flutter projects\\apps\\dataconnect": could not find dataconnect.yaml in `c:\Users\ermi0\flutter projects\apps\dataconnect`
 {"metadata":{"emulator":{"name":"dataconnect"},"message":"E0422 15:26:56.310468   23080 watch.go:40] Failed to load config from \"c:\\\\Users\\\\ermi0\\\\flutter projects\\\\apps\\\\dataconnect\": could not find dataconnect.yaml in `c:\\Users\\ermi0\\flutter projects\\apps\\dataconnect`\n"}}
[debug] [2026-04-22T12:27:06.311Z] E0422 15:27:06.311020   23080 watch.go:40] Failed to load config from "c:\\Users\\ermi0\\flutter projects\\apps\\dataconnect": could not find dataconnect.yaml in `c:\Users\ermi0\flutter projects\apps\dataconnect`
 {"metadata":{"emulator":{"name":"dataconnect"},"message":"E0422 15:27:06.311020   23080 watch.go:40] Failed to load config from \"c:\\\\Users\\\\ermi0\\\\flutter projects\\\\apps\\\\dataconnect\": could not find dataconnect.yaml in `c:\\Users\\ermi0\\flutter projects\\apps\\dataconnect`\n"}}
[debug] [2026-04-22T12:27:16.311Z] E0422 15:27:16.310295   23080 watch.go:40] Failed to load config from "c:\\Users\\ermi0\\flutter projects\\apps\\dataconnect": could not find dataconnect.yaml in `c:\Users\ermi0\flutter projects\apps\dataconnect`
 {"metadata":{"emulator":{"name":"dataconnect"},"message":"E0422 15:27:16.310295   23080 watch.go:40] Failed to load config from \"c:\\\\Users\\\\ermi0\\\\flutter projects\\\\apps\\\\dataconnect\": could not find dataconnect.yaml in `c:\\Users\\ermi0\\flutter projects\\apps\\dataconnect`\n"}}
[debug] [2026-04-22T12:27:26.310Z] E0422 15:27:26.310629   23080 watch.go:40] Failed to load config from "c:\\Users\\ermi0\\flutter projects\\apps\\dataconnect": could not find dataconnect.yaml in `c:\Users\ermi0\flutter projects\apps\dataconnect`
 {"metadata":{"emulator":{"name":"dataconnect"},"message":"E0422 15:27:26.310629   23080 watch.go:40] Failed to load config from \"c:\\\\Users\\\\ermi0\\\\flutter projects\\\\apps\\\\dataconnect\": could not find dataconnect.yaml in `c:\\Users\\ermi0\\flutter projects\\apps\\dataconnect`\n"}}
[debug] [2026-04-22T12:27:36.309Z] E0422 15:27:36.310046   23080 watch.go:40] Failed to load config from "c:\\Users\\ermi0\\flutter projects\\apps\\dataconnect": could not find dataconnect.yaml in `c:\Users\ermi0\flutter projects\apps\dataconnect`
 {"metadata":{"emulator":{"name":"dataconnect"},"message":"E0422 15:27:36.310046   23080 watch.go:40] Failed to load config from \"c:\\\\Users\\\\ermi0\\\\flutter projects\\\\apps\\\\dataconnect\": could not find dataconnect.yaml in `c:\\Users\\ermi0\\flutter projects\\apps\\dataconnect`\n"}}
[debug] [2026-04-22T12:27:46.310Z] E0422 15:27:46.310138   23080 watch.go:40] Failed to load config from "c:\\Users\\ermi0\\flutter projects\\apps\\dataconnect": could not find dataconnect.yaml in `c:\Users\ermi0\flutter projects\apps\dataconnect`
 {"metadata":{"emulator":{"name":"dataconnect"},"message":"E0422 15:27:46.310138   23080 watch.go:40] Failed to load config from \"c:\\\\Users\\\\ermi0\\\\flutter projects\\\\apps\\\\dataconnect\": could not find dataconnect.yaml in `c:\\Users\\ermi0\\flutter projects\\apps\\dataconnect`\n"}}
[debug] [2026-04-22T12:27:56.310Z] E0422 15:27:56.310463   23080 watch.go:40] Failed to load config from "c:\\Users\\ermi0\\flutter projects\\apps\\dataconnect": could not find dataconnect.yaml in `c:\Users\ermi0\flutter projects\apps\dataconnect`
 {"metadata":{"emulator":{"name":"dataconnect"},"message":"E0422 15:27:56.310463   23080 watch.go:40] Failed to load config from \"c:\\\\Users\\\\ermi0\\\\flutter projects\\\\apps\\\\dataconnect\": could not find dataconnect.yaml in `c:\\Users\\ermi0\\flutter projects\\apps\\dataconnect`\n"}}
[debug] [2026-04-22T12:28:06.310Z] E0422 15:28:06.310228   23080 watch.go:40] Failed to load config from "c:\\Users\\ermi0\\flutter projects\\apps\\dataconnect": could not find dataconnect.yaml in `c:\Users\ermi0\flutter projects\apps\dataconnect`
 {"metadata":{"emulator":{"name":"dataconnect"},"message":"E0422 15:28:06.310228   23080 watch.go:40] Failed to load config from \"c:\\\\Users\\\\ermi0\\\\flutter projects\\\\apps\\\\dataconnect\": could not find dataconnect.yaml in `c:\\Users\\ermi0\\flutter projects\\apps\\dataconnect`\n"}}
[debug] [2026-04-22T12:28:16.310Z] E0422 15:28:16.310514   23080 watch.go:40] Failed to load config from "c:\\Users\\ermi0\\flutter projects\\apps\\dataconnect": could not find dataconnect.yaml in `c:\Users\ermi0\flutter projects\apps\dataconnect`
 {"metadata":{"emulator":{"name":"dataconnect"},"message":"E0422 15:28:16.310514   23080 watch.go:40] Failed to load config from \"c:\\\\Users\\\\ermi0\\\\flutter projects\\\\apps\\\\dataconnect\": could not find dataconnect.yaml in `c:\\Users\\ermi0\\flutter projects\\apps\\dataconnect`\n"}}
[debug] [2026-04-22T12:28:26.320Z] E0422 15:28:26.318597   23080 watch.go:40] Failed to load config from "c:\\Users\\ermi0\\flutter projects\\apps\\dataconnect": could not find dataconnect.yaml in `c:\Users\ermi0\flutter projects\apps\dataconnect`
 {"metadata":{"emulator":{"name":"dataconnect"},"message":"E0422 15:28:26.318597   23080 watch.go:40] Failed to load config from \"c:\\\\Users\\\\ermi0\\\\flutter projects\\\\apps\\\\dataconnect\": could not find dataconnect.yaml in `c:\\Users\\ermi0\\flutter projects\\apps\\dataconnect`\n"}}
[debug] [2026-04-22T12:28:36.310Z] E0422 15:28:36.310195   23080 watch.go:40] Failed to load config from "c:\\Users\\ermi0\\flutter projects\\apps\\dataconnect": could not find dataconnect.yaml in `c:\Users\ermi0\flutter projects\apps\dataconnect`
 {"metadata":{"emulator":{"name":"dataconnect"},"message":"E0422 15:28:36.310195   23080 watch.go:40] Failed to load config from \"c:\\\\Users\\\\ermi0\\\\flutter projects\\\\apps\\\\dataconnect\": could not find dataconnect.yaml in `c:\\Users\\ermi0\\flutter projects\\apps\\dataconnect`\n"}}
[debug] [2026-04-22T12:28:46.311Z] E0422 15:28:46.310519   23080 watch.go:40] Failed to load config from "c:\\Users\\ermi0\\flutter projects\\apps\\dataconnect": could not find dataconnect.yaml in `c:\Users\ermi0\flutter projects\apps\dataconnect`
 {"metadata":{"emulator":{"name":"dataconnect"},"message":"E0422 15:28:46.310519   23080 watch.go:40] Failed to load config from \"c:\\\\Users\\\\ermi0\\\\flutter projects\\\\apps\\\\dataconnect\": could not find dataconnect.yaml in `c:\\Users\\ermi0\\flutter projects\\apps\\dataconnect`\n"}}
[debug] [2026-04-22T12:28:56.311Z] E0422 15:28:56.310471   23080 watch.go:40] Failed to load config from "c:\\Users\\ermi0\\flutter projects\\apps\\dataconnect": could not find dataconnect.yaml in `c:\Users\ermi0\flutter projects\apps\dataconnect`
 {"metadata":{"emulator":{"name":"dataconnect"},"message":"E0422 15:28:56.310471   23080 watch.go:40] Failed to load config from \"c:\\\\Users\\\\ermi0\\\\flutter projects\\\\apps\\\\dataconnect\": could not find dataconnect.yaml in `c:\\Users\\ermi0\\flutter projects\\apps\\dataconnect`\n"}}
[debug] [2026-04-22T12:29:06.310Z] E0422 15:29:06.310411   23080 watch.go:40] Failed to load config from "c:\\Users\\ermi0\\flutter projects\\apps\\dataconnect": could not find dataconnect.yaml in `c:\Users\ermi0\flutter projects\apps\dataconnect`
 {"metadata":{"emulator":{"name":"dataconnect"},"message":"E0422 15:29:06.310411   23080 watch.go:40] Failed to load config from \"c:\\\\Users\\\\ermi0\\\\flutter projects\\\\apps\\\\dataconnect\": could not find dataconnect.yaml in `c:\\Users\\ermi0\\flutter projects\\apps\\dataconnect`\n"}}
[debug] [2026-04-22T12:29:16.310Z] E0422 15:29:16.310244   23080 watch.go:40] Failed to load config from "c:\\Users\\ermi0\\flutter projects\\apps\\dataconnect": could not find dataconnect.yaml in `c:\Users\ermi0\flutter projects\apps\dataconnect`
 {"metadata":{"emulator":{"name":"dataconnect"},"message":"E0422 15:29:16.310244   23080 watch.go:40] Failed to load config from \"c:\\\\Users\\\\ermi0\\\\flutter projects\\\\apps\\\\dataconnect\": could not find dataconnect.yaml in `c:\\Users\\ermi0\\flutter projects\\apps\\dataconnect`\n"}}
[debug] [2026-04-22T12:29:26.310Z] E0422 15:29:26.310213   23080 watch.go:40] Failed to load config from "c:\\Users\\ermi0\\flutter projects\\apps\\dataconnect": could not find dataconnect.yaml in `c:\Users\ermi0\flutter projects\apps\dataconnect`
 {"metadata":{"emulator":{"name":"dataconnect"},"message":"E0422 15:29:26.310213   23080 watch.go:40] Failed to load config from \"c:\\\\Users\\\\ermi0\\\\flutter projects\\\\apps\\\\dataconnect\": could not find dataconnect.yaml in `c:\\Users\\ermi0\\flutter projects\\apps\\dataconnect`\n"}}
[debug] [2026-04-22T12:29:36.310Z] E0422 15:29:36.310579   23080 watch.go:40] Failed to load config from "c:\\Users\\ermi0\\flutter projects\\apps\\dataconnect": could not find dataconnect.yaml in `c:\Users\ermi0\flutter projects\apps\dataconnect`
 {"metadata":{"emulator":{"name":"dataconnect"},"message":"E0422 15:29:36.310579   23080 watch.go:40] Failed to load config from \"c:\\\\Users\\\\ermi0\\\\flutter projects\\\\apps\\\\dataconnect\": could not find dataconnect.yaml in `c:\\Users\\ermi0\\flutter projects\\apps\\dataconnect`\n"}}
[debug] [2026-04-22T12:29:46.310Z] E0422 15:29:46.310507   23080 watch.go:40] Failed to load config from "c:\\Users\\ermi0\\flutter projects\\apps\\dataconnect": could not find dataconnect.yaml in `c:\Users\ermi0\flutter projects\apps\dataconnect`
 {"metadata":{"emulator":{"name":"dataconnect"},"message":"E0422 15:29:46.310507   23080 watch.go:40] Failed to load config from \"c:\\\\Users\\\\ermi0\\\\flutter projects\\\\apps\\\\dataconnect\": could not find dataconnect.yaml in `c:\\Users\\ermi0\\flutter projects\\apps\\dataconnect`\n"}}
[debug] [2026-04-22T12:29:56.310Z] E0422 15:29:56.310232   23080 watch.go:40] Failed to load config from "c:\\Users\\ermi0\\flutter projects\\apps\\dataconnect": could not find dataconnect.yaml in `c:\Users\ermi0\flutter projects\apps\dataconnect`
 {"metadata":{"emulator":{"name":"dataconnect"},"message":"E0422 15:29:56.310232   23080 watch.go:40] Failed to load config from \"c:\\\\Users\\\\ermi0\\\\flutter projects\\\\apps\\\\dataconnect\": could not find dataconnect.yaml in `c:\\Users\\ermi0\\flutter projects\\apps\\dataconnect`\n"}}
[debug] [2026-04-22T12:30:06.310Z] E0422 15:30:06.310282   23080 watch.go:40] Failed to load config from "c:\\Users\\ermi0\\flutter projects\\apps\\dataconnect": could not find dataconnect.yaml in `c:\Users\ermi0\flutter projects\apps\dataconnect`
 {"metadata":{"emulator":{"name":"dataconnect"},"message":"E0422 15:30:06.310282   23080 watch.go:40] Failed to load config from \"c:\\\\Users\\\\ermi0\\\\flutter projects\\\\apps\\\\dataconnect\": could not find dataconnect.yaml in `c:\\Users\\ermi0\\flutter projects\\apps\\dataconnect`\n"}}
[debug] [2026-04-22T12:30:16.311Z] E0422 15:30:16.310589   23080 watch.go:40] Failed to load config from "c:\\Users\\ermi0\\flutter projects\\apps\\dataconnect": could not find dataconnect.yaml in `c:\Users\ermi0\flutter projects\apps\dataconnect`
 {"metadata":{"emulator":{"name":"dataconnect"},"message":"E0422 15:30:16.310589   23080 watch.go:40] Failed to load config from \"c:\\\\Users\\\\ermi0\\\\flutter projects\\\\apps\\\\dataconnect\": could not find dataconnect.yaml in `c:\\Users\\ermi0\\flutter projects\\apps\\dataconnect`\n"}}
[debug] [2026-04-22T12:30:26.310Z] E0422 15:30:26.310597   23080 watch.go:40] Failed to load config from "c:\\Users\\ermi0\\flutter projects\\apps\\dataconnect": could not find dataconnect.yaml in `c:\Users\ermi0\flutter projects\apps\dataconnect`
 {"metadata":{"emulator":{"name":"dataconnect"},"message":"E0422 15:30:26.310597   23080 watch.go:40] Failed to load config from \"c:\\\\Users\\\\ermi0\\\\flutter projects\\\\apps\\\\dataconnect\": could not find dataconnect.yaml in `c:\\Users\\ermi0\\flutter projects\\apps\\dataconnect`\n"}}
[debug] [2026-04-22T12:30:36.311Z] E0422 15:30:36.310298   23080 watch.go:40] Failed to load config from "c:\\Users\\ermi0\\flutter projects\\apps\\dataconnect": could not find dataconnect.yaml in `c:\Users\ermi0\flutter projects\apps\dataconnect`
 {"metadata":{"emulator":{"name":"dataconnect"},"message":"E0422 15:30:36.310298   23080 watch.go:40] Failed to load config from \"c:\\\\Users\\\\ermi0\\\\flutter projects\\\\apps\\\\dataconnect\": could not find dataconnect.yaml in `c:\\Users\\ermi0\\flutter projects\\apps\\dataconnect`\n"}}
[debug] [2026-04-22T12:30:46.310Z] E0422 15:30:46.310307   23080 watch.go:40] Failed to load config from "c:\\Users\\ermi0\\flutter projects\\apps\\dataconnect": could not find dataconnect.yaml in `c:\Users\ermi0\flutter projects\apps\dataconnect`
 {"metadata":{"emulator":{"name":"dataconnect"},"message":"E0422 15:30:46.310307   23080 watch.go:40] Failed to load config from \"c:\\\\Users\\\\ermi0\\\\flutter projects\\\\apps\\\\dataconnect\": could not find dataconnect.yaml in `c:\\Users\\ermi0\\flutter projects\\apps\\dataconnect`\n"}}
[debug] [2026-04-22T12:30:56.310Z] E0422 15:30:56.310325   23080 watch.go:40] Failed to load config from "c:\\Users\\ermi0\\flutter projects\\apps\\dataconnect": could not find dataconnect.yaml in `c:\Users\ermi0\flutter projects\apps\dataconnect`
 {"metadata":{"emulator":{"name":"dataconnect"},"message":"E0422 15:30:56.310325   23080 watch.go:40] Failed to load config from \"c:\\\\Users\\\\ermi0\\\\flutter projects\\\\apps\\\\dataconnect\": could not find dataconnect.yaml in `c:\\Users\\ermi0\\flutter projects\\apps\\dataconnect`\n"}}
[debug] [2026-04-22T12:31:06.310Z] E0422 15:31:06.310550   23080 watch.go:40] Failed to load config from "c:\\Users\\ermi0\\flutter projects\\apps\\dataconnect": could not find dataconnect.yaml in `c:\Users\ermi0\flutter projects\apps\dataconnect`
 {"metadata":{"emulator":{"name":"dataconnect"},"message":"E0422 15:31:06.310550   23080 watch.go:40] Failed to load config from \"c:\\\\Users\\\\ermi0\\\\flutter projects\\\\apps\\\\dataconnect\": could not find dataconnect.yaml in `c:\\Users\\ermi0\\flutter projects\\apps\\dataconnect`\n"}}
[debug] [2026-04-22T12:31:16.310Z] E0422 15:31:16.310413   23080 watch.go:40] Failed to load config from "c:\\Users\\ermi0\\flutter projects\\apps\\dataconnect": could not find dataconnect.yaml in `c:\Users\ermi0\flutter projects\apps\dataconnect`
 {"metadata":{"emulator":{"name":"dataconnect"},"message":"E0422 15:31:16.310413   23080 watch.go:40] Failed to load config from \"c:\\\\Users\\\\ermi0\\\\flutter projects\\\\apps\\\\dataconnect\": could not find dataconnect.yaml in `c:\\Users\\ermi0\\flutter projects\\apps\\dataconnect`\n"}}
[debug] [2026-04-22T12:31:26.310Z] E0422 15:31:26.310608   23080 watch.go:40] Failed to load config from "c:\\Users\\ermi0\\flutter projects\\apps\\dataconnect": could not find dataconnect.yaml in `c:\Users\ermi0\flutter projects\apps\dataconnect`
 {"metadata":{"emulator":{"name":"dataconnect"},"message":"E0422 15:31:26.310608   23080 watch.go:40] Failed to load config from \"c:\\\\Users\\\\ermi0\\\\flutter projects\\\\apps\\\\dataconnect\": could not find dataconnect.yaml in `c:\\Users\\ermi0\\flutter projects\\apps\\dataconnect`\n"}}
[debug] [2026-04-22T12:31:36.310Z] E0422 15:31:36.310491   23080 watch.go:40] Failed to load config from "c:\\Users\\ermi0\\flutter projects\\apps\\dataconnect": could not find dataconnect.yaml in `c:\Users\ermi0\flutter projects\apps\dataconnect`
 {"metadata":{"emulator":{"name":"dataconnect"},"message":"E0422 15:31:36.310491   23080 watch.go:40] Failed to load config from \"c:\\\\Users\\\\ermi0\\\\flutter projects\\\\apps\\\\dataconnect\": could not find dataconnect.yaml in `c:\\Users\\ermi0\\flutter projects\\apps\\dataconnect`\n"}}
[debug] [2026-04-22T12:31:46.310Z] E0422 15:31:46.310741   23080 watch.go:40] Failed to load config from "c:\\Users\\ermi0\\flutter projects\\apps\\dataconnect": could not find dataconnect.yaml in `c:\Users\ermi0\flutter projects\apps\dataconnect`
 {"metadata":{"emulator":{"name":"dataconnect"},"message":"E0422 15:31:46.310741   23080 watch.go:40] Failed to load config from \"c:\\\\Users\\\\ermi0\\\\flutter projects\\\\apps\\\\dataconnect\": could not find dataconnect.yaml in `c:\\Users\\ermi0\\flutter projects\\apps\\dataconnect`\n"}}
[debug] [2026-04-22T12:31:56.310Z] E0422 15:31:56.310293   23080 watch.go:40] Failed to load config from "c:\\Users\\ermi0\\flutter projects\\apps\\dataconnect": could not find dataconnect.yaml in `c:\Users\ermi0\flutter projects\apps\dataconnect`
 {"metadata":{"emulator":{"name":"dataconnect"},"message":"E0422 15:31:56.310293   23080 watch.go:40] Failed to load config from \"c:\\\\Users\\\\ermi0\\\\flutter projects\\\\apps\\\\dataconnect\": could not find dataconnect.yaml in `c:\\Users\\ermi0\\flutter projects\\apps\\dataconnect`\n"}}
[debug] [2026-04-22T12:32:06.310Z] E0422 15:32:06.310384   23080 watch.go:40] Failed to load config from "c:\\Users\\ermi0\\flutter projects\\apps\\dataconnect": could not find dataconnect.yaml in `c:\Users\ermi0\flutter projects\apps\dataconnect`
 {"metadata":{"emulator":{"name":"dataconnect"},"message":"E0422 15:32:06.310384   23080 watch.go:40] Failed to load config from \"c:\\\\Users\\\\ermi0\\\\flutter projects\\\\apps\\\\dataconnect\": could not find dataconnect.yaml in `c:\\Users\\ermi0\\flutter projects\\apps\\dataconnect`\n"}}
[debug] [2026-04-22T12:32:16.310Z] E0422 15:32:16.310305   23080 watch.go:40] Failed to load config from "c:\\Users\\ermi0\\flutter projects\\apps\\dataconnect": could not find dataconnect.yaml in `c:\Users\ermi0\flutter projects\apps\dataconnect`
 {"metadata":{"emulator":{"name":"dataconnect"},"message":"E0422 15:32:16.310305   23080 watch.go:40] Failed to load config from \"c:\\\\Users\\\\ermi0\\\\flutter projects\\\\apps\\\\dataconnect\": could not find dataconnect.yaml in `c:\\Users\\ermi0\\flutter projects\\apps\\dataconnect`\n"}}
[debug] [2026-04-22T12:32:26.310Z] E0422 15:32:26.310170   23080 watch.go:40] Failed to load config from "c:\\Users\\ermi0\\flutter projects\\apps\\dataconnect": could not find dataconnect.yaml in `c:\Users\ermi0\flutter projects\apps\dataconnect`
 {"metadata":{"emulator":{"name":"dataconnect"},"message":"E0422 15:32:26.310170   23080 watch.go:40] Failed to load config from \"c:\\\\Users\\\\ermi0\\\\flutter projects\\\\apps\\\\dataconnect\": could not find dataconnect.yaml in `c:\\Users\\ermi0\\flutter projects\\apps\\dataconnect`\n"}}
[debug] [2026-04-22T12:32:36.310Z] E0422 15:32:36.311010   23080 watch.go:40] Failed to load config from "c:\\Users\\ermi0\\flutter projects\\apps\\dataconnect": could not find dataconnect.yaml in `c:\Users\ermi0\flutter projects\apps\dataconnect`
 {"metadata":{"emulator":{"name":"dataconnect"},"message":"E0422 15:32:36.311010   23080 watch.go:40] Failed to load config from \"c:\\\\Users\\\\ermi0\\\\flutter projects\\\\apps\\\\dataconnect\": could not find dataconnect.yaml in `c:\\Users\\ermi0\\flutter projects\\apps\\dataconnect`\n"}}
[debug] [2026-04-22T12:32:46.310Z] E0422 15:32:46.310261   23080 watch.go:40] Failed to load config from "c:\\Users\\ermi0\\flutter projects\\apps\\dataconnect": could not find dataconnect.yaml in `c:\Users\ermi0\flutter projects\apps\dataconnect`
 {"metadata":{"emulator":{"name":"dataconnect"},"message":"E0422 15:32:46.310261   23080 watch.go:40] Failed to load config from \"c:\\\\Users\\\\ermi0\\\\flutter projects\\\\apps\\\\dataconnect\": could not find dataconnect.yaml in `c:\\Users\\ermi0\\flutter projects\\apps\\dataconnect`\n"}}
[debug] [2026-04-22T12:32:56.310Z] E0422 15:32:56.310527   23080 watch.go:40] Failed to load config from "c:\\Users\\ermi0\\flutter projects\\apps\\dataconnect": could not find dataconnect.yaml in `c:\Users\ermi0\flutter projects\apps\dataconnect`
 {"metadata":{"emulator":{"name":"dataconnect"},"message":"E0422 15:32:56.310527   23080 watch.go:40] Failed to load config from \"c:\\\\Users\\\\ermi0\\\\flutter projects\\\\apps\\\\dataconnect\": could not find dataconnect.yaml in `c:\\Users\\ermi0\\flutter projects\\apps\\dataconnect`\n"}}
[debug] [2026-04-22T12:33:06.310Z] E0422 15:33:06.310297   23080 watch.go:40] Failed to load config from "c:\\Users\\ermi0\\flutter projects\\apps\\dataconnect": could not find dataconnect.yaml in `c:\Users\ermi0\flutter projects\apps\dataconnect`
 {"metadata":{"emulator":{"name":"dataconnect"},"message":"E0422 15:33:06.310297   23080 watch.go:40] Failed to load config from \"c:\\\\Users\\\\ermi0\\\\flutter projects\\\\apps\\\\dataconnect\": could not find dataconnect.yaml in `c:\\Users\\ermi0\\flutter projects\\apps\\dataconnect`\n"}}
[debug] [2026-04-22T12:33:16.311Z] E0422 15:33:16.310652   23080 watch.go:40] Failed to load config from "c:\\Users\\ermi0\\flutter projects\\apps\\dataconnect": could not find dataconnect.yaml in `c:\Users\ermi0\flutter projects\apps\dataconnect`
 {"metadata":{"emulator":{"name":"dataconnect"},"message":"E0422 15:33:16.310652   23080 watch.go:40] Failed to load config from \"c:\\\\Users\\\\ermi0\\\\flutter projects\\\\apps\\\\dataconnect\": could not find dataconnect.yaml in `c:\\Users\\ermi0\\flutter projects\\apps\\dataconnect`\n"}}
[debug] [2026-04-22T12:33:26.310Z] E0422 15:33:26.310431   23080 watch.go:40] Failed to load config from "c:\\Users\\ermi0\\flutter projects\\apps\\dataconnect": could not find dataconnect.yaml in `c:\Users\ermi0\flutter projects\apps\dataconnect`
 {"metadata":{"emulator":{"name":"dataconnect"},"message":"E0422 15:33:26.310431   23080 watch.go:40] Failed to load config from \"c:\\\\Users\\\\ermi0\\\\flutter projects\\\\apps\\\\dataconnect\": could not find dataconnect.yaml in `c:\\Users\\ermi0\\flutter projects\\apps\\dataconnect`\n"}}
[debug] [2026-04-22T12:33:36.310Z] E0422 15:33:36.310394   23080 watch.go:40] Failed to load config from "c:\\Users\\ermi0\\flutter projects\\apps\\dataconnect": could not find dataconnect.yaml in `c:\Users\ermi0\flutter projects\apps\dataconnect`
 {"metadata":{"emulator":{"name":"dataconnect"},"message":"E0422 15:33:36.310394   23080 watch.go:40] Failed to load config from \"c:\\\\Users\\\\ermi0\\\\flutter projects\\\\apps\\\\dataconnect\": could not find dataconnect.yaml in `c:\\Users\\ermi0\\flutter projects\\apps\\dataconnect`\n"}}
[debug] [2026-04-22T12:33:46.310Z] E0422 15:33:46.310463   23080 watch.go:40] Failed to load config from "c:\\Users\\ermi0\\flutter projects\\apps\\dataconnect": could not find dataconnect.yaml in `c:\Users\ermi0\flutter projects\apps\dataconnect`
 {"metadata":{"emulator":{"name":"dataconnect"},"message":"E0422 15:33:46.310463   23080 watch.go:40] Failed to load config from \"c:\\\\Users\\\\ermi0\\\\flutter projects\\\\apps\\\\dataconnect\": could not find dataconnect.yaml in `c:\\Users\\ermi0\\flutter projects\\apps\\dataconnect`\n"}}
[debug] [2026-04-22T12:33:56.311Z] E0422 15:33:56.310693   23080 watch.go:40] Failed to load config from "c:\\Users\\ermi0\\flutter projects\\apps\\dataconnect": could not find dataconnect.yaml in `c:\Users\ermi0\flutter projects\apps\dataconnect`
 {"metadata":{"emulator":{"name":"dataconnect"},"message":"E0422 15:33:56.310693   23080 watch.go:40] Failed to load config from \"c:\\\\Users\\\\ermi0\\\\flutter projects\\\\apps\\\\dataconnect\": could not find dataconnect.yaml in `c:\\Users\\ermi0\\flutter projects\\apps\\dataconnect`\n"}}
[debug] [2026-04-22T12:34:06.310Z] E0422 15:34:06.310458   23080 watch.go:40] Failed to load config from "c:\\Users\\ermi0\\flutter projects\\apps\\dataconnect": could not find dataconnect.yaml in `c:\Users\ermi0\flutter projects\apps\dataconnect`
 {"metadata":{"emulator":{"name":"dataconnect"},"message":"E0422 15:34:06.310458   23080 watch.go:40] Failed to load config from \"c:\\\\Users\\\\ermi0\\\\flutter projects\\\\apps\\\\dataconnect\": could not find dataconnect.yaml in `c:\\Users\\ermi0\\flutter projects\\apps\\dataconnect`\n"}}
[debug] [2026-04-22T12:34:16.310Z] E0422 15:34:16.310512   23080 watch.go:40] Failed to load config from "c:\\Users\\ermi0\\flutter projects\\apps\\dataconnect": could not find dataconnect.yaml in `c:\Users\ermi0\flutter projects\apps\dataconnect`
 {"metadata":{"emulator":{"name":"dataconnect"},"message":"E0422 15:34:16.310512   23080 watch.go:40] Failed to load config from \"c:\\\\Users\\\\ermi0\\\\flutter projects\\\\apps\\\\dataconnect\": could not find dataconnect.yaml in `c:\\Users\\ermi0\\flutter projects\\apps\\dataconnect`\n"}}
[debug] [2026-04-22T12:34:26.310Z] E0422 15:34:26.310466   23080 watch.go:40] Failed to load config from "c:\\Users\\ermi0\\flutter projects\\apps\\dataconnect": could not find dataconnect.yaml in `c:\Users\ermi0\flutter projects\apps\dataconnect`
 {"metadata":{"emulator":{"name":"dataconnect"},"message":"E0422 15:34:26.310466   23080 watch.go:40] Failed to load config from \"c:\\\\Users\\\\ermi0\\\\flutter projects\\\\apps\\\\dataconnect\": could not find dataconnect.yaml in `c:\\Users\\ermi0\\flutter projects\\apps\\dataconnect`\n"}}
[debug] [2026-04-22T12:34:36.310Z] E0422 15:34:36.310376   23080 watch.go:40] Failed to load config from "c:\\Users\\ermi0\\flutter projects\\apps\\dataconnect": could not find dataconnect.yaml in `c:\Users\ermi0\flutter projects\apps\dataconnect`
 {"metadata":{"emulator":{"name":"dataconnect"},"message":"E0422 15:34:36.310376   23080 watch.go:40] Failed to load config from \"c:\\\\Users\\\\ermi0\\\\flutter projects\\\\apps\\\\dataconnect\": could not find dataconnect.yaml in `c:\\Users\\ermi0\\flutter projects\\apps\\dataconnect`\n"}}
[debug] [2026-04-22T12:34:46.310Z] E0422 15:34:46.310583   23080 watch.go:40] Failed to load config from "c:\\Users\\ermi0\\flutter projects\\apps\\dataconnect": could not find dataconnect.yaml in `c:\Users\ermi0\flutter projects\apps\dataconnect`
 {"metadata":{"emulator":{"name":"dataconnect"},"message":"E0422 15:34:46.310583   23080 watch.go:40] Failed to load config from \"c:\\\\Users\\\\ermi0\\\\flutter projects\\\\apps\\\\dataconnect\": could not find dataconnect.yaml in `c:\\Users\\ermi0\\flutter projects\\apps\\dataconnect`\n"}}
[debug] [2026-04-22T12:34:56.310Z] E0422 15:34:56.310503   23080 watch.go:40] Failed to load config from "c:\\Users\\ermi0\\flutter projects\\apps\\dataconnect": could not find dataconnect.yaml in `c:\Users\ermi0\flutter projects\apps\dataconnect`
 {"metadata":{"emulator":{"name":"dataconnect"},"message":"E0422 15:34:56.310503   23080 watch.go:40] Failed to load config from \"c:\\\\Users\\\\ermi0\\\\flutter projects\\\\apps\\\\dataconnect\": could not find dataconnect.yaml in `c:\\Users\\ermi0\\flutter projects\\apps\\dataconnect`\n"}}
[debug] [2026-04-22T12:35:06.310Z] E0422 15:35:06.310446   23080 watch.go:40] Failed to load config from "c:\\Users\\ermi0\\flutter projects\\apps\\dataconnect": could not find dataconnect.yaml in `c:\Users\ermi0\flutter projects\apps\dataconnect`
 {"metadata":{"emulator":{"name":"dataconnect"},"message":"E0422 15:35:06.310446   23080 watch.go:40] Failed to load config from \"c:\\\\Users\\\\ermi0\\\\flutter projects\\\\apps\\\\dataconnect\": could not find dataconnect.yaml in `c:\\Users\\ermi0\\flutter projects\\apps\\dataconnect`\n"}}
[debug] [2026-04-22T12:35:16.310Z] E0422 15:35:16.310482   23080 watch.go:40] Failed to load config from "c:\\Users\\ermi0\\flutter projects\\apps\\dataconnect": could not find dataconnect.yaml in `c:\Users\ermi0\flutter projects\apps\dataconnect`
 {"metadata":{"emulator":{"name":"dataconnect"},"message":"E0422 15:35:16.310482   23080 watch.go:40] Failed to load config from \"c:\\\\Users\\\\ermi0\\\\flutter projects\\\\apps\\\\dataconnect\": could not find dataconnect.yaml in `c:\\Users\\ermi0\\flutter projects\\apps\\dataconnect`\n"}}
[debug] [2026-04-22T12:35:26.310Z] E0422 15:35:26.310656   23080 watch.go:40] Failed to load config from "c:\\Users\\ermi0\\flutter projects\\apps\\dataconnect": could not find dataconnect.yaml in `c:\Users\ermi0\flutter projects\apps\dataconnect`
 {"metadata":{"emulator":{"name":"dataconnect"},"message":"E0422 15:35:26.310656   23080 watch.go:40] Failed to load config from \"c:\\\\Users\\\\ermi0\\\\flutter projects\\\\apps\\\\dataconnect\": could not find dataconnect.yaml in `c:\\Users\\ermi0\\flutter projects\\apps\\dataconnect`\n"}}
[debug] [2026-04-22T12:35:36.310Z] E0422 15:35:36.310291   23080 watch.go:40] Failed to load config from "c:\\Users\\ermi0\\flutter projects\\apps\\dataconnect": could not find dataconnect.yaml in `c:\Users\ermi0\flutter projects\apps\dataconnect`
 {"metadata":{"emulator":{"name":"dataconnect"},"message":"E0422 15:35:36.310291   23080 watch.go:40] Failed to load config from \"c:\\\\Users\\\\ermi0\\\\flutter projects\\\\apps\\\\dataconnect\": could not find dataconnect.yaml in `c:\\Users\\ermi0\\flutter projects\\apps\\dataconnect`\n"}}
[debug] [2026-04-22T12:35:46.310Z] E0422 15:35:46.310265   23080 watch.go:40] Failed to load config from "c:\\Users\\ermi0\\flutter projects\\apps\\dataconnect": could not find dataconnect.yaml in `c:\Users\ermi0\flutter projects\apps\dataconnect`
 {"metadata":{"emulator":{"name":"dataconnect"},"message":"E0422 15:35:46.310265   23080 watch.go:40] Failed to load config from \"c:\\\\Users\\\\ermi0\\\\flutter projects\\\\apps\\\\dataconnect\": could not find dataconnect.yaml in `c:\\Users\\ermi0\\flutter projects\\apps\\dataconnect`\n"}}
[debug] [2026-04-22T12:35:56.310Z] E0422 15:35:56.310463   23080 watch.go:40] Failed to load config from "c:\\Users\\ermi0\\flutter projects\\apps\\dataconnect": could not find dataconnect.yaml in `c:\Users\ermi0\flutter projects\apps\dataconnect`
 {"metadata":{"emulator":{"name":"dataconnect"},"message":"E0422 15:35:56.310463   23080 watch.go:40] Failed to load config from \"c:\\\\Users\\\\ermi0\\\\flutter projects\\\\apps\\\\dataconnect\": could not find dataconnect.yaml in `c:\\Users\\ermi0\\flutter projects\\apps\\dataconnect`\n"}}
[debug] [2026-04-22T12:36:06.310Z] E0422 15:36:06.310587   23080 watch.go:40] Failed to load config from "c:\\Users\\ermi0\\flutter projects\\apps\\dataconnect": could not find dataconnect.yaml in `c:\Users\ermi0\flutter projects\apps\dataconnect`
 {"metadata":{"emulator":{"name":"dataconnect"},"message":"E0422 15:36:06.310587   23080 watch.go:40] Failed to load config from \"c:\\\\Users\\\\ermi0\\\\flutter projects\\\\apps\\\\dataconnect\": could not find dataconnect.yaml in `c:\\Users\\ermi0\\flutter projects\\apps\\dataconnect`\n"}}
[debug] [2026-04-22T12:36:16.310Z] E0422 15:36:16.310578   23080 watch.go:40] Failed to load config from "c:\\Users\\ermi0\\flutter projects\\apps\\dataconnect": could not find dataconnect.yaml in `c:\Users\ermi0\flutter projects\apps\dataconnect`
 {"metadata":{"emulator":{"name":"dataconnect"},"message":"E0422 15:36:16.310578   23080 watch.go:40] Failed to load config from \"c:\\\\Users\\\\ermi0\\\\flutter projects\\\\apps\\\\dataconnect\": could not find dataconnect.yaml in `c:\\Users\\ermi0\\flutter projects\\apps\\dataconnect`\n"}}
[debug] [2026-04-22T12:36:26.310Z] E0422 15:36:26.310257   23080 watch.go:40] Failed to load config from "c:\\Users\\ermi0\\flutter projects\\apps\\dataconnect": could not find dataconnect.yaml in `c:\Users\ermi0\flutter projects\apps\dataconnect`
 {"metadata":{"emulator":{"name":"dataconnect"},"message":"E0422 15:36:26.310257   23080 watch.go:40] Failed to load config from \"c:\\\\Users\\\\ermi0\\\\flutter projects\\\\apps\\\\dataconnect\": could not find dataconnect.yaml in `c:\\Users\\ermi0\\flutter projects\\apps\\dataconnect`\n"}}
[debug] [2026-04-22T12:36:36.310Z] E0422 15:36:36.310437   23080 watch.go:40] Failed to load config from "c:\\Users\\ermi0\\flutter projects\\apps\\dataconnect": could not find dataconnect.yaml in `c:\Users\ermi0\flutter projects\apps\dataconnect`
 {"metadata":{"emulator":{"name":"dataconnect"},"message":"E0422 15:36:36.310437   23080 watch.go:40] Failed to load config from \"c:\\\\Users\\\\ermi0\\\\flutter projects\\\\apps\\\\dataconnect\": could not find dataconnect.yaml in `c:\\Users\\ermi0\\flutter projects\\apps\\dataconnect`\n"}}
[debug] [2026-04-22T12:36:46.312Z] E0422 15:36:46.312317   23080 watch.go:40] Failed to load config from "c:\\Users\\ermi0\\flutter projects\\apps\\dataconnect": could not find dataconnect.yaml in `c:\Users\ermi0\flutter projects\apps\dataconnect`
 {"metadata":{"emulator":{"name":"dataconnect"},"message":"E0422 15:36:46.312317   23080 watch.go:40] Failed to load config from \"c:\\\\Users\\\\ermi0\\\\flutter projects\\\\apps\\\\dataconnect\": could not find dataconnect.yaml in `c:\\Users\\ermi0\\flutter projects\\apps\\dataconnect`\n"}}
[debug] [2026-04-22T12:36:56.310Z] E0422 15:36:56.310340   23080 watch.go:40] Failed to load config from "c:\\Users\\ermi0\\flutter projects\\apps\\dataconnect": could not find dataconnect.yaml in `c:\Users\ermi0\flutter projects\apps\dataconnect`
 {"metadata":{"emulator":{"name":"dataconnect"},"message":"E0422 15:36:56.310340   23080 watch.go:40] Failed to load config from \"c:\\\\Users\\\\ermi0\\\\flutter projects\\\\apps\\\\dataconnect\": could not find dataconnect.yaml in `c:\\Users\\ermi0\\flutter projects\\apps\\dataconnect`\n"}}
[debug] [2026-04-22T12:37:06.310Z] E0422 15:37:06.310704   23080 watch.go:40] Failed to load config from "c:\\Users\\ermi0\\flutter projects\\apps\\dataconnect": could not find dataconnect.yaml in `c:\Users\ermi0\flutter projects\apps\dataconnect`
 {"metadata":{"emulator":{"name":"dataconnect"},"message":"E0422 15:37:06.310704   23080 watch.go:40] Failed to load config from \"c:\\\\Users\\\\ermi0\\\\flutter projects\\\\apps\\\\dataconnect\": could not find dataconnect.yaml in `c:\\Users\\ermi0\\flutter projects\\apps\\dataconnect`\n"}}
[debug] [2026-04-22T12:37:16.310Z] E0422 15:37:16.310597   23080 watch.go:40] Failed to load config from "c:\\Users\\ermi0\\flutter projects\\apps\\dataconnect": could not find dataconnect.yaml in `c:\Users\ermi0\flutter projects\apps\dataconnect`
 {"metadata":{"emulator":{"name":"dataconnect"},"message":"E0422 15:37:16.310597   23080 watch.go:40] Failed to load config from \"c:\\\\Users\\\\ermi0\\\\flutter projects\\\\apps\\\\dataconnect\": could not find dataconnect.yaml in `c:\\Users\\ermi0\\flutter projects\\apps\\dataconnect`\n"}}
[debug] [2026-04-22T12:37:26.310Z] E0422 15:37:26.310634   23080 watch.go:40] Failed to load config from "c:\\Users\\ermi0\\flutter projects\\apps\\dataconnect": could not find dataconnect.yaml in `c:\Users\ermi0\flutter projects\apps\dataconnect`
 {"metadata":{"emulator":{"name":"dataconnect"},"message":"E0422 15:37:26.310634   23080 watch.go:40] Failed to load config from \"c:\\\\Users\\\\ermi0\\\\flutter projects\\\\apps\\\\dataconnect\": could not find dataconnect.yaml in `c:\\Users\\ermi0\\flutter projects\\apps\\dataconnect`\n"}}
[debug] [2026-04-22T12:37:36.309Z] E0422 15:37:36.310515   23080 watch.go:40] Failed to load config from "c:\\Users\\ermi0\\flutter projects\\apps\\dataconnect": could not find dataconnect.yaml in `c:\Users\ermi0\flutter projects\apps\dataconnect`
 {"metadata":{"emulator":{"name":"dataconnect"},"message":"E0422 15:37:36.310515   23080 watch.go:40] Failed to load config from \"c:\\\\Users\\\\ermi0\\\\flutter projects\\\\apps\\\\dataconnect\": could not find dataconnect.yaml in `c:\\Users\\ermi0\\flutter projects\\apps\\dataconnect`\n"}}
[debug] [2026-04-22T12:37:46.309Z] E0422 15:37:46.310486   23080 watch.go:40] Failed to load config from "c:\\Users\\ermi0\\flutter projects\\apps\\dataconnect": could not find dataconnect.yaml in `c:\Users\ermi0\flutter projects\apps\dataconnect`
 {"metadata":{"emulator":{"name":"dataconnect"},"message":"E0422 15:37:46.310486   23080 watch.go:40] Failed to load config from \"c:\\\\Users\\\\ermi0\\\\flutter projects\\\\apps\\\\dataconnect\": could not find dataconnect.yaml in `c:\\Users\\ermi0\\flutter projects\\apps\\dataconnect`\n"}}
[debug] [2026-04-22T12:37:56.309Z] E0422 15:37:56.310259   23080 watch.go:40] Failed to load config from "c:\\Users\\ermi0\\flutter projects\\apps\\dataconnect": could not find dataconnect.yaml in `c:\Users\ermi0\flutter projects\apps\dataconnect`
 {"metadata":{"emulator":{"name":"dataconnect"},"message":"E0422 15:37:56.310259   23080 watch.go:40] Failed to load config from \"c:\\\\Users\\\\ermi0\\\\flutter projects\\\\apps\\\\dataconnect\": could not find dataconnect.yaml in `c:\\Users\\ermi0\\flutter projects\\apps\\dataconnect`\n"}}
[debug] [2026-04-22T12:38:06.309Z] E0422 15:38:06.310208   23080 watch.go:40] Failed to load config from "c:\\Users\\ermi0\\flutter projects\\apps\\dataconnect": could not find dataconnect.yaml in `c:\Users\ermi0\flutter projects\apps\dataconnect`
 {"metadata":{"emulator":{"name":"dataconnect"},"message":"E0422 15:38:06.310208   23080 watch.go:40] Failed to load config from \"c:\\\\Users\\\\ermi0\\\\flutter projects\\\\apps\\\\dataconnect\": could not find dataconnect.yaml in `c:\\Users\\ermi0\\flutter projects\\apps\\dataconnect`\n"}}
[debug] [2026-04-22T12:38:16.309Z] E0422 15:38:16.310179   23080 watch.go:40] Failed to load config from "c:\\Users\\ermi0\\flutter projects\\apps\\dataconnect": could not find dataconnect.yaml in `c:\Users\ermi0\flutter projects\apps\dataconnect`
 {"metadata":{"emulator":{"name":"dataconnect"},"message":"E0422 15:38:16.310179   23080 watch.go:40] Failed to load config from \"c:\\\\Users\\\\ermi0\\\\flutter projects\\\\apps\\\\dataconnect\": could not find dataconnect.yaml in `c:\\Users\\ermi0\\flutter projects\\apps\\dataconnect`\n"}}
[debug] [2026-04-22T12:38:26.310Z] E0422 15:38:26.310085   23080 watch.go:40] Failed to load config from "c:\\Users\\ermi0\\flutter projects\\apps\\dataconnect": could not find dataconnect.yaml in `c:\Users\ermi0\flutter projects\apps\dataconnect`
 {"metadata":{"emulator":{"name":"dataconnect"},"message":"E0422 15:38:26.310085   23080 watch.go:40] Failed to load config from \"c:\\\\Users\\\\ermi0\\\\flutter projects\\\\apps\\\\dataconnect\": could not find dataconnect.yaml in `c:\\Users\\ermi0\\flutter projects\\apps\\dataconnect`\n"}}
[debug] [2026-04-22T12:38:36.310Z] E0422 15:38:36.310362   23080 watch.go:40] Failed to load config from "c:\\Users\\ermi0\\flutter projects\\apps\\dataconnect": could not find dataconnect.yaml in `c:\Users\ermi0\flutter projects\apps\dataconnect`
 {"metadata":{"emulator":{"name":"dataconnect"},"message":"E0422 15:38:36.310362   23080 watch.go:40] Failed to load config from \"c:\\\\Users\\\\ermi0\\\\flutter projects\\\\apps\\\\dataconnect\": could not find dataconnect.yaml in `c:\\Users\\ermi0\\flutter projects\\apps\\dataconnect`\n"}}
[debug] [2026-04-22T12:38:46.310Z] E0422 15:38:46.310318   23080 watch.go:40] Failed to load config from "c:\\Users\\ermi0\\flutter projects\\apps\\dataconnect": could not find dataconnect.yaml in `c:\Users\ermi0\flutter projects\apps\dataconnect`
 {"metadata":{"emulator":{"name":"dataconnect"},"message":"E0422 15:38:46.310318   23080 watch.go:40] Failed to load config from \"c:\\\\Users\\\\ermi0\\\\flutter projects\\\\apps\\\\dataconnect\": could not find dataconnect.yaml in `c:\\Users\\ermi0\\flutter projects\\apps\\dataconnect`\n"}}
[debug] [2026-04-22T12:38:56.310Z] E0422 15:38:56.310850   23080 watch.go:40] Failed to load config from "c:\\Users\\ermi0\\flutter projects\\apps\\dataconnect": could not find dataconnect.yaml in `c:\Users\ermi0\flutter projects\apps\dataconnect`
 {"metadata":{"emulator":{"name":"dataconnect"},"message":"E0422 15:38:56.310850   23080 watch.go:40] Failed to load config from \"c:\\\\Users\\\\ermi0\\\\flutter projects\\\\apps\\\\dataconnect\": could not find dataconnect.yaml in `c:\\Users\\ermi0\\flutter projects\\apps\\dataconnect`\n"}}
[debug] [2026-04-22T12:39:06.310Z] E0422 15:39:06.310124   23080 watch.go:40] Failed to load config from "c:\\Users\\ermi0\\flutter projects\\apps\\dataconnect": could not find dataconnect.yaml in `c:\Users\ermi0\flutter projects\apps\dataconnect`
 {"metadata":{"emulator":{"name":"dataconnect"},"message":"E0422 15:39:06.310124   23080 watch.go:40] Failed to load config from \"c:\\\\Users\\\\ermi0\\\\flutter projects\\\\apps\\\\dataconnect\": could not find dataconnect.yaml in `c:\\Users\\ermi0\\flutter projects\\apps\\dataconnect`\n"}}
[debug] [2026-04-22T12:39:16.310Z] E0422 15:39:16.310404   23080 watch.go:40] Failed to load config from "c:\\Users\\ermi0\\flutter projects\\apps\\dataconnect": could not find dataconnect.yaml in `c:\Users\ermi0\flutter projects\apps\dataconnect`
 {"metadata":{"emulator":{"name":"dataconnect"},"message":"E0422 15:39:16.310404   23080 watch.go:40] Failed to load config from \"c:\\\\Users\\\\ermi0\\\\flutter projects\\\\apps\\\\dataconnect\": could not find dataconnect.yaml in `c:\\Users\\ermi0\\flutter projects\\apps\\dataconnect`\n"}}
[debug] [2026-04-22T12:39:26.310Z] E0422 15:39:26.310276   23080 watch.go:40] Failed to load config from "c:\\Users\\ermi0\\flutter projects\\apps\\dataconnect": could not find dataconnect.yaml in `c:\Users\ermi0\flutter projects\apps\dataconnect`
 {"metadata":{"emulator":{"name":"dataconnect"},"message":"E0422 15:39:26.310276   23080 watch.go:40] Failed to load config from \"c:\\\\Users\\\\ermi0\\\\flutter projects\\\\apps\\\\dataconnect\": could not find dataconnect.yaml in `c:\\Users\\ermi0\\flutter projects\\apps\\dataconnect`\n"}}
[debug] [2026-04-22T12:39:36.310Z] E0422 15:39:36.310537   23080 watch.go:40] Failed to load config from "c:\\Users\\ermi0\\flutter projects\\apps\\dataconnect": could not find dataconnect.yaml in `c:\Users\ermi0\flutter projects\apps\dataconnect`
 {"metadata":{"emulator":{"name":"dataconnect"},"message":"E0422 15:39:36.310537   23080 watch.go:40] Failed to load config from \"c:\\\\Users\\\\ermi0\\\\flutter projects\\\\apps\\\\dataconnect\": could not find dataconnect.yaml in `c:\\Users\\ermi0\\flutter projects\\apps\\dataconnect`\n"}}
[debug] [2026-04-22T12:39:46.310Z] E0422 15:39:46.310393   23080 watch.go:40] Failed to load config from "c:\\Users\\ermi0\\flutter projects\\apps\\dataconnect": could not find dataconnect.yaml in `c:\Users\ermi0\flutter projects\apps\dataconnect`
 {"metadata":{"emulator":{"name":"dataconnect"},"message":"E0422 15:39:46.310393   23080 watch.go:40] Failed to load config from \"c:\\\\Users\\\\ermi0\\\\flutter projects\\\\apps\\\\dataconnect\": could not find dataconnect.yaml in `c:\\Users\\ermi0\\flutter projects\\apps\\dataconnect`\n"}}
[debug] [2026-04-22T12:39:56.310Z] E0422 15:39:56.310451   23080 watch.go:40] Failed to load config from "c:\\Users\\ermi0\\flutter projects\\apps\\dataconnect": could not find dataconnect.yaml in `c:\Users\ermi0\flutter projects\apps\dataconnect`
 {"metadata":{"emulator":{"name":"dataconnect"},"message":"E0422 15:39:56.310451   23080 watch.go:40] Failed to load config from \"c:\\\\Users\\\\ermi0\\\\flutter projects\\\\apps\\\\dataconnect\": could not find dataconnect.yaml in `c:\\Users\\ermi0\\flutter projects\\apps\\dataconnect`\n"}}
[debug] [2026-04-22T12:40:06.310Z] E0422 15:40:06.310141   23080 watch.go:40] Failed to load config from "c:\\Users\\ermi0\\flutter projects\\apps\\dataconnect": could not find dataconnect.yaml in `c:\Users\ermi0\flutter projects\apps\dataconnect`
 {"metadata":{"emulator":{"name":"dataconnect"},"message":"E0422 15:40:06.310141   23080 watch.go:40] Failed to load config from \"c:\\\\Users\\\\ermi0\\\\flutter projects\\\\apps\\\\dataconnect\": could not find dataconnect.yaml in `c:\\Users\\ermi0\\flutter projects\\apps\\dataconnect`\n"}}
[debug] [2026-04-22T12:40:16.310Z] E0422 15:40:16.311042   23080 watch.go:40] Failed to load config from "c:\\Users\\ermi0\\flutter projects\\apps\\dataconnect": could not find dataconnect.yaml in `c:\Users\ermi0\flutter projects\apps\dataconnect`
 {"metadata":{"emulator":{"name":"dataconnect"},"message":"E0422 15:40:16.311042   23080 watch.go:40] Failed to load config from \"c:\\\\Users\\\\ermi0\\\\flutter projects\\\\apps\\\\dataconnect\": could not find dataconnect.yaml in `c:\\Users\\ermi0\\flutter projects\\apps\\dataconnect`\n"}}
[debug] [2026-04-22T12:40:26.310Z] E0422 15:40:26.310484   23080 watch.go:40] Failed to load config from "c:\\Users\\ermi0\\flutter projects\\apps\\dataconnect": could not find dataconnect.yaml in `c:\Users\ermi0\flutter projects\apps\dataconnect`
 {"metadata":{"emulator":{"name":"dataconnect"},"message":"E0422 15:40:26.310484   23080 watch.go:40] Failed to load config from \"c:\\\\Users\\\\ermi0\\\\flutter projects\\\\apps\\\\dataconnect\": could not find dataconnect.yaml in `c:\\Users\\ermi0\\flutter projects\\apps\\dataconnect`\n"}}
[debug] [2026-04-22T12:40:36.311Z] E0422 15:40:36.310515   23080 watch.go:40] Failed to load config from "c:\\Users\\ermi0\\flutter projects\\apps\\dataconnect": could not find dataconnect.yaml in `c:\Users\ermi0\flutter projects\apps\dataconnect`
 {"metadata":{"emulator":{"name":"dataconnect"},"message":"E0422 15:40:36.310515   23080 watch.go:40] Failed to load config from \"c:\\\\Users\\\\ermi0\\\\flutter projects\\\\apps\\\\dataconnect\": could not find dataconnect.yaml in `c:\\Users\\ermi0\\flutter projects\\apps\\dataconnect`\n"}}
[debug] [2026-04-22T12:40:46.310Z] E0422 15:40:46.310450   23080 watch.go:40] Failed to load config from "c:\\Users\\ermi0\\flutter projects\\apps\\dataconnect": could not find dataconnect.yaml in `c:\Users\ermi0\flutter projects\apps\dataconnect`
 {"metadata":{"emulator":{"name":"dataconnect"},"message":"E0422 15:40:46.310450   23080 watch.go:40] Failed to load config from \"c:\\\\Users\\\\ermi0\\\\flutter projects\\\\apps\\\\dataconnect\": could not find dataconnect.yaml in `c:\\Users\\ermi0\\flutter projects\\apps\\dataconnect`\n"}}
[debug] [2026-04-22T12:40:56.310Z] E0422 15:40:56.310349   23080 watch.go:40] Failed to load config from "c:\\Users\\ermi0\\flutter projects\\apps\\dataconnect": could not find dataconnect.yaml in `c:\Users\ermi0\flutter projects\apps\dataconnect`
 {"metadata":{"emulator":{"name":"dataconnect"},"message":"E0422 15:40:56.310349   23080 watch.go:40] Failed to load config from \"c:\\\\Users\\\\ermi0\\\\flutter projects\\\\apps\\\\dataconnect\": could not find dataconnect.yaml in `c:\\Users\\ermi0\\flutter projects\\apps\\dataconnect`\n"}}
[debug] [2026-04-22T12:41:06.312Z] E0422 15:41:06.312533   23080 watch.go:40] Failed to load config from "c:\\Users\\ermi0\\flutter projects\\apps\\dataconnect": could not find dataconnect.yaml in `c:\Users\ermi0\flutter projects\apps\dataconnect`
 {"metadata":{"emulator":{"name":"dataconnect"},"message":"E0422 15:41:06.312533   23080 watch.go:40] Failed to load config from \"c:\\\\Users\\\\ermi0\\\\flutter projects\\\\apps\\\\dataconnect\": could not find dataconnect.yaml in `c:\\Users\\ermi0\\flutter projects\\apps\\dataconnect`\n"}}
[debug] [2026-04-22T12:41:16.310Z] E0422 15:41:16.310206   23080 watch.go:40] Failed to load config from "c:\\Users\\ermi0\\flutter projects\\apps\\dataconnect": could not find dataconnect.yaml in `c:\Users\ermi0\flutter projects\apps\dataconnect`
 {"metadata":{"emulator":{"name":"dataconnect"},"message":"E0422 15:41:16.310206   23080 watch.go:40] Failed to load config from \"c:\\\\Users\\\\ermi0\\\\flutter projects\\\\apps\\\\dataconnect\": could not find dataconnect.yaml in `c:\\Users\\ermi0\\flutter projects\\apps\\dataconnect`\n"}}
[debug] [2026-04-22T12:41:26.310Z] E0422 15:41:26.310523   23080 watch.go:40] Failed to load config from "c:\\Users\\ermi0\\flutter projects\\apps\\dataconnect": could not find dataconnect.yaml in `c:\Users\ermi0\flutter projects\apps\dataconnect`
 {"metadata":{"emulator":{"name":"dataconnect"},"message":"E0422 15:41:26.310523   23080 watch.go:40] Failed to load config from \"c:\\\\Users\\\\ermi0\\\\flutter projects\\\\apps\\\\dataconnect\": could not find dataconnect.yaml in `c:\\Users\\ermi0\\flutter projects\\apps\\dataconnect`\n"}}
[debug] [2026-04-22T12:41:36.311Z] E0422 15:41:36.310693   23080 watch.go:40] Failed to load config from "c:\\Users\\ermi0\\flutter projects\\apps\\dataconnect": could not find dataconnect.yaml in `c:\Users\ermi0\flutter projects\apps\dataconnect`
 {"metadata":{"emulator":{"name":"dataconnect"},"message":"E0422 15:41:36.310693   23080 watch.go:40] Failed to load config from \"c:\\\\Users\\\\ermi0\\\\flutter projects\\\\apps\\\\dataconnect\": could not find dataconnect.yaml in `c:\\Users\\ermi0\\flutter projects\\apps\\dataconnect`\n"}}
[debug] [2026-04-22T12:41:46.310Z] E0422 15:41:46.310462   23080 watch.go:40] Failed to load config from "c:\\Users\\ermi0\\flutter projects\\apps\\dataconnect": could not find dataconnect.yaml in `c:\Users\ermi0\flutter projects\apps\dataconnect`
 {"metadata":{"emulator":{"name":"dataconnect"},"message":"E0422 15:41:46.310462   23080 watch.go:40] Failed to load config from \"c:\\\\Users\\\\ermi0\\\\flutter projects\\\\apps\\\\dataconnect\": could not find dataconnect.yaml in `c:\\Users\\ermi0\\flutter projects\\apps\\dataconnect`\n"}}
[debug] [2026-04-22T12:41:56.310Z] E0422 15:41:56.310294   23080 watch.go:40] Failed to load config from "c:\\Users\\ermi0\\flutter projects\\apps\\dataconnect": could not find dataconnect.yaml in `c:\Users\ermi0\flutter projects\apps\dataconnect`
 {"metadata":{"emulator":{"name":"dataconnect"},"message":"E0422 15:41:56.310294   23080 watch.go:40] Failed to load config from \"c:\\\\Users\\\\ermi0\\\\flutter projects\\\\apps\\\\dataconnect\": could not find dataconnect.yaml in `c:\\Users\\ermi0\\flutter projects\\apps\\dataconnect`\n"}}
[debug] [2026-04-22T12:42:06.310Z] E0422 15:42:06.310616   23080 watch.go:40] Failed to load config from "c:\\Users\\ermi0\\flutter projects\\apps\\dataconnect": could not find dataconnect.yaml in `c:\Users\ermi0\flutter projects\apps\dataconnect`
 {"metadata":{"emulator":{"name":"dataconnect"},"message":"E0422 15:42:06.310616   23080 watch.go:40] Failed to load config from \"c:\\\\Users\\\\ermi0\\\\flutter projects\\\\apps\\\\dataconnect\": could not find dataconnect.yaml in `c:\\Users\\ermi0\\flutter projects\\apps\\dataconnect`\n"}}
[debug] [2026-04-22T12:42:16.310Z] E0422 15:42:16.310601   23080 watch.go:40] Failed to load config from "c:\\Users\\ermi0\\flutter projects\\apps\\dataconnect": could not find dataconnect.yaml in `c:\Users\ermi0\flutter projects\apps\dataconnect`
 {"metadata":{"emulator":{"name":"dataconnect"},"message":"E0422 15:42:16.310601   23080 watch.go:40] Failed to load config from \"c:\\\\Users\\\\ermi0\\\\flutter projects\\\\apps\\\\dataconnect\": could not find dataconnect.yaml in `c:\\Users\\ermi0\\flutter projects\\apps\\dataconnect`\n"}}
[debug] [2026-04-22T12:42:26.310Z] E0422 15:42:26.310470   23080 watch.go:40] Failed to load config from "c:\\Users\\ermi0\\flutter projects\\apps\\dataconnect": could not find dataconnect.yaml in `c:\Users\ermi0\flutter projects\apps\dataconnect`
 {"metadata":{"emulator":{"name":"dataconnect"},"message":"E0422 15:42:26.310470   23080 watch.go:40] Failed to load config from \"c:\\\\Users\\\\ermi0\\\\flutter projects\\\\apps\\\\dataconnect\": could not find dataconnect.yaml in `c:\\Users\\ermi0\\flutter projects\\apps\\dataconnect`\n"}}
[debug] [2026-04-22T12:42:36.310Z] E0422 15:42:36.310613   23080 watch.go:40] Failed to load config from "c:\\Users\\ermi0\\flutter projects\\apps\\dataconnect": could not find dataconnect.yaml in `c:\Users\ermi0\flutter projects\apps\dataconnect`
 {"metadata":{"emulator":{"name":"dataconnect"},"message":"E0422 15:42:36.310613   23080 watch.go:40] Failed to load config from \"c:\\\\Users\\\\ermi0\\\\flutter projects\\\\apps\\\\dataconnect\": could not find dataconnect.yaml in `c:\\Users\\ermi0\\flutter projects\\apps\\dataconnect`\n"}}
[debug] [2026-04-22T12:42:46.310Z] E0422 15:42:46.311117   23080 watch.go:40] Failed to load config from "c:\\Users\\ermi0\\flutter projects\\apps\\dataconnect": could not find dataconnect.yaml in `c:\Users\ermi0\flutter projects\apps\dataconnect`
 {"metadata":{"emulator":{"name":"dataconnect"},"message":"E0422 15:42:46.311117   23080 watch.go:40] Failed to load config from \"c:\\\\Users\\\\ermi0\\\\flutter projects\\\\apps\\\\dataconnect\": could not find dataconnect.yaml in `c:\\Users\\ermi0\\flutter projects\\apps\\dataconnect`\n"}}
[debug] [2026-04-22T12:42:56.310Z] E0422 15:42:56.310615   23080 watch.go:40] Failed to load config from "c:\\Users\\ermi0\\flutter projects\\apps\\dataconnect": could not find dataconnect.yaml in `c:\Users\ermi0\flutter projects\apps\dataconnect`
 {"metadata":{"emulator":{"name":"dataconnect"},"message":"E0422 15:42:56.310615   23080 watch.go:40] Failed to load config from \"c:\\\\Users\\\\ermi0\\\\flutter projects\\\\apps\\\\dataconnect\": could not find dataconnect.yaml in `c:\\Users\\ermi0\\flutter projects\\apps\\dataconnect`\n"}}
[debug] [2026-04-22T12:43:06.310Z] E0422 15:43:06.310569   23080 watch.go:40] Failed to load config from "c:\\Users\\ermi0\\flutter projects\\apps\\dataconnect": could not find dataconnect.yaml in `c:\Users\ermi0\flutter projects\apps\dataconnect`
 {"metadata":{"emulator":{"name":"dataconnect"},"message":"E0422 15:43:06.310569   23080 watch.go:40] Failed to load config from \"c:\\\\Users\\\\ermi0\\\\flutter projects\\\\apps\\\\dataconnect\": could not find dataconnect.yaml in `c:\\Users\\ermi0\\flutter projects\\apps\\dataconnect`\n"}}
[debug] [2026-04-22T12:43:16.310Z] E0422 15:43:16.310565   23080 watch.go:40] Failed to load config from "c:\\Users\\ermi0\\flutter projects\\apps\\dataconnect": could not find dataconnect.yaml in `c:\Users\ermi0\flutter projects\apps\dataconnect`
 {"metadata":{"emulator":{"name":"dataconnect"},"message":"E0422 15:43:16.310565   23080 watch.go:40] Failed to load config from \"c:\\\\Users\\\\ermi0\\\\flutter projects\\\\apps\\\\dataconnect\": could not find dataconnect.yaml in `c:\\Users\\ermi0\\flutter projects\\apps\\dataconnect`\n"}}
[debug] [2026-04-22T12:43:26.310Z] E0422 15:43:26.310401   23080 watch.go:40] Failed to load config from "c:\\Users\\ermi0\\flutter projects\\apps\\dataconnect": could not find dataconnect.yaml in `c:\Users\ermi0\flutter projects\apps\dataconnect`
 {"metadata":{"emulator":{"name":"dataconnect"},"message":"E0422 15:43:26.310401   23080 watch.go:40] Failed to load config from \"c:\\\\Users\\\\ermi0\\\\flutter projects\\\\apps\\\\dataconnect\": could not find dataconnect.yaml in `c:\\Users\\ermi0\\flutter projects\\apps\\dataconnect`\n"}}
[debug] [2026-04-22T12:43:36.310Z] E0422 15:43:36.310469   23080 watch.go:40] Failed to load config from "c:\\Users\\ermi0\\flutter projects\\apps\\dataconnect": could not find dataconnect.yaml in `c:\Users\ermi0\flutter projects\apps\dataconnect`
 {"metadata":{"emulator":{"name":"dataconnect"},"message":"E0422 15:43:36.310469   23080 watch.go:40] Failed to load config from \"c:\\\\Users\\\\ermi0\\\\flutter projects\\\\apps\\\\dataconnect\": could not find dataconnect.yaml in `c:\\Users\\ermi0\\flutter projects\\apps\\dataconnect`\n"}}
[debug] [2026-04-22T12:43:46.310Z] E0422 15:43:46.310156   23080 watch.go:40] Failed to load config from "c:\\Users\\ermi0\\flutter projects\\apps\\dataconnect": could not find dataconnect.yaml in `c:\Users\ermi0\flutter projects\apps\dataconnect`
 {"metadata":{"emulator":{"name":"dataconnect"},"message":"E0422 15:43:46.310156   23080 watch.go:40] Failed to load config from \"c:\\\\Users\\\\ermi0\\\\flutter projects\\\\apps\\\\dataconnect\": could not find dataconnect.yaml in `c:\\Users\\ermi0\\flutter projects\\apps\\dataconnect`\n"}}
[debug] [2026-04-22T12:43:56.310Z] E0422 15:43:56.310402   23080 watch.go:40] Failed to load config from "c:\\Users\\ermi0\\flutter projects\\apps\\dataconnect": could not find dataconnect.yaml in `c:\Users\ermi0\flutter projects\apps\dataconnect`
 {"metadata":{"emulator":{"name":"dataconnect"},"message":"E0422 15:43:56.310402   23080 watch.go:40] Failed to load config from \"c:\\\\Users\\\\ermi0\\\\flutter projects\\\\apps\\\\dataconnect\": could not find dataconnect.yaml in `c:\\Users\\ermi0\\flutter projects\\apps\\dataconnect`\n"}}
[debug] [2026-04-22T12:44:06.310Z] E0422 15:44:06.310668   23080 watch.go:40] Failed to load config from "c:\\Users\\ermi0\\flutter projects\\apps\\dataconnect": could not find dataconnect.yaml in `c:\Users\ermi0\flutter projects\apps\dataconnect`
 {"metadata":{"emulator":{"name":"dataconnect"},"message":"E0422 15:44:06.310668   23080 watch.go:40] Failed to load config from \"c:\\\\Users\\\\ermi0\\\\flutter projects\\\\apps\\\\dataconnect\": could not find dataconnect.yaml in `c:\\Users\\ermi0\\flutter projects\\apps\\dataconnect`\n"}}
[debug] [2026-04-22T12:44:16.310Z] E0422 15:44:16.310143   23080 watch.go:40] Failed to load config from "c:\\Users\\ermi0\\flutter projects\\apps\\dataconnect": could not find dataconnect.yaml in `c:\Users\ermi0\flutter projects\apps\dataconnect`
 {"metadata":{"emulator":{"name":"dataconnect"},"message":"E0422 15:44:16.310143   23080 watch.go:40] Failed to load config from \"c:\\\\Users\\\\ermi0\\\\flutter projects\\\\apps\\\\dataconnect\": could not find dataconnect.yaml in `c:\\Users\\ermi0\\flutter projects\\apps\\dataconnect`\n"}}
[debug] [2026-04-22T12:44:26.310Z] E0422 15:44:26.310671   23080 watch.go:40] Failed to load config from "c:\\Users\\ermi0\\flutter projects\\apps\\dataconnect": could not find dataconnect.yaml in `c:\Users\ermi0\flutter projects\apps\dataconnect`
 {"metadata":{"emulator":{"name":"dataconnect"},"message":"E0422 15:44:26.310671   23080 watch.go:40] Failed to load config from \"c:\\\\Users\\\\ermi0\\\\flutter projects\\\\apps\\\\dataconnect\": could not find dataconnect.yaml in `c:\\Users\\ermi0\\flutter projects\\apps\\dataconnect`\n"}}
[debug] [2026-04-22T12:44:36.310Z] E0422 15:44:36.310271   23080 watch.go:40] Failed to load config from "c:\\Users\\ermi0\\flutter projects\\apps\\dataconnect": could not find dataconnect.yaml in `c:\Users\ermi0\flutter projects\apps\dataconnect`
 {"metadata":{"emulator":{"name":"dataconnect"},"message":"E0422 15:44:36.310271   23080 watch.go:40] Failed to load config from \"c:\\\\Users\\\\ermi0\\\\flutter projects\\\\apps\\\\dataconnect\": could not find dataconnect.yaml in `c:\\Users\\ermi0\\flutter projects\\apps\\dataconnect`\n"}}
[debug] [2026-04-22T12:44:46.310Z] E0422 15:44:46.310647   23080 watch.go:40] Failed to load config from "c:\\Users\\ermi0\\flutter projects\\apps\\dataconnect": could not find dataconnect.yaml in `c:\Users\ermi0\flutter projects\apps\dataconnect`
 {"metadata":{"emulator":{"name":"dataconnect"},"message":"E0422 15:44:46.310647   23080 watch.go:40] Failed to load config from \"c:\\\\Users\\\\ermi0\\\\flutter projects\\\\apps\\\\dataconnect\": could not find dataconnect.yaml in `c:\\Users\\ermi0\\flutter projects\\apps\\dataconnect`\n"}}
[debug] [2026-04-22T12:44:56.313Z] E0422 15:44:56.313333   23080 watch.go:40] Failed to load config from "c:\\Users\\ermi0\\flutter projects\\apps\\dataconnect": could not find dataconnect.yaml in `c:\Users\ermi0\flutter projects\apps\dataconnect`
 {"metadata":{"emulator":{"name":"dataconnect"},"message":"E0422 15:44:56.313333   23080 watch.go:40] Failed to load config from \"c:\\\\Users\\\\ermi0\\\\flutter projects\\\\apps\\\\dataconnect\": could not find dataconnect.yaml in `c:\\Users\\ermi0\\flutter projects\\apps\\dataconnect`\n"}}
[debug] [2026-04-22T12:45:06.310Z] E0422 15:45:06.310503   23080 watch.go:40] Failed to load config from "c:\\Users\\ermi0\\flutter projects\\apps\\dataconnect": could not find dataconnect.yaml in `c:\Users\ermi0\flutter projects\apps\dataconnect`
 {"metadata":{"emulator":{"name":"dataconnect"},"message":"E0422 15:45:06.310503   23080 watch.go:40] Failed to load config from \"c:\\\\Users\\\\ermi0\\\\flutter projects\\\\apps\\\\dataconnect\": could not find dataconnect.yaml in `c:\\Users\\ermi0\\flutter projects\\apps\\dataconnect`\n"}}
[debug] [2026-04-22T12:45:16.310Z] E0422 15:45:16.310257   23080 watch.go:40] Failed to load config from "c:\\Users\\ermi0\\flutter projects\\apps\\dataconnect": could not find dataconnect.yaml in `c:\Users\ermi0\flutter projects\apps\dataconnect`
 {"metadata":{"emulator":{"name":"dataconnect"},"message":"E0422 15:45:16.310257   23080 watch.go:40] Failed to load config from \"c:\\\\Users\\\\ermi0\\\\flutter projects\\\\apps\\\\dataconnect\": could not find dataconnect.yaml in `c:\\Users\\ermi0\\flutter projects\\apps\\dataconnect`\n"}}
[debug] [2026-04-22T12:45:26.310Z] E0422 15:45:26.310481   23080 watch.go:40] Failed to load config from "c:\\Users\\ermi0\\flutter projects\\apps\\dataconnect": could not find dataconnect.yaml in `c:\Users\ermi0\flutter projects\apps\dataconnect`
 {"metadata":{"emulator":{"name":"dataconnect"},"message":"E0422 15:45:26.310481   23080 watch.go:40] Failed to load config from \"c:\\\\Users\\\\ermi0\\\\flutter projects\\\\apps\\\\dataconnect\": could not find dataconnect.yaml in `c:\\Users\\ermi0\\flutter projects\\apps\\dataconnect`\n"}}
[debug] [2026-04-22T12:45:36.310Z] E0422 15:45:36.310229   23080 watch.go:40] Failed to load config from "c:\\Users\\ermi0\\flutter projects\\apps\\dataconnect": could not find dataconnect.yaml in `c:\Users\ermi0\flutter projects\apps\dataconnect`
 {"metadata":{"emulator":{"name":"dataconnect"},"message":"E0422 15:45:36.310229   23080 watch.go:40] Failed to load config from \"c:\\\\Users\\\\ermi0\\\\flutter projects\\\\apps\\\\dataconnect\": could not find dataconnect.yaml in `c:\\Users\\ermi0\\flutter projects\\apps\\dataconnect`\n"}}
[debug] [2026-04-22T12:45:46.310Z] E0422 15:45:46.310380   23080 watch.go:40] Failed to load config from "c:\\Users\\ermi0\\flutter projects\\apps\\dataconnect": could not find dataconnect.yaml in `c:\Users\ermi0\flutter projects\apps\dataconnect`
 {"metadata":{"emulator":{"name":"dataconnect"},"message":"E0422 15:45:46.310380   23080 watch.go:40] Failed to load config from \"c:\\\\Users\\\\ermi0\\\\flutter projects\\\\apps\\\\dataconnect\": could not find dataconnect.yaml in `c:\\Users\\ermi0\\flutter projects\\apps\\dataconnect`\n"}}
[debug] [2026-04-22T12:45:56.310Z] E0422 15:45:56.310628   23080 watch.go:40] Failed to load config from "c:\\Users\\ermi0\\flutter projects\\apps\\dataconnect": could not find dataconnect.yaml in `c:\Users\ermi0\flutter projects\apps\dataconnect`
 {"metadata":{"emulator":{"name":"dataconnect"},"message":"E0422 15:45:56.310628   23080 watch.go:40] Failed to load config from \"c:\\\\Users\\\\ermi0\\\\flutter projects\\\\apps\\\\dataconnect\": could not find dataconnect.yaml in `c:\\Users\\ermi0\\flutter projects\\apps\\dataconnect`\n"}}
[debug] [2026-04-22T12:46:06.310Z] E0422 15:46:06.310633   23080 watch.go:40] Failed to load config from "c:\\Users\\ermi0\\flutter projects\\apps\\dataconnect": could not find dataconnect.yaml in `c:\Users\ermi0\flutter projects\apps\dataconnect`
 {"metadata":{"emulator":{"name":"dataconnect"},"message":"E0422 15:46:06.310633   23080 watch.go:40] Failed to load config from \"c:\\\\Users\\\\ermi0\\\\flutter projects\\\\apps\\\\dataconnect\": could not find dataconnect.yaml in `c:\\Users\\ermi0\\flutter projects\\apps\\dataconnect`\n"}}
[debug] [2026-04-22T12:46:16.310Z] E0422 15:46:16.310507   23080 watch.go:40] Failed to load config from "c:\\Users\\ermi0\\flutter projects\\apps\\dataconnect": could not find dataconnect.yaml in `c:\Users\ermi0\flutter projects\apps\dataconnect`
 {"metadata":{"emulator":{"name":"dataconnect"},"message":"E0422 15:46:16.310507   23080 watch.go:40] Failed to load config from \"c:\\\\Users\\\\ermi0\\\\flutter projects\\\\apps\\\\dataconnect\": could not find dataconnect.yaml in `c:\\Users\\ermi0\\flutter projects\\apps\\dataconnect`\n"}}
[debug] [2026-04-22T12:46:26.310Z] E0422 15:46:26.310378   23080 watch.go:40] Failed to load config from "c:\\Users\\ermi0\\flutter projects\\apps\\dataconnect": could not find dataconnect.yaml in `c:\Users\ermi0\flutter projects\apps\dataconnect`
 {"metadata":{"emulator":{"name":"dataconnect"},"message":"E0422 15:46:26.310378   23080 watch.go:40] Failed to load config from \"c:\\\\Users\\\\ermi0\\\\flutter projects\\\\apps\\\\dataconnect\": could not find dataconnect.yaml in `c:\\Users\\ermi0\\flutter projects\\apps\\dataconnect`\n"}}
[debug] [2026-04-22T12:46:36.310Z] E0422 15:46:36.310696   23080 watch.go:40] Failed to load config from "c:\\Users\\ermi0\\flutter projects\\apps\\dataconnect": could not find dataconnect.yaml in `c:\Users\ermi0\flutter projects\apps\dataconnect`
 {"metadata":{"emulator":{"name":"dataconnect"},"message":"E0422 15:46:36.310696   23080 watch.go:40] Failed to load config from \"c:\\\\Users\\\\ermi0\\\\flutter projects\\\\apps\\\\dataconnect\": could not find dataconnect.yaml in `c:\\Users\\ermi0\\flutter projects\\apps\\dataconnect`\n"}}
[debug] [2026-04-22T12:46:46.310Z] E0422 15:46:46.310354   23080 watch.go:40] Failed to load config from "c:\\Users\\ermi0\\flutter projects\\apps\\dataconnect": could not find dataconnect.yaml in `c:\Users\ermi0\flutter projects\apps\dataconnect`
 {"metadata":{"emulator":{"name":"dataconnect"},"message":"E0422 15:46:46.310354   23080 watch.go:40] Failed to load config from \"c:\\\\Users\\\\ermi0\\\\flutter projects\\\\apps\\\\dataconnect\": could not find dataconnect.yaml in `c:\\Users\\ermi0\\flutter projects\\apps\\dataconnect`\n"}}
[debug] [2026-04-22T12:46:56.310Z] E0422 15:46:56.310716   23080 watch.go:40] Failed to load config from "c:\\Users\\ermi0\\flutter projects\\apps\\dataconnect": could not find dataconnect.yaml in `c:\Users\ermi0\flutter projects\apps\dataconnect`
 {"metadata":{"emulator":{"name":"dataconnect"},"message":"E0422 15:46:56.310716   23080 watch.go:40] Failed to load config from \"c:\\\\Users\\\\ermi0\\\\flutter projects\\\\apps\\\\dataconnect\": could not find dataconnect.yaml in `c:\\Users\\ermi0\\flutter projects\\apps\\dataconnect`\n"}}
[debug] [2026-04-22T12:47:06.310Z] E0422 15:47:06.310181   23080 watch.go:40] Failed to load config from "c:\\Users\\ermi0\\flutter projects\\apps\\dataconnect": could not find dataconnect.yaml in `c:\Users\ermi0\flutter projects\apps\dataconnect`
 {"metadata":{"emulator":{"name":"dataconnect"},"message":"E0422 15:47:06.310181   23080 watch.go:40] Failed to load config from \"c:\\\\Users\\\\ermi0\\\\flutter projects\\\\apps\\\\dataconnect\": could not find dataconnect.yaml in `c:\\Users\\ermi0\\flutter projects\\apps\\dataconnect`\n"}}
[debug] [2026-04-22T12:47:16.310Z] E0422 15:47:16.310545   23080 watch.go:40] Failed to load config from "c:\\Users\\ermi0\\flutter projects\\apps\\dataconnect": could not find dataconnect.yaml in `c:\Users\ermi0\flutter projects\apps\dataconnect`
 {"metadata":{"emulator":{"name":"dataconnect"},"message":"E0422 15:47:16.310545   23080 watch.go:40] Failed to load config from \"c:\\\\Users\\\\ermi0\\\\flutter projects\\\\apps\\\\dataconnect\": could not find dataconnect.yaml in `c:\\Users\\ermi0\\flutter projects\\apps\\dataconnect`\n"}}
[debug] [2026-04-22T12:47:26.311Z] E0422 15:47:26.310954   23080 watch.go:40] Failed to load config from "c:\\Users\\ermi0\\flutter projects\\apps\\dataconnect": could not find dataconnect.yaml in `c:\Users\ermi0\flutter projects\apps\dataconnect`
 {"metadata":{"emulator":{"name":"dataconnect"},"message":"E0422 15:47:26.310954   23080 watch.go:40] Failed to load config from \"c:\\\\Users\\\\ermi0\\\\flutter projects\\\\apps\\\\dataconnect\": could not find dataconnect.yaml in `c:\\Users\\ermi0\\flutter projects\\apps\\dataconnect`\n"}}
[debug] [2026-04-22T12:47:36.310Z] E0422 15:47:36.310394   23080 watch.go:40] Failed to load config from "c:\\Users\\ermi0\\flutter projects\\apps\\dataconnect": could not find dataconnect.yaml in `c:\Users\ermi0\flutter projects\apps\dataconnect`
 {"metadata":{"emulator":{"name":"dataconnect"},"message":"E0422 15:47:36.310394   23080 watch.go:40] Failed to load config from \"c:\\\\Users\\\\ermi0\\\\flutter projects\\\\apps\\\\dataconnect\": could not find dataconnect.yaml in `c:\\Users\\ermi0\\flutter projects\\apps\\dataconnect`\n"}}
[debug] [2026-04-22T12:47:46.310Z] E0422 15:47:46.310387   23080 watch.go:40] Failed to load config from "c:\\Users\\ermi0\\flutter projects\\apps\\dataconnect": could not find dataconnect.yaml in `c:\Users\ermi0\flutter projects\apps\dataconnect`
 {"metadata":{"emulator":{"name":"dataconnect"},"message":"E0422 15:47:46.310387   23080 watch.go:40] Failed to load config from \"c:\\\\Users\\\\ermi0\\\\flutter projects\\\\apps\\\\dataconnect\": could not find dataconnect.yaml in `c:\\Users\\ermi0\\flutter projects\\apps\\dataconnect`\n"}}
[debug] [2026-04-22T12:47:56.310Z] E0422 15:47:56.310216   23080 watch.go:40] Failed to load config from "c:\\Users\\ermi0\\flutter projects\\apps\\dataconnect": could not find dataconnect.yaml in `c:\Users\ermi0\flutter projects\apps\dataconnect`
 {"metadata":{"emulator":{"name":"dataconnect"},"message":"E0422 15:47:56.310216   23080 watch.go:40] Failed to load config from \"c:\\\\Users\\\\ermi0\\\\flutter projects\\\\apps\\\\dataconnect\": could not find dataconnect.yaml in `c:\\Users\\ermi0\\flutter projects\\apps\\dataconnect`\n"}}
[debug] [2026-04-22T12:48:06.310Z] E0422 15:48:06.310578   23080 watch.go:40] Failed to load config from "c:\\Users\\ermi0\\flutter projects\\apps\\dataconnect": could not find dataconnect.yaml in `c:\Users\ermi0\flutter projects\apps\dataconnect`
 {"metadata":{"emulator":{"name":"dataconnect"},"message":"E0422 15:48:06.310578   23080 watch.go:40] Failed to load config from \"c:\\\\Users\\\\ermi0\\\\flutter projects\\\\apps\\\\dataconnect\": could not find dataconnect.yaml in `c:\\Users\\ermi0\\flutter projects\\apps\\dataconnect`\n"}}
[debug] [2026-04-22T12:48:16.310Z] E0422 15:48:16.310311   23080 watch.go:40] Failed to load config from "c:\\Users\\ermi0\\flutter projects\\apps\\dataconnect": could not find dataconnect.yaml in `c:\Users\ermi0\flutter projects\apps\dataconnect`
 {"metadata":{"emulator":{"name":"dataconnect"},"message":"E0422 15:48:16.310311   23080 watch.go:40] Failed to load config from \"c:\\\\Users\\\\ermi0\\\\flutter projects\\\\apps\\\\dataconnect\": could not find dataconnect.yaml in `c:\\Users\\ermi0\\flutter projects\\apps\\dataconnect`\n"}}
[debug] [2026-04-22T12:48:26.310Z] E0422 15:48:26.310321   23080 watch.go:40] Failed to load config from "c:\\Users\\ermi0\\flutter projects\\apps\\dataconnect": could not find dataconnect.yaml in `c:\Users\ermi0\flutter projects\apps\dataconnect`
 {"metadata":{"emulator":{"name":"dataconnect"},"message":"E0422 15:48:26.310321   23080 watch.go:40] Failed to load config from \"c:\\\\Users\\\\ermi0\\\\flutter projects\\\\apps\\\\dataconnect\": could not find dataconnect.yaml in `c:\\Users\\ermi0\\flutter projects\\apps\\dataconnect`\n"}}
[debug] [2026-04-22T12:48:36.310Z] E0422 15:48:36.310142   23080 watch.go:40] Failed to load config from "c:\\Users\\ermi0\\flutter projects\\apps\\dataconnect": could not find dataconnect.yaml in `c:\Users\ermi0\flutter projects\apps\dataconnect`
 {"metadata":{"emulator":{"name":"dataconnect"},"message":"E0422 15:48:36.310142   23080 watch.go:40] Failed to load config from \"c:\\\\Users\\\\ermi0\\\\flutter projects\\\\apps\\\\dataconnect\": could not find dataconnect.yaml in `c:\\Users\\ermi0\\flutter projects\\apps\\dataconnect`\n"}}
[debug] [2026-04-22T12:48:46.310Z] E0422 15:48:46.310298   23080 watch.go:40] Failed to load config from "c:\\Users\\ermi0\\flutter projects\\apps\\dataconnect": could not find dataconnect.yaml in `c:\Users\ermi0\flutter projects\apps\dataconnect`
 {"metadata":{"emulator":{"name":"dataconnect"},"message":"E0422 15:48:46.310298   23080 watch.go:40] Failed to load config from \"c:\\\\Users\\\\ermi0\\\\flutter projects\\\\apps\\\\dataconnect\": could not find dataconnect.yaml in `c:\\Users\\ermi0\\flutter projects\\apps\\dataconnect`\n"}}
[debug] [2026-04-22T12:48:56.310Z] E0422 15:48:56.310526   23080 watch.go:40] Failed to load config from "c:\\Users\\ermi0\\flutter projects\\apps\\dataconnect": could not find dataconnect.yaml in `c:\Users\ermi0\flutter projects\apps\dataconnect`
 {"metadata":{"emulator":{"name":"dataconnect"},"message":"E0422 15:48:56.310526   23080 watch.go:40] Failed to load config from \"c:\\\\Users\\\\ermi0\\\\flutter projects\\\\apps\\\\dataconnect\": could not find dataconnect.yaml in `c:\\Users\\ermi0\\flutter projects\\apps\\dataconnect`\n"}}
[debug] [2026-04-22T12:49:06.310Z] E0422 15:49:06.310212   23080 watch.go:40] Failed to load config from "c:\\Users\\ermi0\\flutter projects\\apps\\dataconnect": could not find dataconnect.yaml in `c:\Users\ermi0\flutter projects\apps\dataconnect`
 {"metadata":{"emulator":{"name":"dataconnect"},"message":"E0422 15:49:06.310212   23080 watch.go:40] Failed to load config from \"c:\\\\Users\\\\ermi0\\\\flutter projects\\\\apps\\\\dataconnect\": could not find dataconnect.yaml in `c:\\Users\\ermi0\\flutter projects\\apps\\dataconnect`\n"}}
[debug] [2026-04-22T12:49:16.310Z] E0422 15:49:16.310479   23080 watch.go:40] Failed to load config from "c:\\Users\\ermi0\\flutter projects\\apps\\dataconnect": could not find dataconnect.yaml in `c:\Users\ermi0\flutter projects\apps\dataconnect`
 {"metadata":{"emulator":{"name":"dataconnect"},"message":"E0422 15:49:16.310479   23080 watch.go:40] Failed to load config from \"c:\\\\Users\\\\ermi0\\\\flutter projects\\\\apps\\\\dataconnect\": could not find dataconnect.yaml in `c:\\Users\\ermi0\\flutter projects\\apps\\dataconnect`\n"}}
[debug] [2026-04-22T12:49:26.310Z] E0422 15:49:26.310462   23080 watch.go:40] Failed to load config from "c:\\Users\\ermi0\\flutter projects\\apps\\dataconnect": could not find dataconnect.yaml in `c:\Users\ermi0\flutter projects\apps\dataconnect`
 {"metadata":{"emulator":{"name":"dataconnect"},"message":"E0422 15:49:26.310462   23080 watch.go:40] Failed to load config from \"c:\\\\Users\\\\ermi0\\\\flutter projects\\\\apps\\\\dataconnect\": could not find dataconnect.yaml in `c:\\Users\\ermi0\\flutter projects\\apps\\dataconnect`\n"}}
[debug] [2026-04-22T12:49:36.309Z] E0422 15:49:36.310173   23080 watch.go:40] Failed to load config from "c:\\Users\\ermi0\\flutter projects\\apps\\dataconnect": could not find dataconnect.yaml in `c:\Users\ermi0\flutter projects\apps\dataconnect`
 {"metadata":{"emulator":{"name":"dataconnect"},"message":"E0422 15:49:36.310173   23080 watch.go:40] Failed to load config from \"c:\\\\Users\\\\ermi0\\\\flutter projects\\\\apps\\\\dataconnect\": could not find dataconnect.yaml in `c:\\Users\\ermi0\\flutter projects\\apps\\dataconnect`\n"}}
[debug] [2026-04-22T12:49:46.310Z] E0422 15:49:46.310443   23080 watch.go:40] Failed to load config from "c:\\Users\\ermi0\\flutter projects\\apps\\dataconnect": could not find dataconnect.yaml in `c:\Users\ermi0\flutter projects\apps\dataconnect`
 {"metadata":{"emulator":{"name":"dataconnect"},"message":"E0422 15:49:46.310443   23080 watch.go:40] Failed to load config from \"c:\\\\Users\\\\ermi0\\\\flutter projects\\\\apps\\\\dataconnect\": could not find dataconnect.yaml in `c:\\Users\\ermi0\\flutter projects\\apps\\dataconnect`\n"}}
[debug] [2026-04-22T12:49:56.310Z] E0422 15:49:56.310315   23080 watch.go:40] Failed to load config from "c:\\Users\\ermi0\\flutter projects\\apps\\dataconnect": could not find dataconnect.yaml in `c:\Users\ermi0\flutter projects\apps\dataconnect`
 {"metadata":{"emulator":{"name":"dataconnect"},"message":"E0422 15:49:56.310315   23080 watch.go:40] Failed to load config from \"c:\\\\Users\\\\ermi0\\\\flutter projects\\\\apps\\\\dataconnect\": could not find dataconnect.yaml in `c:\\Users\\ermi0\\flutter projects\\apps\\dataconnect`\n"}}
[debug] [2026-04-22T12:50:06.310Z] E0422 15:50:06.310490   23080 watch.go:40] Failed to load config from "c:\\Users\\ermi0\\flutter projects\\apps\\dataconnect": could not find dataconnect.yaml in `c:\Users\ermi0\flutter projects\apps\dataconnect`
 {"metadata":{"emulator":{"name":"dataconnect"},"message":"E0422 15:50:06.310490   23080 watch.go:40] Failed to load config from \"c:\\\\Users\\\\ermi0\\\\flutter projects\\\\apps\\\\dataconnect\": could not find dataconnect.yaml in `c:\\Users\\ermi0\\flutter projects\\apps\\dataconnect`\n"}}
[debug] [2026-04-22T12:50:16.310Z] E0422 15:50:16.310447   23080 watch.go:40] Failed to load config from "c:\\Users\\ermi0\\flutter projects\\apps\\dataconnect": could not find dataconnect.yaml in `c:\Users\ermi0\flutter projects\apps\dataconnect`
 {"metadata":{"emulator":{"name":"dataconnect"},"message":"E0422 15:50:16.310447   23080 watch.go:40] Failed to load config from \"c:\\\\Users\\\\ermi0\\\\flutter projects\\\\apps\\\\dataconnect\": could not find dataconnect.yaml in `c:\\Users\\ermi0\\flutter projects\\apps\\dataconnect`\n"}}
[debug] [2026-04-22T12:50:26.310Z] E0422 15:50:26.310213   23080 watch.go:40] Failed to load config from "c:\\Users\\ermi0\\flutter projects\\apps\\dataconnect": could not find dataconnect.yaml in `c:\Users\ermi0\flutter projects\apps\dataconnect`
 {"metadata":{"emulator":{"name":"dataconnect"},"message":"E0422 15:50:26.310213   23080 watch.go:40] Failed to load config from \"c:\\\\Users\\\\ermi0\\\\flutter projects\\\\apps\\\\dataconnect\": could not find dataconnect.yaml in `c:\\Users\\ermi0\\flutter projects\\apps\\dataconnect`\n"}}
[debug] [2026-04-22T12:50:36.310Z] E0422 15:50:36.310296   23080 watch.go:40] Failed to load config from "c:\\Users\\ermi0\\flutter projects\\apps\\dataconnect": could not find dataconnect.yaml in `c:\Users\ermi0\flutter projects\apps\dataconnect`
 {"metadata":{"emulator":{"name":"dataconnect"},"message":"E0422 15:50:36.310296   23080 watch.go:40] Failed to load config from \"c:\\\\Users\\\\ermi0\\\\flutter projects\\\\apps\\\\dataconnect\": could not find dataconnect.yaml in `c:\\Users\\ermi0\\flutter projects\\apps\\dataconnect`\n"}}
[debug] [2026-04-22T12:50:46.310Z] E0422 15:50:46.310711   23080 watch.go:40] Failed to load config from "c:\\Users\\ermi0\\flutter projects\\apps\\dataconnect": could not find dataconnect.yaml in `c:\Users\ermi0\flutter projects\apps\dataconnect`
 {"metadata":{"emulator":{"name":"dataconnect"},"message":"E0422 15:50:46.310711   23080 watch.go:40] Failed to load config from \"c:\\\\Users\\\\ermi0\\\\flutter projects\\\\apps\\\\dataconnect\": could not find dataconnect.yaml in `c:\\Users\\ermi0\\flutter projects\\apps\\dataconnect`\n"}}
[debug] [2026-04-22T12:50:56.310Z] E0422 15:50:56.310334   23080 watch.go:40] Failed to load config from "c:\\Users\\ermi0\\flutter projects\\apps\\dataconnect": could not find dataconnect.yaml in `c:\Users\ermi0\flutter projects\apps\dataconnect`
 {"metadata":{"emulator":{"name":"dataconnect"},"message":"E0422 15:50:56.310334   23080 watch.go:40] Failed to load config from \"c:\\\\Users\\\\ermi0\\\\flutter projects\\\\apps\\\\dataconnect\": could not find dataconnect.yaml in `c:\\Users\\ermi0\\flutter projects\\apps\\dataconnect`\n"}}
[debug] [2026-04-22T12:51:06.310Z] E0422 15:51:06.310662   23080 watch.go:40] Failed to load config from "c:\\Users\\ermi0\\flutter projects\\apps\\dataconnect": could not find dataconnect.yaml in `c:\Users\ermi0\flutter projects\apps\dataconnect`
 {"metadata":{"emulator":{"name":"dataconnect"},"message":"E0422 15:51:06.310662   23080 watch.go:40] Failed to load config from \"c:\\\\Users\\\\ermi0\\\\flutter projects\\\\apps\\\\dataconnect\": could not find dataconnect.yaml in `c:\\Users\\ermi0\\flutter projects\\apps\\dataconnect`\n"}}
[debug] [2026-04-22T12:51:16.310Z] E0422 15:51:16.310334   23080 watch.go:40] Failed to load config from "c:\\Users\\ermi0\\flutter projects\\apps\\dataconnect": could not find dataconnect.yaml in `c:\Users\ermi0\flutter projects\apps\dataconnect`
 {"metadata":{"emulator":{"name":"dataconnect"},"message":"E0422 15:51:16.310334   23080 watch.go:40] Failed to load config from \"c:\\\\Users\\\\ermi0\\\\flutter projects\\\\apps\\\\dataconnect\": could not find dataconnect.yaml in `c:\\Users\\ermi0\\flutter projects\\apps\\dataconnect`\n"}}
[debug] [2026-04-22T12:51:26.310Z] E0422 15:51:26.310542   23080 watch.go:40] Failed to load config from "c:\\Users\\ermi0\\flutter projects\\apps\\dataconnect": could not find dataconnect.yaml in `c:\Users\ermi0\flutter projects\apps\dataconnect`
 {"metadata":{"emulator":{"name":"dataconnect"},"message":"E0422 15:51:26.310542   23080 watch.go:40] Failed to load config from \"c:\\\\Users\\\\ermi0\\\\flutter projects\\\\apps\\\\dataconnect\": could not find dataconnect.yaml in `c:\\Users\\ermi0\\flutter projects\\apps\\dataconnect`\n"}}
[debug] [2026-04-22T12:51:36.310Z] E0422 15:51:36.310323   23080 watch.go:40] Failed to load config from "c:\\Users\\ermi0\\flutter projects\\apps\\dataconnect": could not find dataconnect.yaml in `c:\Users\ermi0\flutter projects\apps\dataconnect`
 {"metadata":{"emulator":{"name":"dataconnect"},"message":"E0422 15:51:36.310323   23080 watch.go:40] Failed to load config from \"c:\\\\Users\\\\ermi0\\\\flutter projects\\\\apps\\\\dataconnect\": could not find dataconnect.yaml in `c:\\Users\\ermi0\\flutter projects\\apps\\dataconnect`\n"}}
[debug] [2026-04-22T12:51:46.310Z] E0422 15:51:46.310354   23080 watch.go:40] Failed to load config from "c:\\Users\\ermi0\\flutter projects\\apps\\dataconnect": could not find dataconnect.yaml in `c:\Users\ermi0\flutter projects\apps\dataconnect`
 {"metadata":{"emulator":{"name":"dataconnect"},"message":"E0422 15:51:46.310354   23080 watch.go:40] Failed to load config from \"c:\\\\Users\\\\ermi0\\\\flutter projects\\\\apps\\\\dataconnect\": could not find dataconnect.yaml in `c:\\Users\\ermi0\\flutter projects\\apps\\dataconnect`\n"}}
[debug] [2026-04-22T12:51:56.310Z] E0422 15:51:56.310688   23080 watch.go:40] Failed to load config from "c:\\Users\\ermi0\\flutter projects\\apps\\dataconnect": could not find dataconnect.yaml in `c:\Users\ermi0\flutter projects\apps\dataconnect`
 {"metadata":{"emulator":{"name":"dataconnect"},"message":"E0422 15:51:56.310688   23080 watch.go:40] Failed to load config from \"c:\\\\Users\\\\ermi0\\\\flutter projects\\\\apps\\\\dataconnect\": could not find dataconnect.yaml in `c:\\Users\\ermi0\\flutter projects\\apps\\dataconnect`\n"}}
[debug] [2026-04-22T12:52:06.310Z] E0422 15:52:06.310231   23080 watch.go:40] Failed to load config from "c:\\Users\\ermi0\\flutter projects\\apps\\dataconnect": could not find dataconnect.yaml in `c:\Users\ermi0\flutter projects\apps\dataconnect`
 {"metadata":{"emulator":{"name":"dataconnect"},"message":"E0422 15:52:06.310231   23080 watch.go:40] Failed to load config from \"c:\\\\Users\\\\ermi0\\\\flutter projects\\\\apps\\\\dataconnect\": could not find dataconnect.yaml in `c:\\Users\\ermi0\\flutter projects\\apps\\dataconnect`\n"}}
[debug] [2026-04-22T12:52:16.310Z] E0422 15:52:16.310451   23080 watch.go:40] Failed to load config from "c:\\Users\\ermi0\\flutter projects\\apps\\dataconnect": could not find dataconnect.yaml in `c:\Users\ermi0\flutter projects\apps\dataconnect`
 {"metadata":{"emulator":{"name":"dataconnect"},"message":"E0422 15:52:16.310451   23080 watch.go:40] Failed to load config from \"c:\\\\Users\\\\ermi0\\\\flutter projects\\\\apps\\\\dataconnect\": could not find dataconnect.yaml in `c:\\Users\\ermi0\\flutter projects\\apps\\dataconnect`\n"}}
[debug] [2026-04-22T12:52:26.310Z] E0422 15:52:26.310558   23080 watch.go:40] Failed to load config from "c:\\Users\\ermi0\\flutter projects\\apps\\dataconnect": could not find dataconnect.yaml in `c:\Users\ermi0\flutter projects\apps\dataconnect`
 {"metadata":{"emulator":{"name":"dataconnect"},"message":"E0422 15:52:26.310558   23080 watch.go:40] Failed to load config from \"c:\\\\Users\\\\ermi0\\\\flutter projects\\\\apps\\\\dataconnect\": could not find dataconnect.yaml in `c:\\Users\\ermi0\\flutter projects\\apps\\dataconnect`\n"}}
[debug] [2026-04-22T12:52:36.310Z] E0422 15:52:36.310369   23080 watch.go:40] Failed to load config from "c:\\Users\\ermi0\\flutter projects\\apps\\dataconnect": could not find dataconnect.yaml in `c:\Users\ermi0\flutter projects\apps\dataconnect`
 {"metadata":{"emulator":{"name":"dataconnect"},"message":"E0422 15:52:36.310369   23080 watch.go:40] Failed to load config from \"c:\\\\Users\\\\ermi0\\\\flutter projects\\\\apps\\\\dataconnect\": could not find dataconnect.yaml in `c:\\Users\\ermi0\\flutter projects\\apps\\dataconnect`\n"}}
[debug] [2026-04-22T12:52:46.310Z] E0422 15:52:46.310248   23080 watch.go:40] Failed to load config from "c:\\Users\\ermi0\\flutter projects\\apps\\dataconnect": could not find dataconnect.yaml in `c:\Users\ermi0\flutter projects\apps\dataconnect`
 {"metadata":{"emulator":{"name":"dataconnect"},"message":"E0422 15:52:46.310248   23080 watch.go:40] Failed to load config from \"c:\\\\Users\\\\ermi0\\\\flutter projects\\\\apps\\\\dataconnect\": could not find dataconnect.yaml in `c:\\Users\\ermi0\\flutter projects\\apps\\dataconnect`\n"}}
[debug] [2026-04-22T12:52:56.310Z] E0422 15:52:56.310571   23080 watch.go:40] Failed to load config from "c:\\Users\\ermi0\\flutter projects\\apps\\dataconnect": could not find dataconnect.yaml in `c:\Users\ermi0\flutter projects\apps\dataconnect`
 {"metadata":{"emulator":{"name":"dataconnect"},"message":"E0422 15:52:56.310571   23080 watch.go:40] Failed to load config from \"c:\\\\Users\\\\ermi0\\\\flutter projects\\\\apps\\\\dataconnect\": could not find dataconnect.yaml in `c:\\Users\\ermi0\\flutter projects\\apps\\dataconnect`\n"}}
[debug] [2026-04-22T12:53:06.310Z] E0422 15:53:06.310158   23080 watch.go:40] Failed to load config from "c:\\Users\\ermi0\\flutter projects\\apps\\dataconnect": could not find dataconnect.yaml in `c:\Users\ermi0\flutter projects\apps\dataconnect`
 {"metadata":{"emulator":{"name":"dataconnect"},"message":"E0422 15:53:06.310158   23080 watch.go:40] Failed to load config from \"c:\\\\Users\\\\ermi0\\\\flutter projects\\\\apps\\\\dataconnect\": could not find dataconnect.yaml in `c:\\Users\\ermi0\\flutter projects\\apps\\dataconnect`\n"}}
[debug] [2026-04-22T12:53:16.310Z] E0422 15:53:16.310733   23080 watch.go:40] Failed to load config from "c:\\Users\\ermi0\\flutter projects\\apps\\dataconnect": could not find dataconnect.yaml in `c:\Users\ermi0\flutter projects\apps\dataconnect`
 {"metadata":{"emulator":{"name":"dataconnect"},"message":"E0422 15:53:16.310733   23080 watch.go:40] Failed to load config from \"c:\\\\Users\\\\ermi0\\\\flutter projects\\\\apps\\\\dataconnect\": could not find dataconnect.yaml in `c:\\Users\\ermi0\\flutter projects\\apps\\dataconnect`\n"}}
[debug] [2026-04-22T12:53:26.310Z] E0422 15:53:26.310402   23080 watch.go:40] Failed to load config from "c:\\Users\\ermi0\\flutter projects\\apps\\dataconnect": could not find dataconnect.yaml in `c:\Users\ermi0\flutter projects\apps\dataconnect`
 {"metadata":{"emulator":{"name":"dataconnect"},"message":"E0422 15:53:26.310402   23080 watch.go:40] Failed to load config from \"c:\\\\Users\\\\ermi0\\\\flutter projects\\\\apps\\\\dataconnect\": could not find dataconnect.yaml in `c:\\Users\\ermi0\\flutter projects\\apps\\dataconnect`\n"}}
[debug] [2026-04-22T12:53:36.310Z] E0422 15:53:36.310414   23080 watch.go:40] Failed to load config from "c:\\Users\\ermi0\\flutter projects\\apps\\dataconnect": could not find dataconnect.yaml in `c:\Users\ermi0\flutter projects\apps\dataconnect`
 {"metadata":{"emulator":{"name":"dataconnect"},"message":"E0422 15:53:36.310414   23080 watch.go:40] Failed to load config from \"c:\\\\Users\\\\ermi0\\\\flutter projects\\\\apps\\\\dataconnect\": could not find dataconnect.yaml in `c:\\Users\\ermi0\\flutter projects\\apps\\dataconnect`\n"}}
[debug] [2026-04-22T12:53:46.310Z] E0422 15:53:46.310078   23080 watch.go:40] Failed to load config from "c:\\Users\\ermi0\\flutter projects\\apps\\dataconnect": could not find dataconnect.yaml in `c:\Users\ermi0\flutter projects\apps\dataconnect`
 {"metadata":{"emulator":{"name":"dataconnect"},"message":"E0422 15:53:46.310078   23080 watch.go:40] Failed to load config from \"c:\\\\Users\\\\ermi0\\\\flutter projects\\\\apps\\\\dataconnect\": could not find dataconnect.yaml in `c:\\Users\\ermi0\\flutter projects\\apps\\dataconnect`\n"}}
[debug] [2026-04-22T12:53:56.310Z] E0422 15:53:56.310409   23080 watch.go:40] Failed to load config from "c:\\Users\\ermi0\\flutter projects\\apps\\dataconnect": could not find dataconnect.yaml in `c:\Users\ermi0\flutter projects\apps\dataconnect`
 {"metadata":{"emulator":{"name":"dataconnect"},"message":"E0422 15:53:56.310409   23080 watch.go:40] Failed to load config from \"c:\\\\Users\\\\ermi0\\\\flutter projects\\\\apps\\\\dataconnect\": could not find dataconnect.yaml in `c:\\Users\\ermi0\\flutter projects\\apps\\dataconnect`\n"}}
[debug] [2026-04-22T12:54:06.310Z] E0422 15:54:06.310540   23080 watch.go:40] Failed to load config from "c:\\Users\\ermi0\\flutter projects\\apps\\dataconnect": could not find dataconnect.yaml in `c:\Users\ermi0\flutter projects\apps\dataconnect`
 {"metadata":{"emulator":{"name":"dataconnect"},"message":"E0422 15:54:06.310540   23080 watch.go:40] Failed to load config from \"c:\\\\Users\\\\ermi0\\\\flutter projects\\\\apps\\\\dataconnect\": could not find dataconnect.yaml in `c:\\Users\\ermi0\\flutter projects\\apps\\dataconnect`\n"}}
[debug] [2026-04-22T12:54:16.310Z] E0422 15:54:16.310275   23080 watch.go:40] Failed to load config from "c:\\Users\\ermi0\\flutter projects\\apps\\dataconnect": could not find dataconnect.yaml in `c:\Users\ermi0\flutter projects\apps\dataconnect`
 {"metadata":{"emulator":{"name":"dataconnect"},"message":"E0422 15:54:16.310275   23080 watch.go:40] Failed to load config from \"c:\\\\Users\\\\ermi0\\\\flutter projects\\\\apps\\\\dataconnect\": could not find dataconnect.yaml in `c:\\Users\\ermi0\\flutter projects\\apps\\dataconnect`\n"}}
[debug] [2026-04-22T12:54:26.310Z] E0422 15:54:26.310166   23080 watch.go:40] Failed to load config from "c:\\Users\\ermi0\\flutter projects\\apps\\dataconnect": could not find dataconnect.yaml in `c:\Users\ermi0\flutter projects\apps\dataconnect`
 {"metadata":{"emulator":{"name":"dataconnect"},"message":"E0422 15:54:26.310166   23080 watch.go:40] Failed to load config from \"c:\\\\Users\\\\ermi0\\\\flutter projects\\\\apps\\\\dataconnect\": could not find dataconnect.yaml in `c:\\Users\\ermi0\\flutter projects\\apps\\dataconnect`\n"}}
[debug] [2026-04-22T12:54:36.310Z] E0422 15:54:36.310584   23080 watch.go:40] Failed to load config from "c:\\Users\\ermi0\\flutter projects\\apps\\dataconnect": could not find dataconnect.yaml in `c:\Users\ermi0\flutter projects\apps\dataconnect`
 {"metadata":{"emulator":{"name":"dataconnect"},"message":"E0422 15:54:36.310584   23080 watch.go:40] Failed to load config from \"c:\\\\Users\\\\ermi0\\\\flutter projects\\\\apps\\\\dataconnect\": could not find dataconnect.yaml in `c:\\Users\\ermi0\\flutter projects\\apps\\dataconnect`\n"}}
[debug] [2026-04-22T12:54:46.310Z] E0422 15:54:46.310637   23080 watch.go:40] Failed to load config from "c:\\Users\\ermi0\\flutter projects\\apps\\dataconnect": could not find dataconnect.yaml in `c:\Users\ermi0\flutter projects\apps\dataconnect`
 {"metadata":{"emulator":{"name":"dataconnect"},"message":"E0422 15:54:46.310637   23080 watch.go:40] Failed to load config from \"c:\\\\Users\\\\ermi0\\\\flutter projects\\\\apps\\\\dataconnect\": could not find dataconnect.yaml in `c:\\Users\\ermi0\\flutter projects\\apps\\dataconnect`\n"}}
[debug] [2026-04-22T12:54:56.310Z] E0422 15:54:56.310332   23080 watch.go:40] Failed to load config from "c:\\Users\\ermi0\\flutter projects\\apps\\dataconnect": could not find dataconnect.yaml in `c:\Users\ermi0\flutter projects\apps\dataconnect`
 {"metadata":{"emulator":{"name":"dataconnect"},"message":"E0422 15:54:56.310332   23080 watch.go:40] Failed to load config from \"c:\\\\Users\\\\ermi0\\\\flutter projects\\\\apps\\\\dataconnect\": could not find dataconnect.yaml in `c:\\Users\\ermi0\\flutter projects\\apps\\dataconnect`\n"}}
[debug] [2026-04-22T12:55:06.310Z] E0422 15:55:06.310473   23080 watch.go:40] Failed to load config from "c:\\Users\\ermi0\\flutter projects\\apps\\dataconnect": could not find dataconnect.yaml in `c:\Users\ermi0\flutter projects\apps\dataconnect`
 {"metadata":{"emulator":{"name":"dataconnect"},"message":"E0422 15:55:06.310473   23080 watch.go:40] Failed to load config from \"c:\\\\Users\\\\ermi0\\\\flutter projects\\\\apps\\\\dataconnect\": could not find dataconnect.yaml in `c:\\Users\\ermi0\\flutter projects\\apps\\dataconnect`\n"}}
[debug] [2026-04-22T12:55:16.310Z] E0422 15:55:16.310135   23080 watch.go:40] Failed to load config from "c:\\Users\\ermi0\\flutter projects\\apps\\dataconnect": could not find dataconnect.yaml in `c:\Users\ermi0\flutter projects\apps\dataconnect`
 {"metadata":{"emulator":{"name":"dataconnect"},"message":"E0422 15:55:16.310135   23080 watch.go:40] Failed to load config from \"c:\\\\Users\\\\ermi0\\\\flutter projects\\\\apps\\\\dataconnect\": could not find dataconnect.yaml in `c:\\Users\\ermi0\\flutter projects\\apps\\dataconnect`\n"}}
[debug] [2026-04-22T12:55:26.310Z] E0422 15:55:26.310347   23080 watch.go:40] Failed to load config from "c:\\Users\\ermi0\\flutter projects\\apps\\dataconnect": could not find dataconnect.yaml in `c:\Users\ermi0\flutter projects\apps\dataconnect`
 {"metadata":{"emulator":{"name":"dataconnect"},"message":"E0422 15:55:26.310347   23080 watch.go:40] Failed to load config from \"c:\\\\Users\\\\ermi0\\\\flutter projects\\\\apps\\\\dataconnect\": could not find dataconnect.yaml in `c:\\Users\\ermi0\\flutter projects\\apps\\dataconnect`\n"}}
[debug] [2026-04-22T12:55:36.310Z] E0422 15:55:36.310447   23080 watch.go:40] Failed to load config from "c:\\Users\\ermi0\\flutter projects\\apps\\dataconnect": could not find dataconnect.yaml in `c:\Users\ermi0\flutter projects\apps\dataconnect`
 {"metadata":{"emulator":{"name":"dataconnect"},"message":"E0422 15:55:36.310447   23080 watch.go:40] Failed to load config from \"c:\\\\Users\\\\ermi0\\\\flutter projects\\\\apps\\\\dataconnect\": could not find dataconnect.yaml in `c:\\Users\\ermi0\\flutter projects\\apps\\dataconnect`\n"}}
[debug] [2026-04-22T12:55:46.310Z] E0422 15:55:46.310450   23080 watch.go:40] Failed to load config from "c:\\Users\\ermi0\\flutter projects\\apps\\dataconnect": could not find dataconnect.yaml in `c:\Users\ermi0\flutter projects\apps\dataconnect`
 {"metadata":{"emulator":{"name":"dataconnect"},"message":"E0422 15:55:46.310450   23080 watch.go:40] Failed to load config from \"c:\\\\Users\\\\ermi0\\\\flutter projects\\\\apps\\\\dataconnect\": could not find dataconnect.yaml in `c:\\Users\\ermi0\\flutter projects\\apps\\dataconnect`\n"}}
[debug] [2026-04-22T12:55:56.312Z] E0422 15:55:56.310619   23080 watch.go:40] Failed to load config from "c:\\Users\\ermi0\\flutter projects\\apps\\dataconnect": could not find dataconnect.yaml in `c:\Users\ermi0\flutter projects\apps\dataconnect`
 {"metadata":{"emulator":{"name":"dataconnect"},"message":"E0422 15:55:56.310619   23080 watch.go:40] Failed to load config from \"c:\\\\Users\\\\ermi0\\\\flutter projects\\\\apps\\\\dataconnect\": could not find dataconnect.yaml in `c:\\Users\\ermi0\\flutter projects\\apps\\dataconnect`\n"}}
[debug] [2026-04-22T12:56:06.310Z] E0422 15:56:06.310344   23080 watch.go:40] Failed to load config from "c:\\Users\\ermi0\\flutter projects\\apps\\dataconnect": could not find dataconnect.yaml in `c:\Users\ermi0\flutter projects\apps\dataconnect`
 {"metadata":{"emulator":{"name":"dataconnect"},"message":"E0422 15:56:06.310344   23080 watch.go:40] Failed to load config from \"c:\\\\Users\\\\ermi0\\\\flutter projects\\\\apps\\\\dataconnect\": could not find dataconnect.yaml in `c:\\Users\\ermi0\\flutter projects\\apps\\dataconnect`\n"}}
[debug] [2026-04-22T12:56:16.310Z] E0422 15:56:16.310423   23080 watch.go:40] Failed to load config from "c:\\Users\\ermi0\\flutter projects\\apps\\dataconnect": could not find dataconnect.yaml in `c:\Users\ermi0\flutter projects\apps\dataconnect`
 {"metadata":{"emulator":{"name":"dataconnect"},"message":"E0422 15:56:16.310423   23080 watch.go:40] Failed to load config from \"c:\\\\Users\\\\ermi0\\\\flutter projects\\\\apps\\\\dataconnect\": could not find dataconnect.yaml in `c:\\Users\\ermi0\\flutter projects\\apps\\dataconnect`\n"}}
[debug] [2026-04-22T12:56:26.310Z] E0422 15:56:26.310303   23080 watch.go:40] Failed to load config from "c:\\Users\\ermi0\\flutter projects\\apps\\dataconnect": could not find dataconnect.yaml in `c:\Users\ermi0\flutter projects\apps\dataconnect`
 {"metadata":{"emulator":{"name":"dataconnect"},"message":"E0422 15:56:26.310303   23080 watch.go:40] Failed to load config from \"c:\\\\Users\\\\ermi0\\\\flutter projects\\\\apps\\\\dataconnect\": could not find dataconnect.yaml in `c:\\Users\\ermi0\\flutter projects\\apps\\dataconnect`\n"}}
[debug] [2026-04-22T12:56:36.310Z] E0422 15:56:36.310240   23080 watch.go:40] Failed to load config from "c:\\Users\\ermi0\\flutter projects\\apps\\dataconnect": could not find dataconnect.yaml in `c:\Users\ermi0\flutter projects\apps\dataconnect`
 {"metadata":{"emulator":{"name":"dataconnect"},"message":"E0422 15:56:36.310240   23080 watch.go:40] Failed to load config from \"c:\\\\Users\\\\ermi0\\\\flutter projects\\\\apps\\\\dataconnect\": could not find dataconnect.yaml in `c:\\Users\\ermi0\\flutter projects\\apps\\dataconnect`\n"}}
[debug] [2026-04-22T12:56:46.310Z] E0422 15:56:46.310297   23080 watch.go:40] Failed to load config from "c:\\Users\\ermi0\\flutter projects\\apps\\dataconnect": could not find dataconnect.yaml in `c:\Users\ermi0\flutter projects\apps\dataconnect`
 {"metadata":{"emulator":{"name":"dataconnect"},"message":"E0422 15:56:46.310297   23080 watch.go:40] Failed to load config from \"c:\\\\Users\\\\ermi0\\\\flutter projects\\\\apps\\\\dataconnect\": could not find dataconnect.yaml in `c:\\Users\\ermi0\\flutter projects\\apps\\dataconnect`\n"}}
[debug] [2026-04-22T12:56:56.310Z] E0422 15:56:56.310356   23080 watch.go:40] Failed to load config from "c:\\Users\\ermi0\\flutter projects\\apps\\dataconnect": could not find dataconnect.yaml in `c:\Users\ermi0\flutter projects\apps\dataconnect`
 {"metadata":{"emulator":{"name":"dataconnect"},"message":"E0422 15:56:56.310356   23080 watch.go:40] Failed to load config from \"c:\\\\Users\\\\ermi0\\\\flutter projects\\\\apps\\\\dataconnect\": could not find dataconnect.yaml in `c:\\Users\\ermi0\\flutter projects\\apps\\dataconnect`\n"}}
[debug] [2026-04-22T12:57:06.310Z] E0422 15:57:06.310286   23080 watch.go:40] Failed to load config from "c:\\Users\\ermi0\\flutter projects\\apps\\dataconnect": could not find dataconnect.yaml in `c:\Users\ermi0\flutter projects\apps\dataconnect`
 {"metadata":{"emulator":{"name":"dataconnect"},"message":"E0422 15:57:06.310286   23080 watch.go:40] Failed to load config from \"c:\\\\Users\\\\ermi0\\\\flutter projects\\\\apps\\\\dataconnect\": could not find dataconnect.yaml in `c:\\Users\\ermi0\\flutter projects\\apps\\dataconnect`\n"}}
[debug] [2026-04-22T12:57:16.310Z] E0422 15:57:16.310387   23080 watch.go:40] Failed to load config from "c:\\Users\\ermi0\\flutter projects\\apps\\dataconnect": could not find dataconnect.yaml in `c:\Users\ermi0\flutter projects\apps\dataconnect`
 {"metadata":{"emulator":{"name":"dataconnect"},"message":"E0422 15:57:16.310387   23080 watch.go:40] Failed to load config from \"c:\\\\Users\\\\ermi0\\\\flutter projects\\\\apps\\\\dataconnect\": could not find dataconnect.yaml in `c:\\Users\\ermi0\\flutter projects\\apps\\dataconnect`\n"}}
[debug] [2026-04-22T12:57:26.310Z] E0422 15:57:26.310182   23080 watch.go:40] Failed to load config from "c:\\Users\\ermi0\\flutter projects\\apps\\dataconnect": could not find dataconnect.yaml in `c:\Users\ermi0\flutter projects\apps\dataconnect`
 {"metadata":{"emulator":{"name":"dataconnect"},"message":"E0422 15:57:26.310182   23080 watch.go:40] Failed to load config from \"c:\\\\Users\\\\ermi0\\\\flutter projects\\\\apps\\\\dataconnect\": could not find dataconnect.yaml in `c:\\Users\\ermi0\\flutter projects\\apps\\dataconnect`\n"}}
[debug] [2026-04-22T12:57:36.310Z] E0422 15:57:36.310557   23080 watch.go:40] Failed to load config from "c:\\Users\\ermi0\\flutter projects\\apps\\dataconnect": could not find dataconnect.yaml in `c:\Users\ermi0\flutter projects\apps\dataconnect`
 {"metadata":{"emulator":{"name":"dataconnect"},"message":"E0422 15:57:36.310557   23080 watch.go:40] Failed to load config from \"c:\\\\Users\\\\ermi0\\\\flutter projects\\\\apps\\\\dataconnect\": could not find dataconnect.yaml in `c:\\Users\\ermi0\\flutter projects\\apps\\dataconnect`\n"}}
[debug] [2026-04-22T12:57:46.310Z] E0422 15:57:46.310520   23080 watch.go:40] Failed to load config from "c:\\Users\\ermi0\\flutter projects\\apps\\dataconnect": could not find dataconnect.yaml in `c:\Users\ermi0\flutter projects\apps\dataconnect`
 {"metadata":{"emulator":{"name":"dataconnect"},"message":"E0422 15:57:46.310520   23080 watch.go:40] Failed to load config from \"c:\\\\Users\\\\ermi0\\\\flutter projects\\\\apps\\\\dataconnect\": could not find dataconnect.yaml in `c:\\Users\\ermi0\\flutter projects\\apps\\dataconnect`\n"}}
[debug] [2026-04-22T12:57:56.310Z] E0422 15:57:56.310389   23080 watch.go:40] Failed to load config from "c:\\Users\\ermi0\\flutter projects\\apps\\dataconnect": could not find dataconnect.yaml in `c:\Users\ermi0\flutter projects\apps\dataconnect`
 {"metadata":{"emulator":{"name":"dataconnect"},"message":"E0422 15:57:56.310389   23080 watch.go:40] Failed to load config from \"c:\\\\Users\\\\ermi0\\\\flutter projects\\\\apps\\\\dataconnect\": could not find dataconnect.yaml in `c:\\Users\\ermi0\\flutter projects\\apps\\dataconnect`\n"}}
[debug] [2026-04-22T12:58:06.310Z] E0422 15:58:06.310145   23080 watch.go:40] Failed to load config from "c:\\Users\\ermi0\\flutter projects\\apps\\dataconnect": could not find dataconnect.yaml in `c:\Users\ermi0\flutter projects\apps\dataconnect`
 {"metadata":{"emulator":{"name":"dataconnect"},"message":"E0422 15:58:06.310145   23080 watch.go:40] Failed to load config from \"c:\\\\Users\\\\ermi0\\\\flutter projects\\\\apps\\\\dataconnect\": could not find dataconnect.yaml in `c:\\Users\\ermi0\\flutter projects\\apps\\dataconnect`\n"}}
[debug] [2026-04-22T12:58:16.310Z] E0422 15:58:16.310296   23080 watch.go:40] Failed to load config from "c:\\Users\\ermi0\\flutter projects\\apps\\dataconnect": could not find dataconnect.yaml in `c:\Users\ermi0\flutter projects\apps\dataconnect`
 {"metadata":{"emulator":{"name":"dataconnect"},"message":"E0422 15:58:16.310296   23080 watch.go:40] Failed to load config from \"c:\\\\Users\\\\ermi0\\\\flutter projects\\\\apps\\\\dataconnect\": could not find dataconnect.yaml in `c:\\Users\\ermi0\\flutter projects\\apps\\dataconnect`\n"}}
[debug] [2026-04-22T12:58:26.310Z] E0422 15:58:26.310491   23080 watch.go:40] Failed to load config from "c:\\Users\\ermi0\\flutter projects\\apps\\dataconnect": could not find dataconnect.yaml in `c:\Users\ermi0\flutter projects\apps\dataconnect`
 {"metadata":{"emulator":{"name":"dataconnect"},"message":"E0422 15:58:26.310491   23080 watch.go:40] Failed to load config from \"c:\\\\Users\\\\ermi0\\\\flutter projects\\\\apps\\\\dataconnect\": could not find dataconnect.yaml in `c:\\Users\\ermi0\\flutter projects\\apps\\dataconnect`\n"}}
[debug] [2026-04-22T12:58:36.310Z] E0422 15:58:36.310207   23080 watch.go:40] Failed to load config from "c:\\Users\\ermi0\\flutter projects\\apps\\dataconnect": could not find dataconnect.yaml in `c:\Users\ermi0\flutter projects\apps\dataconnect`
 {"metadata":{"emulator":{"name":"dataconnect"},"message":"E0422 15:58:36.310207   23080 watch.go:40] Failed to load config from \"c:\\\\Users\\\\ermi0\\\\flutter projects\\\\apps\\\\dataconnect\": could not find dataconnect.yaml in `c:\\Users\\ermi0\\flutter projects\\apps\\dataconnect`\n"}}
[debug] [2026-04-22T12:58:46.310Z] E0422 15:58:46.310530   23080 watch.go:40] Failed to load config from "c:\\Users\\ermi0\\flutter projects\\apps\\dataconnect": could not find dataconnect.yaml in `c:\Users\ermi0\flutter projects\apps\dataconnect`
 {"metadata":{"emulator":{"name":"dataconnect"},"message":"E0422 15:58:46.310530   23080 watch.go:40] Failed to load config from \"c:\\\\Users\\\\ermi0\\\\flutter projects\\\\apps\\\\dataconnect\": could not find dataconnect.yaml in `c:\\Users\\ermi0\\flutter projects\\apps\\dataconnect`\n"}}
[debug] [2026-04-22T12:58:56.310Z] E0422 15:58:56.310366   23080 watch.go:40] Failed to load config from "c:\\Users\\ermi0\\flutter projects\\apps\\dataconnect": could not find dataconnect.yaml in `c:\Users\ermi0\flutter projects\apps\dataconnect`
 {"metadata":{"emulator":{"name":"dataconnect"},"message":"E0422 15:58:56.310366   23080 watch.go:40] Failed to load config from \"c:\\\\Users\\\\ermi0\\\\flutter projects\\\\apps\\\\dataconnect\": could not find dataconnect.yaml in `c:\\Users\\ermi0\\flutter projects\\apps\\dataconnect`\n"}}
[debug] [2026-04-22T12:59:06.311Z] E0422 15:59:06.310726   23080 watch.go:40] Failed to load config from "c:\\Users\\ermi0\\flutter projects\\apps\\dataconnect": could not find dataconnect.yaml in `c:\Users\ermi0\flutter projects\apps\dataconnect`
 {"metadata":{"emulator":{"name":"dataconnect"},"message":"E0422 15:59:06.310726   23080 watch.go:40] Failed to load config from \"c:\\\\Users\\\\ermi0\\\\flutter projects\\\\apps\\\\dataconnect\": could not find dataconnect.yaml in `c:\\Users\\ermi0\\flutter projects\\apps\\dataconnect`\n"}}
[debug] [2026-04-22T12:59:16.310Z] E0422 15:59:16.310637   23080 watch.go:40] Failed to load config from "c:\\Users\\ermi0\\flutter projects\\apps\\dataconnect": could not find dataconnect.yaml in `c:\Users\ermi0\flutter projects\apps\dataconnect`
 {"metadata":{"emulator":{"name":"dataconnect"},"message":"E0422 15:59:16.310637   23080 watch.go:40] Failed to load config from \"c:\\\\Users\\\\ermi0\\\\flutter projects\\\\apps\\\\dataconnect\": could not find dataconnect.yaml in `c:\\Users\\ermi0\\flutter projects\\apps\\dataconnect`\n"}}
[debug] [2026-04-22T12:59:26.311Z] E0422 15:59:26.310562   23080 watch.go:40] Failed to load config from "c:\\Users\\ermi0\\flutter projects\\apps\\dataconnect": could not find dataconnect.yaml in `c:\Users\ermi0\flutter projects\apps\dataconnect`
 {"metadata":{"emulator":{"name":"dataconnect"},"message":"E0422 15:59:26.310562   23080 watch.go:40] Failed to load config from \"c:\\\\Users\\\\ermi0\\\\flutter projects\\\\apps\\\\dataconnect\": could not find dataconnect.yaml in `c:\\Users\\ermi0\\flutter projects\\apps\\dataconnect`\n"}}
[debug] [2026-04-22T12:59:36.310Z] E0422 15:59:36.310148   23080 watch.go:40] Failed to load config from "c:\\Users\\ermi0\\flutter projects\\apps\\dataconnect": could not find dataconnect.yaml in `c:\Users\ermi0\flutter projects\apps\dataconnect`
 {"metadata":{"emulator":{"name":"dataconnect"},"message":"E0422 15:59:36.310148   23080 watch.go:40] Failed to load config from \"c:\\\\Users\\\\ermi0\\\\flutter projects\\\\apps\\\\dataconnect\": could not find dataconnect.yaml in `c:\\Users\\ermi0\\flutter projects\\apps\\dataconnect`\n"}}
[debug] [2026-04-22T12:59:46.311Z] E0422 15:59:46.310476   23080 watch.go:40] Failed to load config from "c:\\Users\\ermi0\\flutter projects\\apps\\dataconnect": could not find dataconnect.yaml in `c:\Users\ermi0\flutter projects\apps\dataconnect`
 {"metadata":{"emulator":{"name":"dataconnect"},"message":"E0422 15:59:46.310476   23080 watch.go:40] Failed to load config from \"c:\\\\Users\\\\ermi0\\\\flutter projects\\\\apps\\\\dataconnect\": could not find dataconnect.yaml in `c:\\Users\\ermi0\\flutter projects\\apps\\dataconnect`\n"}}
[debug] [2026-04-22T12:59:56.310Z] E0422 15:59:56.310424   23080 watch.go:40] Failed to load config from "c:\\Users\\ermi0\\flutter projects\\apps\\dataconnect": could not find dataconnect.yaml in `c:\Users\ermi0\flutter projects\apps\dataconnect`
 {"metadata":{"emulator":{"name":"dataconnect"},"message":"E0422 15:59:56.310424   23080 watch.go:40] Failed to load config from \"c:\\\\Users\\\\ermi0\\\\flutter projects\\\\apps\\\\dataconnect\": could not find dataconnect.yaml in `c:\\Users\\ermi0\\flutter projects\\apps\\dataconnect`\n"}}
[debug] [2026-04-22T13:00:06.312Z] E0422 16:00:06.310946   23080 watch.go:40] Failed to load config from "c:\\Users\\ermi0\\flutter projects\\apps\\dataconnect": could not find dataconnect.yaml in `c:\Users\ermi0\flutter projects\apps\dataconnect`
 {"metadata":{"emulator":{"name":"dataconnect"},"message":"E0422 16:00:06.310946   23080 watch.go:40] Failed to load config from \"c:\\\\Users\\\\ermi0\\\\flutter projects\\\\apps\\\\dataconnect\": could not find dataconnect.yaml in `c:\\Users\\ermi0\\flutter projects\\apps\\dataconnect`\n"}}
[debug] [2026-04-22T13:00:16.310Z] E0422 16:00:16.310273   23080 watch.go:40] Failed to load config from "c:\\Users\\ermi0\\flutter projects\\apps\\dataconnect": could not find dataconnect.yaml in `c:\Users\ermi0\flutter projects\apps\dataconnect`
 {"metadata":{"emulator":{"name":"dataconnect"},"message":"E0422 16:00:16.310273   23080 watch.go:40] Failed to load config from \"c:\\\\Users\\\\ermi0\\\\flutter projects\\\\apps\\\\dataconnect\": could not find dataconnect.yaml in `c:\\Users\\ermi0\\flutter projects\\apps\\dataconnect`\n"}}
[debug] [2026-04-22T13:00:26.311Z] E0422 16:00:26.310705   23080 watch.go:40] Failed to load config from "c:\\Users\\ermi0\\flutter projects\\apps\\dataconnect": could not find dataconnect.yaml in `c:\Users\ermi0\flutter projects\apps\dataconnect`
 {"metadata":{"emulator":{"name":"dataconnect"},"message":"E0422 16:00:26.310705   23080 watch.go:40] Failed to load config from \"c:\\\\Users\\\\ermi0\\\\flutter projects\\\\apps\\\\dataconnect\": could not find dataconnect.yaml in `c:\\Users\\ermi0\\flutter projects\\apps\\dataconnect`\n"}}
[debug] [2026-04-22T13:00:36.310Z] E0422 16:00:36.310503   23080 watch.go:40] Failed to load config from "c:\\Users\\ermi0\\flutter projects\\apps\\dataconnect": could not find dataconnect.yaml in `c:\Users\ermi0\flutter projects\apps\dataconnect`
 {"metadata":{"emulator":{"name":"dataconnect"},"message":"E0422 16:00:36.310503   23080 watch.go:40] Failed to load config from \"c:\\\\Users\\\\ermi0\\\\flutter projects\\\\apps\\\\dataconnect\": could not find dataconnect.yaml in `c:\\Users\\ermi0\\flutter projects\\apps\\dataconnect`\n"}}
[debug] [2026-04-22T13:00:46.310Z] E0422 16:00:46.310526   23080 watch.go:40] Failed to load config from "c:\\Users\\ermi0\\flutter projects\\apps\\dataconnect": could not find dataconnect.yaml in `c:\Users\ermi0\flutter projects\apps\dataconnect`
 {"metadata":{"emulator":{"name":"dataconnect"},"message":"E0422 16:00:46.310526   23080 watch.go:40] Failed to load config from \"c:\\\\Users\\\\ermi0\\\\flutter projects\\\\apps\\\\dataconnect\": could not find dataconnect.yaml in `c:\\Users\\ermi0\\flutter projects\\apps\\dataconnect`\n"}}
[debug] [2026-04-22T13:00:56.310Z] E0422 16:00:56.310403   23080 watch.go:40] Failed to load config from "c:\\Users\\ermi0\\flutter projects\\apps\\dataconnect": could not find dataconnect.yaml in `c:\Users\ermi0\flutter projects\apps\dataconnect`
 {"metadata":{"emulator":{"name":"dataconnect"},"message":"E0422 16:00:56.310403   23080 watch.go:40] Failed to load config from \"c:\\\\Users\\\\ermi0\\\\flutter projects\\\\apps\\\\dataconnect\": could not find dataconnect.yaml in `c:\\Users\\ermi0\\flutter projects\\apps\\dataconnect`\n"}}
[debug] [2026-04-22T13:01:06.310Z] E0422 16:01:06.310657   23080 watch.go:40] Failed to load config from "c:\\Users\\ermi0\\flutter projects\\apps\\dataconnect": could not find dataconnect.yaml in `c:\Users\ermi0\flutter projects\apps\dataconnect`
 {"metadata":{"emulator":{"name":"dataconnect"},"message":"E0422 16:01:06.310657   23080 watch.go:40] Failed to load config from \"c:\\\\Users\\\\ermi0\\\\flutter projects\\\\apps\\\\dataconnect\": could not find dataconnect.yaml in `c:\\Users\\ermi0\\flutter projects\\apps\\dataconnect`\n"}}
[debug] [2026-04-22T13:01:16.310Z] E0422 16:01:16.310468   23080 watch.go:40] Failed to load config from "c:\\Users\\ermi0\\flutter projects\\apps\\dataconnect": could not find dataconnect.yaml in `c:\Users\ermi0\flutter projects\apps\dataconnect`
 {"metadata":{"emulator":{"name":"dataconnect"},"message":"E0422 16:01:16.310468   23080 watch.go:40] Failed to load config from \"c:\\\\Users\\\\ermi0\\\\flutter projects\\\\apps\\\\dataconnect\": could not find dataconnect.yaml in `c:\\Users\\ermi0\\flutter projects\\apps\\dataconnect`\n"}}
[debug] [2026-04-22T13:01:26.310Z] E0422 16:01:26.310457   23080 watch.go:40] Failed to load config from "c:\\Users\\ermi0\\flutter projects\\apps\\dataconnect": could not find dataconnect.yaml in `c:\Users\ermi0\flutter projects\apps\dataconnect`
 {"metadata":{"emulator":{"name":"dataconnect"},"message":"E0422 16:01:26.310457   23080 watch.go:40] Failed to load config from \"c:\\\\Users\\\\ermi0\\\\flutter projects\\\\apps\\\\dataconnect\": could not find dataconnect.yaml in `c:\\Users\\ermi0\\flutter projects\\apps\\dataconnect`\n"}}
[debug] [2026-04-22T13:01:36.310Z] E0422 16:01:36.310295   23080 watch.go:40] Failed to load config from "c:\\Users\\ermi0\\flutter projects\\apps\\dataconnect": could not find dataconnect.yaml in `c:\Users\ermi0\flutter projects\apps\dataconnect`
 {"metadata":{"emulator":{"name":"dataconnect"},"message":"E0422 16:01:36.310295   23080 watch.go:40] Failed to load config from \"c:\\\\Users\\\\ermi0\\\\flutter projects\\\\apps\\\\dataconnect\": could not find dataconnect.yaml in `c:\\Users\\ermi0\\flutter projects\\apps\\dataconnect`\n"}}
[debug] [2026-04-22T13:01:46.310Z] E0422 16:01:46.310409   23080 watch.go:40] Failed to load config from "c:\\Users\\ermi0\\flutter projects\\apps\\dataconnect": could not find dataconnect.yaml in `c:\Users\ermi0\flutter projects\apps\dataconnect`
 {"metadata":{"emulator":{"name":"dataconnect"},"message":"E0422 16:01:46.310409   23080 watch.go:40] Failed to load config from \"c:\\\\Users\\\\ermi0\\\\flutter projects\\\\apps\\\\dataconnect\": could not find dataconnect.yaml in `c:\\Users\\ermi0\\flutter projects\\apps\\dataconnect`\n"}}
[debug] [2026-04-22T13:01:56.310Z] E0422 16:01:56.310306   23080 watch.go:40] Failed to load config from "c:\\Users\\ermi0\\flutter projects\\apps\\dataconnect": could not find dataconnect.yaml in `c:\Users\ermi0\flutter projects\apps\dataconnect`
 {"metadata":{"emulator":{"name":"dataconnect"},"message":"E0422 16:01:56.310306   23080 watch.go:40] Failed to load config from \"c:\\\\Users\\\\ermi0\\\\flutter projects\\\\apps\\\\dataconnect\": could not find dataconnect.yaml in `c:\\Users\\ermi0\\flutter projects\\apps\\dataconnect`\n"}}
[debug] [2026-04-22T13:02:06.310Z] E0422 16:02:06.310188   23080 watch.go:40] Failed to load config from "c:\\Users\\ermi0\\flutter projects\\apps\\dataconnect": could not find dataconnect.yaml in `c:\Users\ermi0\flutter projects\apps\dataconnect`
 {"metadata":{"emulator":{"name":"dataconnect"},"message":"E0422 16:02:06.310188   23080 watch.go:40] Failed to load config from \"c:\\\\Users\\\\ermi0\\\\flutter projects\\\\apps\\\\dataconnect\": could not find dataconnect.yaml in `c:\\Users\\ermi0\\flutter projects\\apps\\dataconnect`\n"}}
[debug] [2026-04-22T13:02:16.311Z] E0422 16:02:16.311571   23080 watch.go:40] Failed to load config from "c:\\Users\\ermi0\\flutter projects\\apps\\dataconnect": could not find dataconnect.yaml in `c:\Users\ermi0\flutter projects\apps\dataconnect`
 {"metadata":{"emulator":{"name":"dataconnect"},"message":"E0422 16:02:16.311571   23080 watch.go:40] Failed to load config from \"c:\\\\Users\\\\ermi0\\\\flutter projects\\\\apps\\\\dataconnect\": could not find dataconnect.yaml in `c:\\Users\\ermi0\\flutter projects\\apps\\dataconnect`\n"}}
[debug] [2026-04-22T13:02:26.310Z] E0422 16:02:26.310506   23080 watch.go:40] Failed to load config from "c:\\Users\\ermi0\\flutter projects\\apps\\dataconnect": could not find dataconnect.yaml in `c:\Users\ermi0\flutter projects\apps\dataconnect`
 {"metadata":{"emulator":{"name":"dataconnect"},"message":"E0422 16:02:26.310506   23080 watch.go:40] Failed to load config from \"c:\\\\Users\\\\ermi0\\\\flutter projects\\\\apps\\\\dataconnect\": could not find dataconnect.yaml in `c:\\Users\\ermi0\\flutter projects\\apps\\dataconnect`\n"}}
[debug] [2026-04-22T13:02:36.310Z] E0422 16:02:36.310415   23080 watch.go:40] Failed to load config from "c:\\Users\\ermi0\\flutter projects\\apps\\dataconnect": could not find dataconnect.yaml in `c:\Users\ermi0\flutter projects\apps\dataconnect`
 {"metadata":{"emulator":{"name":"dataconnect"},"message":"E0422 16:02:36.310415   23080 watch.go:40] Failed to load config from \"c:\\\\Users\\\\ermi0\\\\flutter projects\\\\apps\\\\dataconnect\": could not find dataconnect.yaml in `c:\\Users\\ermi0\\flutter projects\\apps\\dataconnect`\n"}}
[debug] [2026-04-22T13:02:46.310Z] E0422 16:02:46.310165   23080 watch.go:40] Failed to load config from "c:\\Users\\ermi0\\flutter projects\\apps\\dataconnect": could not find dataconnect.yaml in `c:\Users\ermi0\flutter projects\apps\dataconnect`
 {"metadata":{"emulator":{"name":"dataconnect"},"message":"E0422 16:02:46.310165   23080 watch.go:40] Failed to load config from \"c:\\\\Users\\\\ermi0\\\\flutter projects\\\\apps\\\\dataconnect\": could not find dataconnect.yaml in `c:\\Users\\ermi0\\flutter projects\\apps\\dataconnect`\n"}}
[debug] [2026-04-22T13:02:56.310Z] E0422 16:02:56.310478   23080 watch.go:40] Failed to load config from "c:\\Users\\ermi0\\flutter projects\\apps\\dataconnect": could not find dataconnect.yaml in `c:\Users\ermi0\flutter projects\apps\dataconnect`
 {"metadata":{"emulator":{"name":"dataconnect"},"message":"E0422 16:02:56.310478   23080 watch.go:40] Failed to load config from \"c:\\\\Users\\\\ermi0\\\\flutter projects\\\\apps\\\\dataconnect\": could not find dataconnect.yaml in `c:\\Users\\ermi0\\flutter projects\\apps\\dataconnect`\n"}}
[debug] [2026-04-22T13:03:06.310Z] E0422 16:03:06.310290   23080 watch.go:40] Failed to load config from "c:\\Users\\ermi0\\flutter projects\\apps\\dataconnect": could not find dataconnect.yaml in `c:\Users\ermi0\flutter projects\apps\dataconnect`
 {"metadata":{"emulator":{"name":"dataconnect"},"message":"E0422 16:03:06.310290   23080 watch.go:40] Failed to load config from \"c:\\\\Users\\\\ermi0\\\\flutter projects\\\\apps\\\\dataconnect\": could not find dataconnect.yaml in `c:\\Users\\ermi0\\flutter projects\\apps\\dataconnect`\n"}}
[debug] [2026-04-22T13:03:16.310Z] E0422 16:03:16.310084   23080 watch.go:40] Failed to load config from "c:\\Users\\ermi0\\flutter projects\\apps\\dataconnect": could not find dataconnect.yaml in `c:\Users\ermi0\flutter projects\apps\dataconnect`
 {"metadata":{"emulator":{"name":"dataconnect"},"message":"E0422 16:03:16.310084   23080 watch.go:40] Failed to load config from \"c:\\\\Users\\\\ermi0\\\\flutter projects\\\\apps\\\\dataconnect\": could not find dataconnect.yaml in `c:\\Users\\ermi0\\flutter projects\\apps\\dataconnect`\n"}}
[debug] [2026-04-22T13:03:26.310Z] E0422 16:03:26.310262   23080 watch.go:40] Failed to load config from "c:\\Users\\ermi0\\flutter projects\\apps\\dataconnect": could not find dataconnect.yaml in `c:\Users\ermi0\flutter projects\apps\dataconnect`
 {"metadata":{"emulator":{"name":"dataconnect"},"message":"E0422 16:03:26.310262   23080 watch.go:40] Failed to load config from \"c:\\\\Users\\\\ermi0\\\\flutter projects\\\\apps\\\\dataconnect\": could not find dataconnect.yaml in `c:\\Users\\ermi0\\flutter projects\\apps\\dataconnect`\n"}}
[debug] [2026-04-22T13:03:36.310Z] E0422 16:03:36.310406   23080 watch.go:40] Failed to load config from "c:\\Users\\ermi0\\flutter projects\\apps\\dataconnect": could not find dataconnect.yaml in `c:\Users\ermi0\flutter projects\apps\dataconnect`
 {"metadata":{"emulator":{"name":"dataconnect"},"message":"E0422 16:03:36.310406   23080 watch.go:40] Failed to load config from \"c:\\\\Users\\\\ermi0\\\\flutter projects\\\\apps\\\\dataconnect\": could not find dataconnect.yaml in `c:\\Users\\ermi0\\flutter projects\\apps\\dataconnect`\n"}}
[debug] [2026-04-22T13:03:46.310Z] E0422 16:03:46.310224   23080 watch.go:40] Failed to load config from "c:\\Users\\ermi0\\flutter projects\\apps\\dataconnect": could not find dataconnect.yaml in `c:\Users\ermi0\flutter projects\apps\dataconnect`
 {"metadata":{"emulator":{"name":"dataconnect"},"message":"E0422 16:03:46.310224   23080 watch.go:40] Failed to load config from \"c:\\\\Users\\\\ermi0\\\\flutter projects\\\\apps\\\\dataconnect\": could not find dataconnect.yaml in `c:\\Users\\ermi0\\flutter projects\\apps\\dataconnect`\n"}}
[debug] [2026-04-22T13:03:56.310Z] E0422 16:03:56.310418   23080 watch.go:40] Failed to load config from "c:\\Users\\ermi0\\flutter projects\\apps\\dataconnect": could not find dataconnect.yaml in `c:\Users\ermi0\flutter projects\apps\dataconnect`
 {"metadata":{"emulator":{"name":"dataconnect"},"message":"E0422 16:03:56.310418   23080 watch.go:40] Failed to load config from \"c:\\\\Users\\\\ermi0\\\\flutter projects\\\\apps\\\\dataconnect\": could not find dataconnect.yaml in `c:\\Users\\ermi0\\flutter projects\\apps\\dataconnect`\n"}}
[debug] [2026-04-22T13:04:06.310Z] E0422 16:04:06.310230   23080 watch.go:40] Failed to load config from "c:\\Users\\ermi0\\flutter projects\\apps\\dataconnect": could not find dataconnect.yaml in `c:\Users\ermi0\flutter projects\apps\dataconnect`
 {"metadata":{"emulator":{"name":"dataconnect"},"message":"E0422 16:04:06.310230   23080 watch.go:40] Failed to load config from \"c:\\\\Users\\\\ermi0\\\\flutter projects\\\\apps\\\\dataconnect\": could not find dataconnect.yaml in `c:\\Users\\ermi0\\flutter projects\\apps\\dataconnect`\n"}}
[debug] [2026-04-22T13:04:16.310Z] E0422 16:04:16.310224   23080 watch.go:40] Failed to load config from "c:\\Users\\ermi0\\flutter projects\\apps\\dataconnect": could not find dataconnect.yaml in `c:\Users\ermi0\flutter projects\apps\dataconnect`
 {"metadata":{"emulator":{"name":"dataconnect"},"message":"E0422 16:04:16.310224   23080 watch.go:40] Failed to load config from \"c:\\\\Users\\\\ermi0\\\\flutter projects\\\\apps\\\\dataconnect\": could not find dataconnect.yaml in `c:\\Users\\ermi0\\flutter projects\\apps\\dataconnect`\n"}}
[debug] [2026-04-22T13:04:26.311Z] E0422 16:04:26.311890   23080 watch.go:40] Failed to load config from "c:\\Users\\ermi0\\flutter projects\\apps\\dataconnect": could not find dataconnect.yaml in `c:\Users\ermi0\flutter projects\apps\dataconnect`
 {"metadata":{"emulator":{"name":"dataconnect"},"message":"E0422 16:04:26.311890   23080 watch.go:40] Failed to load config from \"c:\\\\Users\\\\ermi0\\\\flutter projects\\\\apps\\\\dataconnect\": could not find dataconnect.yaml in `c:\\Users\\ermi0\\flutter projects\\apps\\dataconnect`\n"}}
[debug] [2026-04-22T13:04:36.311Z] E0422 16:04:36.310310   23080 watch.go:40] Failed to load config from "c:\\Users\\ermi0\\flutter projects\\apps\\dataconnect": could not find dataconnect.yaml in `c:\Users\ermi0\flutter projects\apps\dataconnect`
 {"metadata":{"emulator":{"name":"dataconnect"},"message":"E0422 16:04:36.310310   23080 watch.go:40] Failed to load config from \"c:\\\\Users\\\\ermi0\\\\flutter projects\\\\apps\\\\dataconnect\": could not find dataconnect.yaml in `c:\\Users\\ermi0\\flutter projects\\apps\\dataconnect`\n"}}
[debug] [2026-04-22T13:04:46.310Z] E0422 16:04:46.310198   23080 watch.go:40] Failed to load config from "c:\\Users\\ermi0\\flutter projects\\apps\\dataconnect": could not find dataconnect.yaml in `c:\Users\ermi0\flutter projects\apps\dataconnect`
 {"metadata":{"emulator":{"name":"dataconnect"},"message":"E0422 16:04:46.310198   23080 watch.go:40] Failed to load config from \"c:\\\\Users\\\\ermi0\\\\flutter projects\\\\apps\\\\dataconnect\": could not find dataconnect.yaml in `c:\\Users\\ermi0\\flutter projects\\apps\\dataconnect`\n"}}
[debug] [2026-04-22T13:04:56.310Z] E0422 16:04:56.310534   23080 watch.go:40] Failed to load config from "c:\\Users\\ermi0\\flutter projects\\apps\\dataconnect": could not find dataconnect.yaml in `c:\Users\ermi0\flutter projects\apps\dataconnect`
 {"metadata":{"emulator":{"name":"dataconnect"},"message":"E0422 16:04:56.310534   23080 watch.go:40] Failed to load config from \"c:\\\\Users\\\\ermi0\\\\flutter projects\\\\apps\\\\dataconnect\": could not find dataconnect.yaml in `c:\\Users\\ermi0\\flutter projects\\apps\\dataconnect`\n"}}
[debug] [2026-04-22T13:05:06.310Z] E0422 16:05:06.310487   23080 watch.go:40] Failed to load config from "c:\\Users\\ermi0\\flutter projects\\apps\\dataconnect": could not find dataconnect.yaml in `c:\Users\ermi0\flutter projects\apps\dataconnect`
 {"metadata":{"emulator":{"name":"dataconnect"},"message":"E0422 16:05:06.310487   23080 watch.go:40] Failed to load config from \"c:\\\\Users\\\\ermi0\\\\flutter projects\\\\apps\\\\dataconnect\": could not find dataconnect.yaml in `c:\\Users\\ermi0\\flutter projects\\apps\\dataconnect`\n"}}
[debug] [2026-04-22T13:05:16.310Z] E0422 16:05:16.310612   23080 watch.go:40] Failed to load config from "c:\\Users\\ermi0\\flutter projects\\apps\\dataconnect": could not find dataconnect.yaml in `c:\Users\ermi0\flutter projects\apps\dataconnect`
 {"metadata":{"emulator":{"name":"dataconnect"},"message":"E0422 16:05:16.310612   23080 watch.go:40] Failed to load config from \"c:\\\\Users\\\\ermi0\\\\flutter projects\\\\apps\\\\dataconnect\": could not find dataconnect.yaml in `c:\\Users\\ermi0\\flutter projects\\apps\\dataconnect`\n"}}
[debug] [2026-04-22T13:05:26.310Z] E0422 16:05:26.310614   23080 watch.go:40] Failed to load config from "c:\\Users\\ermi0\\flutter projects\\apps\\dataconnect": could not find dataconnect.yaml in `c:\Users\ermi0\flutter projects\apps\dataconnect`
 {"metadata":{"emulator":{"name":"dataconnect"},"message":"E0422 16:05:26.310614   23080 watch.go:40] Failed to load config from \"c:\\\\Users\\\\ermi0\\\\flutter projects\\\\apps\\\\dataconnect\": could not find dataconnect.yaml in `c:\\Users\\ermi0\\flutter projects\\apps\\dataconnect`\n"}}
[debug] [2026-04-22T13:05:36.310Z] E0422 16:05:36.310045   23080 watch.go:40] Failed to load config from "c:\\Users\\ermi0\\flutter projects\\apps\\dataconnect": could not find dataconnect.yaml in `c:\Users\ermi0\flutter projects\apps\dataconnect`
 {"metadata":{"emulator":{"name":"dataconnect"},"message":"E0422 16:05:36.310045   23080 watch.go:40] Failed to load config from \"c:\\\\Users\\\\ermi0\\\\flutter projects\\\\apps\\\\dataconnect\": could not find dataconnect.yaml in `c:\\Users\\ermi0\\flutter projects\\apps\\dataconnect`\n"}}
[debug] [2026-04-22T13:05:46.310Z] E0422 16:05:46.310222   23080 watch.go:40] Failed to load config from "c:\\Users\\ermi0\\flutter projects\\apps\\dataconnect": could not find dataconnect.yaml in `c:\Users\ermi0\flutter projects\apps\dataconnect`
 {"metadata":{"emulator":{"name":"dataconnect"},"message":"E0422 16:05:46.310222   23080 watch.go:40] Failed to load config from \"c:\\\\Users\\\\ermi0\\\\flutter projects\\\\apps\\\\dataconnect\": could not find dataconnect.yaml in `c:\\Users\\ermi0\\flutter projects\\apps\\dataconnect`\n"}}
[debug] [2026-04-22T13:05:56.310Z] E0422 16:05:56.310589   23080 watch.go:40] Failed to load config from "c:\\Users\\ermi0\\flutter projects\\apps\\dataconnect": could not find dataconnect.yaml in `c:\Users\ermi0\flutter projects\apps\dataconnect`
 {"metadata":{"emulator":{"name":"dataconnect"},"message":"E0422 16:05:56.310589   23080 watch.go:40] Failed to load config from \"c:\\\\Users\\\\ermi0\\\\flutter projects\\\\apps\\\\dataconnect\": could not find dataconnect.yaml in `c:\\Users\\ermi0\\flutter projects\\apps\\dataconnect`\n"}}
[debug] [2026-04-22T13:06:06.310Z] E0422 16:06:06.310224   23080 watch.go:40] Failed to load config from "c:\\Users\\ermi0\\flutter projects\\apps\\dataconnect": could not find dataconnect.yaml in `c:\Users\ermi0\flutter projects\apps\dataconnect`
 {"metadata":{"emulator":{"name":"dataconnect"},"message":"E0422 16:06:06.310224   23080 watch.go:40] Failed to load config from \"c:\\\\Users\\\\ermi0\\\\flutter projects\\\\apps\\\\dataconnect\": could not find dataconnect.yaml in `c:\\Users\\ermi0\\flutter projects\\apps\\dataconnect`\n"}}
[debug] [2026-04-22T13:06:16.310Z] E0422 16:06:16.310203   23080 watch.go:40] Failed to load config from "c:\\Users\\ermi0\\flutter projects\\apps\\dataconnect": could not find dataconnect.yaml in `c:\Users\ermi0\flutter projects\apps\dataconnect`
 {"metadata":{"emulator":{"name":"dataconnect"},"message":"E0422 16:06:16.310203   23080 watch.go:40] Failed to load config from \"c:\\\\Users\\\\ermi0\\\\flutter projects\\\\apps\\\\dataconnect\": could not find dataconnect.yaml in `c:\\Users\\ermi0\\flutter projects\\apps\\dataconnect`\n"}}
[debug] [2026-04-22T13:06:26.310Z] E0422 16:06:26.310166   23080 watch.go:40] Failed to load config from "c:\\Users\\ermi0\\flutter projects\\apps\\dataconnect": could not find dataconnect.yaml in `c:\Users\ermi0\flutter projects\apps\dataconnect`
 {"metadata":{"emulator":{"name":"dataconnect"},"message":"E0422 16:06:26.310166   23080 watch.go:40] Failed to load config from \"c:\\\\Users\\\\ermi0\\\\flutter projects\\\\apps\\\\dataconnect\": could not find dataconnect.yaml in `c:\\Users\\ermi0\\flutter projects\\apps\\dataconnect`\n"}}
[debug] [2026-04-22T13:06:36.313Z] E0422 16:06:36.313532   23080 watch.go:40] Failed to load config from "c:\\Users\\ermi0\\flutter projects\\apps\\dataconnect": could not find dataconnect.yaml in `c:\Users\ermi0\flutter projects\apps\dataconnect`
 {"metadata":{"emulator":{"name":"dataconnect"},"message":"E0422 16:06:36.313532   23080 watch.go:40] Failed to load config from \"c:\\\\Users\\\\ermi0\\\\flutter projects\\\\apps\\\\dataconnect\": could not find dataconnect.yaml in `c:\\Users\\ermi0\\flutter projects\\apps\\dataconnect`\n"}}
[debug] [2026-04-22T13:06:46.310Z] E0422 16:06:46.310271   23080 watch.go:40] Failed to load config from "c:\\Users\\ermi0\\flutter projects\\apps\\dataconnect": could not find dataconnect.yaml in `c:\Users\ermi0\flutter projects\apps\dataconnect`
 {"metadata":{"emulator":{"name":"dataconnect"},"message":"E0422 16:06:46.310271   23080 watch.go:40] Failed to load config from \"c:\\\\Users\\\\ermi0\\\\flutter projects\\\\apps\\\\dataconnect\": could not find dataconnect.yaml in `c:\\Users\\ermi0\\flutter projects\\apps\\dataconnect`\n"}}
[debug] [2026-04-22T13:06:56.310Z] E0422 16:06:56.310524   23080 watch.go:40] Failed to load config from "c:\\Users\\ermi0\\flutter projects\\apps\\dataconnect": could not find dataconnect.yaml in `c:\Users\ermi0\flutter projects\apps\dataconnect`
 {"metadata":{"emulator":{"name":"dataconnect"},"message":"E0422 16:06:56.310524   23080 watch.go:40] Failed to load config from \"c:\\\\Users\\\\ermi0\\\\flutter projects\\\\apps\\\\dataconnect\": could not find dataconnect.yaml in `c:\\Users\\ermi0\\flutter projects\\apps\\dataconnect`\n"}}
[debug] [2026-04-22T13:07:06.310Z] E0422 16:07:06.310505   23080 watch.go:40] Failed to load config from "c:\\Users\\ermi0\\flutter projects\\apps\\dataconnect": could not find dataconnect.yaml in `c:\Users\ermi0\flutter projects\apps\dataconnect`
 {"metadata":{"emulator":{"name":"dataconnect"},"message":"E0422 16:07:06.310505   23080 watch.go:40] Failed to load config from \"c:\\\\Users\\\\ermi0\\\\flutter projects\\\\apps\\\\dataconnect\": could not find dataconnect.yaml in `c:\\Users\\ermi0\\flutter projects\\apps\\dataconnect`\n"}}
[debug] [2026-04-22T13:07:16.310Z] E0422 16:07:16.310351   23080 watch.go:40] Failed to load config from "c:\\Users\\ermi0\\flutter projects\\apps\\dataconnect": could not find dataconnect.yaml in `c:\Users\ermi0\flutter projects\apps\dataconnect`
 {"metadata":{"emulator":{"name":"dataconnect"},"message":"E0422 16:07:16.310351   23080 watch.go:40] Failed to load config from \"c:\\\\Users\\\\ermi0\\\\flutter projects\\\\apps\\\\dataconnect\": could not find dataconnect.yaml in `c:\\Users\\ermi0\\flutter projects\\apps\\dataconnect`\n"}}
[debug] [2026-04-22T13:07:26.310Z] E0422 16:07:26.310207   23080 watch.go:40] Failed to load config from "c:\\Users\\ermi0\\flutter projects\\apps\\dataconnect": could not find dataconnect.yaml in `c:\Users\ermi0\flutter projects\apps\dataconnect`
 {"metadata":{"emulator":{"name":"dataconnect"},"message":"E0422 16:07:26.310207   23080 watch.go:40] Failed to load config from \"c:\\\\Users\\\\ermi0\\\\flutter projects\\\\apps\\\\dataconnect\": could not find dataconnect.yaml in `c:\\Users\\ermi0\\flutter projects\\apps\\dataconnect`\n"}}
[debug] [2026-04-22T13:07:36.310Z] E0422 16:07:36.310624   23080 watch.go:40] Failed to load config from "c:\\Users\\ermi0\\flutter projects\\apps\\dataconnect": could not find dataconnect.yaml in `c:\Users\ermi0\flutter projects\apps\dataconnect`
 {"metadata":{"emulator":{"name":"dataconnect"},"message":"E0422 16:07:36.310624   23080 watch.go:40] Failed to load config from \"c:\\\\Users\\\\ermi0\\\\flutter projects\\\\apps\\\\dataconnect\": could not find dataconnect.yaml in `c:\\Users\\ermi0\\flutter projects\\apps\\dataconnect`\n"}}
[debug] [2026-04-22T13:07:46.310Z] E0422 16:07:46.310105   23080 watch.go:40] Failed to load config from "c:\\Users\\ermi0\\flutter projects\\apps\\dataconnect": could not find dataconnect.yaml in `c:\Users\ermi0\flutter projects\apps\dataconnect`
 {"metadata":{"emulator":{"name":"dataconnect"},"message":"E0422 16:07:46.310105   23080 watch.go:40] Failed to load config from \"c:\\\\Users\\\\ermi0\\\\flutter projects\\\\apps\\\\dataconnect\": could not find dataconnect.yaml in `c:\\Users\\ermi0\\flutter projects\\apps\\dataconnect`\n"}}
[debug] [2026-04-22T13:07:56.310Z] E0422 16:07:56.310608   23080 watch.go:40] Failed to load config from "c:\\Users\\ermi0\\flutter projects\\apps\\dataconnect": could not find dataconnect.yaml in `c:\Users\ermi0\flutter projects\apps\dataconnect`
 {"metadata":{"emulator":{"name":"dataconnect"},"message":"E0422 16:07:56.310608   23080 watch.go:40] Failed to load config from \"c:\\\\Users\\\\ermi0\\\\flutter projects\\\\apps\\\\dataconnect\": could not find dataconnect.yaml in `c:\\Users\\ermi0\\flutter projects\\apps\\dataconnect`\n"}}
[debug] [2026-04-22T13:08:06.310Z] E0422 16:08:06.310694   23080 watch.go:40] Failed to load config from "c:\\Users\\ermi0\\flutter projects\\apps\\dataconnect": could not find dataconnect.yaml in `c:\Users\ermi0\flutter projects\apps\dataconnect`
 {"metadata":{"emulator":{"name":"dataconnect"},"message":"E0422 16:08:06.310694   23080 watch.go:40] Failed to load config from \"c:\\\\Users\\\\ermi0\\\\flutter projects\\\\apps\\\\dataconnect\": could not find dataconnect.yaml in `c:\\Users\\ermi0\\flutter projects\\apps\\dataconnect`\n"}}
[debug] [2026-04-22T13:08:16.310Z] E0422 16:08:16.310655   23080 watch.go:40] Failed to load config from "c:\\Users\\ermi0\\flutter projects\\apps\\dataconnect": could not find dataconnect.yaml in `c:\Users\ermi0\flutter projects\apps\dataconnect`
 {"metadata":{"emulator":{"name":"dataconnect"},"message":"E0422 16:08:16.310655   23080 watch.go:40] Failed to load config from \"c:\\\\Users\\\\ermi0\\\\flutter projects\\\\apps\\\\dataconnect\": could not find dataconnect.yaml in `c:\\Users\\ermi0\\flutter projects\\apps\\dataconnect`\n"}}
[debug] [2026-04-22T13:08:26.311Z] E0422 16:08:26.310482   23080 watch.go:40] Failed to load config from "c:\\Users\\ermi0\\flutter projects\\apps\\dataconnect": could not find dataconnect.yaml in `c:\Users\ermi0\flutter projects\apps\dataconnect`
 {"metadata":{"emulator":{"name":"dataconnect"},"message":"E0422 16:08:26.310482   23080 watch.go:40] Failed to load config from \"c:\\\\Users\\\\ermi0\\\\flutter projects\\\\apps\\\\dataconnect\": could not find dataconnect.yaml in `c:\\Users\\ermi0\\flutter projects\\apps\\dataconnect`\n"}}
[debug] [2026-04-22T13:08:36.311Z] E0422 16:08:36.310351   23080 watch.go:40] Failed to load config from "c:\\Users\\ermi0\\flutter projects\\apps\\dataconnect": could not find dataconnect.yaml in `c:\Users\ermi0\flutter projects\apps\dataconnect`
 {"metadata":{"emulator":{"name":"dataconnect"},"message":"E0422 16:08:36.310351   23080 watch.go:40] Failed to load config from \"c:\\\\Users\\\\ermi0\\\\flutter projects\\\\apps\\\\dataconnect\": could not find dataconnect.yaml in `c:\\Users\\ermi0\\flutter projects\\apps\\dataconnect`\n"}}
[debug] [2026-04-22T13:08:46.311Z] E0422 16:08:46.310857   23080 watch.go:40] Failed to load config from "c:\\Users\\ermi0\\flutter projects\\apps\\dataconnect": could not find dataconnect.yaml in `c:\Users\ermi0\flutter projects\apps\dataconnect`
 {"metadata":{"emulator":{"name":"dataconnect"},"message":"E0422 16:08:46.310857   23080 watch.go:40] Failed to load config from \"c:\\\\Users\\\\ermi0\\\\flutter projects\\\\apps\\\\dataconnect\": could not find dataconnect.yaml in `c:\\Users\\ermi0\\flutter projects\\apps\\dataconnect`\n"}}
[debug] [2026-04-22T13:08:56.313Z] E0422 16:08:56.312728   23080 watch.go:40] Failed to load config from "c:\\Users\\ermi0\\flutter projects\\apps\\dataconnect": could not find dataconnect.yaml in `c:\Users\ermi0\flutter projects\apps\dataconnect`
 {"metadata":{"emulator":{"name":"dataconnect"},"message":"E0422 16:08:56.312728   23080 watch.go:40] Failed to load config from \"c:\\\\Users\\\\ermi0\\\\flutter projects\\\\apps\\\\dataconnect\": could not find dataconnect.yaml in `c:\\Users\\ermi0\\flutter projects\\apps\\dataconnect`\n"}}
[debug] [2026-04-22T13:09:06.311Z] E0422 16:09:06.310794   23080 watch.go:40] Failed to load config from "c:\\Users\\ermi0\\flutter projects\\apps\\dataconnect": could not find dataconnect.yaml in `c:\Users\ermi0\flutter projects\apps\dataconnect`
 {"metadata":{"emulator":{"name":"dataconnect"},"message":"E0422 16:09:06.310794   23080 watch.go:40] Failed to load config from \"c:\\\\Users\\\\ermi0\\\\flutter projects\\\\apps\\\\dataconnect\": could not find dataconnect.yaml in `c:\\Users\\ermi0\\flutter projects\\apps\\dataconnect`\n"}}
[debug] [2026-04-22T13:09:16.311Z] E0422 16:09:16.310425   23080 watch.go:40] Failed to load config from "c:\\Users\\ermi0\\flutter projects\\apps\\dataconnect": could not find dataconnect.yaml in `c:\Users\ermi0\flutter projects\apps\dataconnect`
 {"metadata":{"emulator":{"name":"dataconnect"},"message":"E0422 16:09:16.310425   23080 watch.go:40] Failed to load config from \"c:\\\\Users\\\\ermi0\\\\flutter projects\\\\apps\\\\dataconnect\": could not find dataconnect.yaml in `c:\\Users\\ermi0\\flutter projects\\apps\\dataconnect`\n"}}
[debug] [2026-04-22T13:09:26.310Z] E0422 16:09:26.310397   23080 watch.go:40] Failed to load config from "c:\\Users\\ermi0\\flutter projects\\apps\\dataconnect": could not find dataconnect.yaml in `c:\Users\ermi0\flutter projects\apps\dataconnect`
 {"metadata":{"emulator":{"name":"dataconnect"},"message":"E0422 16:09:26.310397   23080 watch.go:40] Failed to load config from \"c:\\\\Users\\\\ermi0\\\\flutter projects\\\\apps\\\\dataconnect\": could not find dataconnect.yaml in `c:\\Users\\ermi0\\flutter projects\\apps\\dataconnect`\n"}}
[debug] [2026-04-22T13:09:36.310Z] E0422 16:09:36.310203   23080 watch.go:40] Failed to load config from "c:\\Users\\ermi0\\flutter projects\\apps\\dataconnect": could not find dataconnect.yaml in `c:\Users\ermi0\flutter projects\apps\dataconnect`
 {"metadata":{"emulator":{"name":"dataconnect"},"message":"E0422 16:09:36.310203   23080 watch.go:40] Failed to load config from \"c:\\\\Users\\\\ermi0\\\\flutter projects\\\\apps\\\\dataconnect\": could not find dataconnect.yaml in `c:\\Users\\ermi0\\flutter projects\\apps\\dataconnect`\n"}}
[debug] [2026-04-22T13:09:46.310Z] E0422 16:09:46.310282   23080 watch.go:40] Failed to load config from "c:\\Users\\ermi0\\flutter projects\\apps\\dataconnect": could not find dataconnect.yaml in `c:\Users\ermi0\flutter projects\apps\dataconnect`
 {"metadata":{"emulator":{"name":"dataconnect"},"message":"E0422 16:09:46.310282   23080 watch.go:40] Failed to load config from \"c:\\\\Users\\\\ermi0\\\\flutter projects\\\\apps\\\\dataconnect\": could not find dataconnect.yaml in `c:\\Users\\ermi0\\flutter projects\\apps\\dataconnect`\n"}}
[debug] [2026-04-22T13:09:56.311Z] E0422 16:09:56.311202   23080 watch.go:40] Failed to load config from "c:\\Users\\ermi0\\flutter projects\\apps\\dataconnect": could not find dataconnect.yaml in `c:\Users\ermi0\flutter projects\apps\dataconnect`
 {"metadata":{"emulator":{"name":"dataconnect"},"message":"E0422 16:09:56.311202   23080 watch.go:40] Failed to load config from \"c:\\\\Users\\\\ermi0\\\\flutter projects\\\\apps\\\\dataconnect\": could not find dataconnect.yaml in `c:\\Users\\ermi0\\flutter projects\\apps\\dataconnect`\n"}}
[debug] [2026-04-22T13:10:06.310Z] E0422 16:10:06.310484   23080 watch.go:40] Failed to load config from "c:\\Users\\ermi0\\flutter projects\\apps\\dataconnect": could not find dataconnect.yaml in `c:\Users\ermi0\flutter projects\apps\dataconnect`
 {"metadata":{"emulator":{"name":"dataconnect"},"message":"E0422 16:10:06.310484   23080 watch.go:40] Failed to load config from \"c:\\\\Users\\\\ermi0\\\\flutter projects\\\\apps\\\\dataconnect\": could not find dataconnect.yaml in `c:\\Users\\ermi0\\flutter projects\\apps\\dataconnect`\n"}}
[debug] [2026-04-22T13:10:16.311Z] E0422 16:10:16.310746   23080 watch.go:40] Failed to load config from "c:\\Users\\ermi0\\flutter projects\\apps\\dataconnect": could not find dataconnect.yaml in `c:\Users\ermi0\flutter projects\apps\dataconnect`
 {"metadata":{"emulator":{"name":"dataconnect"},"message":"E0422 16:10:16.310746   23080 watch.go:40] Failed to load config from \"c:\\\\Users\\\\ermi0\\\\flutter projects\\\\apps\\\\dataconnect\": could not find dataconnect.yaml in `c:\\Users\\ermi0\\flutter projects\\apps\\dataconnect`\n"}}
[debug] [2026-04-22T13:10:26.310Z] E0422 16:10:26.310740   23080 watch.go:40] Failed to load config from "c:\\Users\\ermi0\\flutter projects\\apps\\dataconnect": could not find dataconnect.yaml in `c:\Users\ermi0\flutter projects\apps\dataconnect`
 {"metadata":{"emulator":{"name":"dataconnect"},"message":"E0422 16:10:26.310740   23080 watch.go:40] Failed to load config from \"c:\\\\Users\\\\ermi0\\\\flutter projects\\\\apps\\\\dataconnect\": could not find dataconnect.yaml in `c:\\Users\\ermi0\\flutter projects\\apps\\dataconnect`\n"}}
[debug] [2026-04-22T13:10:36.310Z] E0422 16:10:36.310722   23080 watch.go:40] Failed to load config from "c:\\Users\\ermi0\\flutter projects\\apps\\dataconnect": could not find dataconnect.yaml in `c:\Users\ermi0\flutter projects\apps\dataconnect`
 {"metadata":{"emulator":{"name":"dataconnect"},"message":"E0422 16:10:36.310722   23080 watch.go:40] Failed to load config from \"c:\\\\Users\\\\ermi0\\\\flutter projects\\\\apps\\\\dataconnect\": could not find dataconnect.yaml in `c:\\Users\\ermi0\\flutter projects\\apps\\dataconnect`\n"}}
[debug] [2026-04-22T13:10:46.310Z] E0422 16:10:46.310290   23080 watch.go:40] Failed to load config from "c:\\Users\\ermi0\\flutter projects\\apps\\dataconnect": could not find dataconnect.yaml in `c:\Users\ermi0\flutter projects\apps\dataconnect`
 {"metadata":{"emulator":{"name":"dataconnect"},"message":"E0422 16:10:46.310290   23080 watch.go:40] Failed to load config from \"c:\\\\Users\\\\ermi0\\\\flutter projects\\\\apps\\\\dataconnect\": could not find dataconnect.yaml in `c:\\Users\\ermi0\\flutter projects\\apps\\dataconnect`\n"}}
[debug] [2026-04-22T13:10:56.310Z] E0422 16:10:56.310265   23080 watch.go:40] Failed to load config from "c:\\Users\\ermi0\\flutter projects\\apps\\dataconnect": could not find dataconnect.yaml in `c:\Users\ermi0\flutter projects\apps\dataconnect`
 {"metadata":{"emulator":{"name":"dataconnect"},"message":"E0422 16:10:56.310265   23080 watch.go:40] Failed to load config from \"c:\\\\Users\\\\ermi0\\\\flutter projects\\\\apps\\\\dataconnect\": could not find dataconnect.yaml in `c:\\Users\\ermi0\\flutter projects\\apps\\dataconnect`\n"}}
[debug] [2026-04-22T13:11:06.310Z] E0422 16:11:06.310724   23080 watch.go:40] Failed to load config from "c:\\Users\\ermi0\\flutter projects\\apps\\dataconnect": could not find dataconnect.yaml in `c:\Users\ermi0\flutter projects\apps\dataconnect`
 {"metadata":{"emulator":{"name":"dataconnect"},"message":"E0422 16:11:06.310724   23080 watch.go:40] Failed to load config from \"c:\\\\Users\\\\ermi0\\\\flutter projects\\\\apps\\\\dataconnect\": could not find dataconnect.yaml in `c:\\Users\\ermi0\\flutter projects\\apps\\dataconnect`\n"}}
[debug] [2026-04-22T13:11:16.310Z] E0422 16:11:16.310058   23080 watch.go:40] Failed to load config from "c:\\Users\\ermi0\\flutter projects\\apps\\dataconnect": could not find dataconnect.yaml in `c:\Users\ermi0\flutter projects\apps\dataconnect`
 {"metadata":{"emulator":{"name":"dataconnect"},"message":"E0422 16:11:16.310058   23080 watch.go:40] Failed to load config from \"c:\\\\Users\\\\ermi0\\\\flutter projects\\\\apps\\\\dataconnect\": could not find dataconnect.yaml in `c:\\Users\\ermi0\\flutter projects\\apps\\dataconnect`\n"}}
[debug] [2026-04-22T13:11:26.310Z] E0422 16:11:26.310356   23080 watch.go:40] Failed to load config from "c:\\Users\\ermi0\\flutter projects\\apps\\dataconnect": could not find dataconnect.yaml in `c:\Users\ermi0\flutter projects\apps\dataconnect`
 {"metadata":{"emulator":{"name":"dataconnect"},"message":"E0422 16:11:26.310356   23080 watch.go:40] Failed to load config from \"c:\\\\Users\\\\ermi0\\\\flutter projects\\\\apps\\\\dataconnect\": could not find dataconnect.yaml in `c:\\Users\\ermi0\\flutter projects\\apps\\dataconnect`\n"}}
[debug] [2026-04-22T13:11:36.310Z] E0422 16:11:36.310532   23080 watch.go:40] Failed to load config from "c:\\Users\\ermi0\\flutter projects\\apps\\dataconnect": could not find dataconnect.yaml in `c:\Users\ermi0\flutter projects\apps\dataconnect`
 {"metadata":{"emulator":{"name":"dataconnect"},"message":"E0422 16:11:36.310532   23080 watch.go:40] Failed to load config from \"c:\\\\Users\\\\ermi0\\\\flutter projects\\\\apps\\\\dataconnect\": could not find dataconnect.yaml in `c:\\Users\\ermi0\\flutter projects\\apps\\dataconnect`\n"}}
[debug] [2026-04-22T13:11:46.310Z] E0422 16:11:46.310439   23080 watch.go:40] Failed to load config from "c:\\Users\\ermi0\\flutter projects\\apps\\dataconnect": could not find dataconnect.yaml in `c:\Users\ermi0\flutter projects\apps\dataconnect`
 {"metadata":{"emulator":{"name":"dataconnect"},"message":"E0422 16:11:46.310439   23080 watch.go:40] Failed to load config from \"c:\\\\Users\\\\ermi0\\\\flutter projects\\\\apps\\\\dataconnect\": could not find dataconnect.yaml in `c:\\Users\\ermi0\\flutter projects\\apps\\dataconnect`\n"}}
[debug] [2026-04-22T13:11:56.310Z] E0422 16:11:56.310708   23080 watch.go:40] Failed to load config from "c:\\Users\\ermi0\\flutter projects\\apps\\dataconnect": could not find dataconnect.yaml in `c:\Users\ermi0\flutter projects\apps\dataconnect`
 {"metadata":{"emulator":{"name":"dataconnect"},"message":"E0422 16:11:56.310708   23080 watch.go:40] Failed to load config from \"c:\\\\Users\\\\ermi0\\\\flutter projects\\\\apps\\\\dataconnect\": could not find dataconnect.yaml in `c:\\Users\\ermi0\\flutter projects\\apps\\dataconnect`\n"}}
[debug] [2026-04-22T13:12:06.311Z] E0422 16:12:06.310807   23080 watch.go:40] Failed to load config from "c:\\Users\\ermi0\\flutter projects\\apps\\dataconnect": could not find dataconnect.yaml in `c:\Users\ermi0\flutter projects\apps\dataconnect`
 {"metadata":{"emulator":{"name":"dataconnect"},"message":"E0422 16:12:06.310807   23080 watch.go:40] Failed to load config from \"c:\\\\Users\\\\ermi0\\\\flutter projects\\\\apps\\\\dataconnect\": could not find dataconnect.yaml in `c:\\Users\\ermi0\\flutter projects\\apps\\dataconnect`\n"}}
[debug] [2026-04-22T13:12:16.310Z] E0422 16:12:16.310364   23080 watch.go:40] Failed to load config from "c:\\Users\\ermi0\\flutter projects\\apps\\dataconnect": could not find dataconnect.yaml in `c:\Users\ermi0\flutter projects\apps\dataconnect`
 {"metadata":{"emulator":{"name":"dataconnect"},"message":"E0422 16:12:16.310364   23080 watch.go:40] Failed to load config from \"c:\\\\Users\\\\ermi0\\\\flutter projects\\\\apps\\\\dataconnect\": could not find dataconnect.yaml in `c:\\Users\\ermi0\\flutter projects\\apps\\dataconnect`\n"}}
[debug] [2026-04-22T13:12:26.311Z] E0422 16:12:26.310477   23080 watch.go:40] Failed to load config from "c:\\Users\\ermi0\\flutter projects\\apps\\dataconnect": could not find dataconnect.yaml in `c:\Users\ermi0\flutter projects\apps\dataconnect`
 {"metadata":{"emulator":{"name":"dataconnect"},"message":"E0422 16:12:26.310477   23080 watch.go:40] Failed to load config from \"c:\\\\Users\\\\ermi0\\\\flutter projects\\\\apps\\\\dataconnect\": could not find dataconnect.yaml in `c:\\Users\\ermi0\\flutter projects\\apps\\dataconnect`\n"}}
[debug] [2026-04-22T13:12:36.311Z] E0422 16:12:36.310500   23080 watch.go:40] Failed to load config from "c:\\Users\\ermi0\\flutter projects\\apps\\dataconnect": could not find dataconnect.yaml in `c:\Users\ermi0\flutter projects\apps\dataconnect`
 {"metadata":{"emulator":{"name":"dataconnect"},"message":"E0422 16:12:36.310500   23080 watch.go:40] Failed to load config from \"c:\\\\Users\\\\ermi0\\\\flutter projects\\\\apps\\\\dataconnect\": could not find dataconnect.yaml in `c:\\Users\\ermi0\\flutter projects\\apps\\dataconnect`\n"}}
[debug] [2026-04-22T13:12:46.314Z] E0422 16:12:46.314298   23080 watch.go:40] Failed to load config from "c:\\Users\\ermi0\\flutter projects\\apps\\dataconnect": could not find dataconnect.yaml in `c:\Users\ermi0\flutter projects\apps\dataconnect`
 {"metadata":{"emulator":{"name":"dataconnect"},"message":"E0422 16:12:46.314298   23080 watch.go:40] Failed to load config from \"c:\\\\Users\\\\ermi0\\\\flutter projects\\\\apps\\\\dataconnect\": could not find dataconnect.yaml in `c:\\Users\\ermi0\\flutter projects\\apps\\dataconnect`\n"}}
[debug] [2026-04-22T13:12:56.449Z] E0422 16:12:56.310701   23080 watch.go:40] Failed to load config from "c:\\Users\\ermi0\\flutter projects\\apps\\dataconnect": could not find dataconnect.yaml in `c:\Users\ermi0\flutter projects\apps\dataconnect`
 {"metadata":{"emulator":{"name":"dataconnect"},"message":"E0422 16:12:56.310701   23080 watch.go:40] Failed to load config from \"c:\\\\Users\\\\ermi0\\\\flutter projects\\\\apps\\\\dataconnect\": could not find dataconnect.yaml in `c:\\Users\\ermi0\\flutter projects\\apps\\dataconnect`\n"}}
[debug] [2026-04-22T13:13:06.311Z] E0422 16:13:06.310389   23080 watch.go:40] Failed to load config from "c:\\Users\\ermi0\\flutter projects\\apps\\dataconnect": could not find dataconnect.yaml in `c:\Users\ermi0\flutter projects\apps\dataconnect`
 {"metadata":{"emulator":{"name":"dataconnect"},"message":"E0422 16:13:06.310389   23080 watch.go:40] Failed to load config from \"c:\\\\Users\\\\ermi0\\\\flutter projects\\\\apps\\\\dataconnect\": could not find dataconnect.yaml in `c:\\Users\\ermi0\\flutter projects\\apps\\dataconnect`\n"}}
[debug] [2026-04-22T13:13:16.311Z] E0422 16:13:16.310987   23080 watch.go:40] Failed to load config from "c:\\Users\\ermi0\\flutter projects\\apps\\dataconnect": could not find dataconnect.yaml in `c:\Users\ermi0\flutter projects\apps\dataconnect`
 {"metadata":{"emulator":{"name":"dataconnect"},"message":"E0422 16:13:16.310987   23080 watch.go:40] Failed to load config from \"c:\\\\Users\\\\ermi0\\\\flutter projects\\\\apps\\\\dataconnect\": could not find dataconnect.yaml in `c:\\Users\\ermi0\\flutter projects\\apps\\dataconnect`\n"}}
[debug] [2026-04-22T13:13:26.310Z] E0422 16:13:26.310952   23080 watch.go:40] Failed to load config from "c:\\Users\\ermi0\\flutter projects\\apps\\dataconnect": could not find dataconnect.yaml in `c:\Users\ermi0\flutter projects\apps\dataconnect`
 {"metadata":{"emulator":{"name":"dataconnect"},"message":"E0422 16:13:26.310952   23080 watch.go:40] Failed to load config from \"c:\\\\Users\\\\ermi0\\\\flutter projects\\\\apps\\\\dataconnect\": could not find dataconnect.yaml in `c:\\Users\\ermi0\\flutter projects\\apps\\dataconnect`\n"}}
[debug] [2026-04-22T13:13:36.310Z] E0422 16:13:36.310551   23080 watch.go:40] Failed to load config from "c:\\Users\\ermi0\\flutter projects\\apps\\dataconnect": could not find dataconnect.yaml in `c:\Users\ermi0\flutter projects\apps\dataconnect`
 {"metadata":{"emulator":{"name":"dataconnect"},"message":"E0422 16:13:36.310551   23080 watch.go:40] Failed to load config from \"c:\\\\Users\\\\ermi0\\\\flutter projects\\\\apps\\\\dataconnect\": could not find dataconnect.yaml in `c:\\Users\\ermi0\\flutter projects\\apps\\dataconnect`\n"}}
[debug] [2026-04-22T13:13:46.310Z] E0422 16:13:46.310957   23080 watch.go:40] Failed to load config from "c:\\Users\\ermi0\\flutter projects\\apps\\dataconnect": could not find dataconnect.yaml in `c:\Users\ermi0\flutter projects\apps\dataconnect`
 {"metadata":{"emulator":{"name":"dataconnect"},"message":"E0422 16:13:46.310957   23080 watch.go:40] Failed to load config from \"c:\\\\Users\\\\ermi0\\\\flutter projects\\\\apps\\\\dataconnect\": could not find dataconnect.yaml in `c:\\Users\\ermi0\\flutter projects\\apps\\dataconnect`\n"}}
[debug] [2026-04-22T13:13:56.310Z] E0422 16:13:56.310217   23080 watch.go:40] Failed to load config from "c:\\Users\\ermi0\\flutter projects\\apps\\dataconnect": could not find dataconnect.yaml in `c:\Users\ermi0\flutter projects\apps\dataconnect`
 {"metadata":{"emulator":{"name":"dataconnect"},"message":"E0422 16:13:56.310217   23080 watch.go:40] Failed to load config from \"c:\\\\Users\\\\ermi0\\\\flutter projects\\\\apps\\\\dataconnect\": could not find dataconnect.yaml in `c:\\Users\\ermi0\\flutter projects\\apps\\dataconnect`\n"}}
[debug] [2026-04-22T13:14:06.310Z] E0422 16:14:06.310465   23080 watch.go:40] Failed to load config from "c:\\Users\\ermi0\\flutter projects\\apps\\dataconnect": could not find dataconnect.yaml in `c:\Users\ermi0\flutter projects\apps\dataconnect`
 {"metadata":{"emulator":{"name":"dataconnect"},"message":"E0422 16:14:06.310465   23080 watch.go:40] Failed to load config from \"c:\\\\Users\\\\ermi0\\\\flutter projects\\\\apps\\\\dataconnect\": could not find dataconnect.yaml in `c:\\Users\\ermi0\\flutter projects\\apps\\dataconnect`\n"}}
[debug] [2026-04-22T13:14:16.310Z] E0422 16:14:16.310342   23080 watch.go:40] Failed to load config from "c:\\Users\\ermi0\\flutter projects\\apps\\dataconnect": could not find dataconnect.yaml in `c:\Users\ermi0\flutter projects\apps\dataconnect`
 {"metadata":{"emulator":{"name":"dataconnect"},"message":"E0422 16:14:16.310342   23080 watch.go:40] Failed to load config from \"c:\\\\Users\\\\ermi0\\\\flutter projects\\\\apps\\\\dataconnect\": could not find dataconnect.yaml in `c:\\Users\\ermi0\\flutter projects\\apps\\dataconnect`\n"}}
[debug] [2026-04-22T13:14:26.311Z] E0422 16:14:26.310318   23080 watch.go:40] Failed to load config from "c:\\Users\\ermi0\\flutter projects\\apps\\dataconnect": could not find dataconnect.yaml in `c:\Users\ermi0\flutter projects\apps\dataconnect`
 {"metadata":{"emulator":{"name":"dataconnect"},"message":"E0422 16:14:26.310318   23080 watch.go:40] Failed to load config from \"c:\\\\Users\\\\ermi0\\\\flutter projects\\\\apps\\\\dataconnect\": could not find dataconnect.yaml in `c:\\Users\\ermi0\\flutter projects\\apps\\dataconnect`\n"}}
[debug] [2026-04-22T13:14:36.311Z] E0422 16:14:36.310701   23080 watch.go:40] Failed to load config from "c:\\Users\\ermi0\\flutter projects\\apps\\dataconnect": could not find dataconnect.yaml in `c:\Users\ermi0\flutter projects\apps\dataconnect`
 {"metadata":{"emulator":{"name":"dataconnect"},"message":"E0422 16:14:36.310701   23080 watch.go:40] Failed to load config from \"c:\\\\Users\\\\ermi0\\\\flutter projects\\\\apps\\\\dataconnect\": could not find dataconnect.yaml in `c:\\Users\\ermi0\\flutter projects\\apps\\dataconnect`\n"}}
[debug] [2026-04-22T13:14:46.311Z] E0422 16:14:46.310492   23080 watch.go:40] Failed to load config from "c:\\Users\\ermi0\\flutter projects\\apps\\dataconnect": could not find dataconnect.yaml in `c:\Users\ermi0\flutter projects\apps\dataconnect`
 {"metadata":{"emulator":{"name":"dataconnect"},"message":"E0422 16:14:46.310492   23080 watch.go:40] Failed to load config from \"c:\\\\Users\\\\ermi0\\\\flutter projects\\\\apps\\\\dataconnect\": could not find dataconnect.yaml in `c:\\Users\\ermi0\\flutter projects\\apps\\dataconnect`\n"}}
[debug] [2026-04-22T13:14:56.310Z] E0422 16:14:56.310355   23080 watch.go:40] Failed to load config from "c:\\Users\\ermi0\\flutter projects\\apps\\dataconnect": could not find dataconnect.yaml in `c:\Users\ermi0\flutter projects\apps\dataconnect`
 {"metadata":{"emulator":{"name":"dataconnect"},"message":"E0422 16:14:56.310355   23080 watch.go:40] Failed to load config from \"c:\\\\Users\\\\ermi0\\\\flutter projects\\\\apps\\\\dataconnect\": could not find dataconnect.yaml in `c:\\Users\\ermi0\\flutter projects\\apps\\dataconnect`\n"}}
[debug] [2026-04-22T13:15:06.311Z] E0422 16:15:06.310388   23080 watch.go:40] Failed to load config from "c:\\Users\\ermi0\\flutter projects\\apps\\dataconnect": could not find dataconnect.yaml in `c:\Users\ermi0\flutter projects\apps\dataconnect`
 {"metadata":{"emulator":{"name":"dataconnect"},"message":"E0422 16:15:06.310388   23080 watch.go:40] Failed to load config from \"c:\\\\Users\\\\ermi0\\\\flutter projects\\\\apps\\\\dataconnect\": could not find dataconnect.yaml in `c:\\Users\\ermi0\\flutter projects\\apps\\dataconnect`\n"}}
[debug] [2026-04-22T13:15:16.311Z] E0422 16:15:16.310697   23080 watch.go:40] Failed to load config from "c:\\Users\\ermi0\\flutter projects\\apps\\dataconnect": could not find dataconnect.yaml in `c:\Users\ermi0\flutter projects\apps\dataconnect`
 {"metadata":{"emulator":{"name":"dataconnect"},"message":"E0422 16:15:16.310697   23080 watch.go:40] Failed to load config from \"c:\\\\Users\\\\ermi0\\\\flutter projects\\\\apps\\\\dataconnect\": could not find dataconnect.yaml in `c:\\Users\\ermi0\\flutter projects\\apps\\dataconnect`\n"}}
[debug] [2026-04-22T13:15:26.310Z] E0422 16:15:26.310338   23080 watch.go:40] Failed to load config from "c:\\Users\\ermi0\\flutter projects\\apps\\dataconnect": could not find dataconnect.yaml in `c:\Users\ermi0\flutter projects\apps\dataconnect`
 {"metadata":{"emulator":{"name":"dataconnect"},"message":"E0422 16:15:26.310338   23080 watch.go:40] Failed to load config from \"c:\\\\Users\\\\ermi0\\\\flutter projects\\\\apps\\\\dataconnect\": could not find dataconnect.yaml in `c:\\Users\\ermi0\\flutter projects\\apps\\dataconnect`\n"}}
[debug] [2026-04-22T13:15:36.310Z] E0422 16:15:36.310532   23080 watch.go:40] Failed to load config from "c:\\Users\\ermi0\\flutter projects\\apps\\dataconnect": could not find dataconnect.yaml in `c:\Users\ermi0\flutter projects\apps\dataconnect`
 {"metadata":{"emulator":{"name":"dataconnect"},"message":"E0422 16:15:36.310532   23080 watch.go:40] Failed to load config from \"c:\\\\Users\\\\ermi0\\\\flutter projects\\\\apps\\\\dataconnect\": could not find dataconnect.yaml in `c:\\Users\\ermi0\\flutter projects\\apps\\dataconnect`\n"}}
[debug] [2026-04-22T13:15:46.310Z] E0422 16:15:46.310878   23080 watch.go:40] Failed to load config from "c:\\Users\\ermi0\\flutter projects\\apps\\dataconnect": could not find dataconnect.yaml in `c:\Users\ermi0\flutter projects\apps\dataconnect`
 {"metadata":{"emulator":{"name":"dataconnect"},"message":"E0422 16:15:46.310878   23080 watch.go:40] Failed to load config from \"c:\\\\Users\\\\ermi0\\\\flutter projects\\\\apps\\\\dataconnect\": could not find dataconnect.yaml in `c:\\Users\\ermi0\\flutter projects\\apps\\dataconnect`\n"}}
[debug] [2026-04-22T13:15:56.310Z] E0422 16:15:56.310537   23080 watch.go:40] Failed to load config from "c:\\Users\\ermi0\\flutter projects\\apps\\dataconnect": could not find dataconnect.yaml in `c:\Users\ermi0\flutter projects\apps\dataconnect`
 {"metadata":{"emulator":{"name":"dataconnect"},"message":"E0422 16:15:56.310537   23080 watch.go:40] Failed to load config from \"c:\\\\Users\\\\ermi0\\\\flutter projects\\\\apps\\\\dataconnect\": could not find dataconnect.yaml in `c:\\Users\\ermi0\\flutter projects\\apps\\dataconnect`\n"}}
[debug] [2026-04-22T13:16:06.310Z] E0422 16:16:06.310672   23080 watch.go:40] Failed to load config from "c:\\Users\\ermi0\\flutter projects\\apps\\dataconnect": could not find dataconnect.yaml in `c:\Users\ermi0\flutter projects\apps\dataconnect`
 {"metadata":{"emulator":{"name":"dataconnect"},"message":"E0422 16:16:06.310672   23080 watch.go:40] Failed to load config from \"c:\\\\Users\\\\ermi0\\\\flutter projects\\\\apps\\\\dataconnect\": could not find dataconnect.yaml in `c:\\Users\\ermi0\\flutter projects\\apps\\dataconnect`\n"}}
[debug] [2026-04-22T13:16:16.310Z] E0422 16:16:16.310362   23080 watch.go:40] Failed to load config from "c:\\Users\\ermi0\\flutter projects\\apps\\dataconnect": could not find dataconnect.yaml in `c:\Users\ermi0\flutter projects\apps\dataconnect`
 {"metadata":{"emulator":{"name":"dataconnect"},"message":"E0422 16:16:16.310362   23080 watch.go:40] Failed to load config from \"c:\\\\Users\\\\ermi0\\\\flutter projects\\\\apps\\\\dataconnect\": could not find dataconnect.yaml in `c:\\Users\\ermi0\\flutter projects\\apps\\dataconnect`\n"}}
[debug] [2026-04-22T13:16:26.310Z] E0422 16:16:26.310717   23080 watch.go:40] Failed to load config from "c:\\Users\\ermi0\\flutter projects\\apps\\dataconnect": could not find dataconnect.yaml in `c:\Users\ermi0\flutter projects\apps\dataconnect`
 {"metadata":{"emulator":{"name":"dataconnect"},"message":"E0422 16:16:26.310717   23080 watch.go:40] Failed to load config from \"c:\\\\Users\\\\ermi0\\\\flutter projects\\\\apps\\\\dataconnect\": could not find dataconnect.yaml in `c:\\Users\\ermi0\\flutter projects\\apps\\dataconnect`\n"}}
[debug] [2026-04-22T13:16:36.310Z] E0422 16:16:36.310390   23080 watch.go:40] Failed to load config from "c:\\Users\\ermi0\\flutter projects\\apps\\dataconnect": could not find dataconnect.yaml in `c:\Users\ermi0\flutter projects\apps\dataconnect`
 {"metadata":{"emulator":{"name":"dataconnect"},"message":"E0422 16:16:36.310390   23080 watch.go:40] Failed to load config from \"c:\\\\Users\\\\ermi0\\\\flutter projects\\\\apps\\\\dataconnect\": could not find dataconnect.yaml in `c:\\Users\\ermi0\\flutter projects\\apps\\dataconnect`\n"}}
[debug] [2026-04-22T13:16:46.310Z] E0422 16:16:46.311005   23080 watch.go:40] Failed to load config from "c:\\Users\\ermi0\\flutter projects\\apps\\dataconnect": could not find dataconnect.yaml in `c:\Users\ermi0\flutter projects\apps\dataconnect`
 {"metadata":{"emulator":{"name":"dataconnect"},"message":"E0422 16:16:46.311005   23080 watch.go:40] Failed to load config from \"c:\\\\Users\\\\ermi0\\\\flutter projects\\\\apps\\\\dataconnect\": could not find dataconnect.yaml in `c:\\Users\\ermi0\\flutter projects\\apps\\dataconnect`\n"}}
[debug] [2026-04-22T13:16:56.310Z] E0422 16:16:56.310929   23080 watch.go:40] Failed to load config from "c:\\Users\\ermi0\\flutter projects\\apps\\dataconnect": could not find dataconnect.yaml in `c:\Users\ermi0\flutter projects\apps\dataconnect`
 {"metadata":{"emulator":{"name":"dataconnect"},"message":"E0422 16:16:56.310929   23080 watch.go:40] Failed to load config from \"c:\\\\Users\\\\ermi0\\\\flutter projects\\\\apps\\\\dataconnect\": could not find dataconnect.yaml in `c:\\Users\\ermi0\\flutter projects\\apps\\dataconnect`\n"}}
[debug] [2026-04-22T13:17:06.311Z] E0422 16:17:06.310997   23080 watch.go:40] Failed to load config from "c:\\Users\\ermi0\\flutter projects\\apps\\dataconnect": could not find dataconnect.yaml in `c:\Users\ermi0\flutter projects\apps\dataconnect`
 {"metadata":{"emulator":{"name":"dataconnect"},"message":"E0422 16:17:06.310997   23080 watch.go:40] Failed to load config from \"c:\\\\Users\\\\ermi0\\\\flutter projects\\\\apps\\\\dataconnect\": could not find dataconnect.yaml in `c:\\Users\\ermi0\\flutter projects\\apps\\dataconnect`\n"}}
[debug] [2026-04-22T13:17:16.310Z] E0422 16:17:16.310961   23080 watch.go:40] Failed to load config from "c:\\Users\\ermi0\\flutter projects\\apps\\dataconnect": could not find dataconnect.yaml in `c:\Users\ermi0\flutter projects\apps\dataconnect`
 {"metadata":{"emulator":{"name":"dataconnect"},"message":"E0422 16:17:16.310961   23080 watch.go:40] Failed to load config from \"c:\\\\Users\\\\ermi0\\\\flutter projects\\\\apps\\\\dataconnect\": could not find dataconnect.yaml in `c:\\Users\\ermi0\\flutter projects\\apps\\dataconnect`\n"}}
[debug] [2026-04-22T13:17:26.311Z] E0422 16:17:26.311357   23080 watch.go:40] Failed to load config from "c:\\Users\\ermi0\\flutter projects\\apps\\dataconnect": could not find dataconnect.yaml in `c:\Users\ermi0\flutter projects\apps\dataconnect`
 {"metadata":{"emulator":{"name":"dataconnect"},"message":"E0422 16:17:26.311357   23080 watch.go:40] Failed to load config from \"c:\\\\Users\\\\ermi0\\\\flutter projects\\\\apps\\\\dataconnect\": could not find dataconnect.yaml in `c:\\Users\\ermi0\\flutter projects\\apps\\dataconnect`\n"}}
[debug] [2026-04-22T13:17:36.310Z] E0422 16:17:36.310525   23080 watch.go:40] Failed to load config from "c:\\Users\\ermi0\\flutter projects\\apps\\dataconnect": could not find dataconnect.yaml in `c:\Users\ermi0\flutter projects\apps\dataconnect`
 {"metadata":{"emulator":{"name":"dataconnect"},"message":"E0422 16:17:36.310525   23080 watch.go:40] Failed to load config from \"c:\\\\Users\\\\ermi0\\\\flutter projects\\\\apps\\\\dataconnect\": could not find dataconnect.yaml in `c:\\Users\\ermi0\\flutter projects\\apps\\dataconnect`\n"}}
[debug] [2026-04-22T13:17:46.310Z] E0422 16:17:46.310536   23080 watch.go:40] Failed to load config from "c:\\Users\\ermi0\\flutter projects\\apps\\dataconnect": could not find dataconnect.yaml in `c:\Users\ermi0\flutter projects\apps\dataconnect`
 {"metadata":{"emulator":{"name":"dataconnect"},"message":"E0422 16:17:46.310536   23080 watch.go:40] Failed to load config from \"c:\\\\Users\\\\ermi0\\\\flutter projects\\\\apps\\\\dataconnect\": could not find dataconnect.yaml in `c:\\Users\\ermi0\\flutter projects\\apps\\dataconnect`\n"}}
[debug] [2026-04-22T13:17:56.310Z] E0422 16:17:56.310448   23080 watch.go:40] Failed to load config from "c:\\Users\\ermi0\\flutter projects\\apps\\dataconnect": could not find dataconnect.yaml in `c:\Users\ermi0\flutter projects\apps\dataconnect`
 {"metadata":{"emulator":{"name":"dataconnect"},"message":"E0422 16:17:56.310448   23080 watch.go:40] Failed to load config from \"c:\\\\Users\\\\ermi0\\\\flutter projects\\\\apps\\\\dataconnect\": could not find dataconnect.yaml in `c:\\Users\\ermi0\\flutter projects\\apps\\dataconnect`\n"}}
[debug] [2026-04-22T13:18:06.310Z] E0422 16:18:06.310699   23080 watch.go:40] Failed to load config from "c:\\Users\\ermi0\\flutter projects\\apps\\dataconnect": could not find dataconnect.yaml in `c:\Users\ermi0\flutter projects\apps\dataconnect`
 {"metadata":{"emulator":{"name":"dataconnect"},"message":"E0422 16:18:06.310699   23080 watch.go:40] Failed to load config from \"c:\\\\Users\\\\ermi0\\\\flutter projects\\\\apps\\\\dataconnect\": could not find dataconnect.yaml in `c:\\Users\\ermi0\\flutter projects\\apps\\dataconnect`\n"}}
[debug] [2026-04-22T13:18:16.310Z] E0422 16:18:16.310820   23080 watch.go:40] Failed to load config from "c:\\Users\\ermi0\\flutter projects\\apps\\dataconnect": could not find dataconnect.yaml in `c:\Users\ermi0\flutter projects\apps\dataconnect`
 {"metadata":{"emulator":{"name":"dataconnect"},"message":"E0422 16:18:16.310820   23080 watch.go:40] Failed to load config from \"c:\\\\Users\\\\ermi0\\\\flutter projects\\\\apps\\\\dataconnect\": could not find dataconnect.yaml in `c:\\Users\\ermi0\\flutter projects\\apps\\dataconnect`\n"}}
[debug] [2026-04-22T13:18:26.310Z] E0422 16:18:26.310857   23080 watch.go:40] Failed to load config from "c:\\Users\\ermi0\\flutter projects\\apps\\dataconnect": could not find dataconnect.yaml in `c:\Users\ermi0\flutter projects\apps\dataconnect`
 {"metadata":{"emulator":{"name":"dataconnect"},"message":"E0422 16:18:26.310857   23080 watch.go:40] Failed to load config from \"c:\\\\Users\\\\ermi0\\\\flutter projects\\\\apps\\\\dataconnect\": could not find dataconnect.yaml in `c:\\Users\\ermi0\\flutter projects\\apps\\dataconnect`\n"}}
[debug] [2026-04-22T13:18:36.311Z] E0422 16:18:36.311179   23080 watch.go:40] Failed to load config from "c:\\Users\\ermi0\\flutter projects\\apps\\dataconnect": could not find dataconnect.yaml in `c:\Users\ermi0\flutter projects\apps\dataconnect`
 {"metadata":{"emulator":{"name":"dataconnect"},"message":"E0422 16:18:36.311179   23080 watch.go:40] Failed to load config from \"c:\\\\Users\\\\ermi0\\\\flutter projects\\\\apps\\\\dataconnect\": could not find dataconnect.yaml in `c:\\Users\\ermi0\\flutter projects\\apps\\dataconnect`\n"}}
[debug] [2026-04-22T13:18:46.310Z] E0422 16:18:46.310590   23080 watch.go:40] Failed to load config from "c:\\Users\\ermi0\\flutter projects\\apps\\dataconnect": could not find dataconnect.yaml in `c:\Users\ermi0\flutter projects\apps\dataconnect`
 {"metadata":{"emulator":{"name":"dataconnect"},"message":"E0422 16:18:46.310590   23080 watch.go:40] Failed to load config from \"c:\\\\Users\\\\ermi0\\\\flutter projects\\\\apps\\\\dataconnect\": could not find dataconnect.yaml in `c:\\Users\\ermi0\\flutter projects\\apps\\dataconnect`\n"}}
[debug] [2026-04-22T13:18:56.310Z] E0422 16:18:56.310373   23080 watch.go:40] Failed to load config from "c:\\Users\\ermi0\\flutter projects\\apps\\dataconnect": could not find dataconnect.yaml in `c:\Users\ermi0\flutter projects\apps\dataconnect`
 {"metadata":{"emulator":{"name":"dataconnect"},"message":"E0422 16:18:56.310373   23080 watch.go:40] Failed to load config from \"c:\\\\Users\\\\ermi0\\\\flutter projects\\\\apps\\\\dataconnect\": could not find dataconnect.yaml in `c:\\Users\\ermi0\\flutter projects\\apps\\dataconnect`\n"}}
[debug] [2026-04-22T13:19:06.310Z] E0422 16:19:06.310707   23080 watch.go:40] Failed to load config from "c:\\Users\\ermi0\\flutter projects\\apps\\dataconnect": could not find dataconnect.yaml in `c:\Users\ermi0\flutter projects\apps\dataconnect`
 {"metadata":{"emulator":{"name":"dataconnect"},"message":"E0422 16:19:06.310707   23080 watch.go:40] Failed to load config from \"c:\\\\Users\\\\ermi0\\\\flutter projects\\\\apps\\\\dataconnect\": could not find dataconnect.yaml in `c:\\Users\\ermi0\\flutter projects\\apps\\dataconnect`\n"}}
[debug] [2026-04-22T13:19:16.310Z] E0422 16:19:16.310235   23080 watch.go:40] Failed to load config from "c:\\Users\\ermi0\\flutter projects\\apps\\dataconnect": could not find dataconnect.yaml in `c:\Users\ermi0\flutter projects\apps\dataconnect`
 {"metadata":{"emulator":{"name":"dataconnect"},"message":"E0422 16:19:16.310235   23080 watch.go:40] Failed to load config from \"c:\\\\Users\\\\ermi0\\\\flutter projects\\\\apps\\\\dataconnect\": could not find dataconnect.yaml in `c:\\Users\\ermi0\\flutter projects\\apps\\dataconnect`\n"}}
[debug] [2026-04-22T13:19:26.310Z] E0422 16:19:26.310316   23080 watch.go:40] Failed to load config from "c:\\Users\\ermi0\\flutter projects\\apps\\dataconnect": could not find dataconnect.yaml in `c:\Users\ermi0\flutter projects\apps\dataconnect`
 {"metadata":{"emulator":{"name":"dataconnect"},"message":"E0422 16:19:26.310316   23080 watch.go:40] Failed to load config from \"c:\\\\Users\\\\ermi0\\\\flutter projects\\\\apps\\\\dataconnect\": could not find dataconnect.yaml in `c:\\Users\\ermi0\\flutter projects\\apps\\dataconnect`\n"}}
[debug] [2026-04-22T13:19:36.310Z] E0422 16:19:36.310645   23080 watch.go:40] Failed to load config from "c:\\Users\\ermi0\\flutter projects\\apps\\dataconnect": could not find dataconnect.yaml in `c:\Users\ermi0\flutter projects\apps\dataconnect`
 {"metadata":{"emulator":{"name":"dataconnect"},"message":"E0422 16:19:36.310645   23080 watch.go:40] Failed to load config from \"c:\\\\Users\\\\ermi0\\\\flutter projects\\\\apps\\\\dataconnect\": could not find dataconnect.yaml in `c:\\Users\\ermi0\\flutter projects\\apps\\dataconnect`\n"}}
[debug] [2026-04-22T13:19:46.310Z] E0422 16:19:46.311003   23080 watch.go:40] Failed to load config from "c:\\Users\\ermi0\\flutter projects\\apps\\dataconnect": could not find dataconnect.yaml in `c:\Users\ermi0\flutter projects\apps\dataconnect`
 {"metadata":{"emulator":{"name":"dataconnect"},"message":"E0422 16:19:46.311003   23080 watch.go:40] Failed to load config from \"c:\\\\Users\\\\ermi0\\\\flutter projects\\\\apps\\\\dataconnect\": could not find dataconnect.yaml in `c:\\Users\\ermi0\\flutter projects\\apps\\dataconnect`\n"}}
[debug] [2026-04-22T13:19:56.311Z] E0422 16:19:56.310846   23080 watch.go:40] Failed to load config from "c:\\Users\\ermi0\\flutter projects\\apps\\dataconnect": could not find dataconnect.yaml in `c:\Users\ermi0\flutter projects\apps\dataconnect`
 {"metadata":{"emulator":{"name":"dataconnect"},"message":"E0422 16:19:56.310846   23080 watch.go:40] Failed to load config from \"c:\\\\Users\\\\ermi0\\\\flutter projects\\\\apps\\\\dataconnect\": could not find dataconnect.yaml in `c:\\Users\\ermi0\\flutter projects\\apps\\dataconnect`\n"}}
[debug] [2026-04-22T13:20:06.310Z] E0422 16:20:06.310691   23080 watch.go:40] Failed to load config from "c:\\Users\\ermi0\\flutter projects\\apps\\dataconnect": could not find dataconnect.yaml in `c:\Users\ermi0\flutter projects\apps\dataconnect`
 {"metadata":{"emulator":{"name":"dataconnect"},"message":"E0422 16:20:06.310691   23080 watch.go:40] Failed to load config from \"c:\\\\Users\\\\ermi0\\\\flutter projects\\\\apps\\\\dataconnect\": could not find dataconnect.yaml in `c:\\Users\\ermi0\\flutter projects\\apps\\dataconnect`\n"}}
[debug] [2026-04-22T13:20:16.310Z] E0422 16:20:16.310318   23080 watch.go:40] Failed to load config from "c:\\Users\\ermi0\\flutter projects\\apps\\dataconnect": could not find dataconnect.yaml in `c:\Users\ermi0\flutter projects\apps\dataconnect`
 {"metadata":{"emulator":{"name":"dataconnect"},"message":"E0422 16:20:16.310318   23080 watch.go:40] Failed to load config from \"c:\\\\Users\\\\ermi0\\\\flutter projects\\\\apps\\\\dataconnect\": could not find dataconnect.yaml in `c:\\Users\\ermi0\\flutter projects\\apps\\dataconnect`\n"}}
[debug] [2026-04-22T13:20:26.311Z] E0422 16:20:26.310459   23080 watch.go:40] Failed to load config from "c:\\Users\\ermi0\\flutter projects\\apps\\dataconnect": could not find dataconnect.yaml in `c:\Users\ermi0\flutter projects\apps\dataconnect`
 {"metadata":{"emulator":{"name":"dataconnect"},"message":"E0422 16:20:26.310459   23080 watch.go:40] Failed to load config from \"c:\\\\Users\\\\ermi0\\\\flutter projects\\\\apps\\\\dataconnect\": could not find dataconnect.yaml in `c:\\Users\\ermi0\\flutter projects\\apps\\dataconnect`\n"}}
[debug] [2026-04-22T13:20:36.311Z] E0422 16:20:36.310554   23080 watch.go:40] Failed to load config from "c:\\Users\\ermi0\\flutter projects\\apps\\dataconnect": could not find dataconnect.yaml in `c:\Users\ermi0\flutter projects\apps\dataconnect`
 {"metadata":{"emulator":{"name":"dataconnect"},"message":"E0422 16:20:36.310554   23080 watch.go:40] Failed to load config from \"c:\\\\Users\\\\ermi0\\\\flutter projects\\\\apps\\\\dataconnect\": could not find dataconnect.yaml in `c:\\Users\\ermi0\\flutter projects\\apps\\dataconnect`\n"}}
[debug] [2026-04-22T13:20:46.310Z] E0422 16:20:46.310341   23080 watch.go:40] Failed to load config from "c:\\Users\\ermi0\\flutter projects\\apps\\dataconnect": could not find dataconnect.yaml in `c:\Users\ermi0\flutter projects\apps\dataconnect`
 {"metadata":{"emulator":{"name":"dataconnect"},"message":"E0422 16:20:46.310341   23080 watch.go:40] Failed to load config from \"c:\\\\Users\\\\ermi0\\\\flutter projects\\\\apps\\\\dataconnect\": could not find dataconnect.yaml in `c:\\Users\\ermi0\\flutter projects\\apps\\dataconnect`\n"}}
[debug] [2026-04-22T13:20:56.310Z] E0422 16:20:56.310426   23080 watch.go:40] Failed to load config from "c:\\Users\\ermi0\\flutter projects\\apps\\dataconnect": could not find dataconnect.yaml in `c:\Users\ermi0\flutter projects\apps\dataconnect`
 {"metadata":{"emulator":{"name":"dataconnect"},"message":"E0422 16:20:56.310426   23080 watch.go:40] Failed to load config from \"c:\\\\Users\\\\ermi0\\\\flutter projects\\\\apps\\\\dataconnect\": could not find dataconnect.yaml in `c:\\Users\\ermi0\\flutter projects\\apps\\dataconnect`\n"}}
[debug] [2026-04-22T13:21:06.310Z] E0422 16:21:06.310360   23080 watch.go:40] Failed to load config from "c:\\Users\\ermi0\\flutter projects\\apps\\dataconnect": could not find dataconnect.yaml in `c:\Users\ermi0\flutter projects\apps\dataconnect`
 {"metadata":{"emulator":{"name":"dataconnect"},"message":"E0422 16:21:06.310360   23080 watch.go:40] Failed to load config from \"c:\\\\Users\\\\ermi0\\\\flutter projects\\\\apps\\\\dataconnect\": could not find dataconnect.yaml in `c:\\Users\\ermi0\\flutter projects\\apps\\dataconnect`\n"}}
[debug] [2026-04-22T13:21:16.312Z] E0422 16:21:16.312436   23080 watch.go:40] Failed to load config from "c:\\Users\\ermi0\\flutter projects\\apps\\dataconnect": could not find dataconnect.yaml in `c:\Users\ermi0\flutter projects\apps\dataconnect`
 {"metadata":{"emulator":{"name":"dataconnect"},"message":"E0422 16:21:16.312436   23080 watch.go:40] Failed to load config from \"c:\\\\Users\\\\ermi0\\\\flutter projects\\\\apps\\\\dataconnect\": could not find dataconnect.yaml in `c:\\Users\\ermi0\\flutter projects\\apps\\dataconnect`\n"}}
[debug] [2026-04-22T13:21:26.310Z] E0422 16:21:26.310706   23080 watch.go:40] Failed to load config from "c:\\Users\\ermi0\\flutter projects\\apps\\dataconnect": could not find dataconnect.yaml in `c:\Users\ermi0\flutter projects\apps\dataconnect`
 {"metadata":{"emulator":{"name":"dataconnect"},"message":"E0422 16:21:26.310706   23080 watch.go:40] Failed to load config from \"c:\\\\Users\\\\ermi0\\\\flutter projects\\\\apps\\\\dataconnect\": could not find dataconnect.yaml in `c:\\Users\\ermi0\\flutter projects\\apps\\dataconnect`\n"}}
[debug] [2026-04-22T13:21:36.310Z] E0422 16:21:36.310439   23080 watch.go:40] Failed to load config from "c:\\Users\\ermi0\\flutter projects\\apps\\dataconnect": could not find dataconnect.yaml in `c:\Users\ermi0\flutter projects\apps\dataconnect`
 {"metadata":{"emulator":{"name":"dataconnect"},"message":"E0422 16:21:36.310439   23080 watch.go:40] Failed to load config from \"c:\\\\Users\\\\ermi0\\\\flutter projects\\\\apps\\\\dataconnect\": could not find dataconnect.yaml in `c:\\Users\\ermi0\\flutter projects\\apps\\dataconnect`\n"}}
[debug] [2026-04-22T13:21:46.310Z] E0422 16:21:46.311051   23080 watch.go:40] Failed to load config from "c:\\Users\\ermi0\\flutter projects\\apps\\dataconnect": could not find dataconnect.yaml in `c:\Users\ermi0\flutter projects\apps\dataconnect`
 {"metadata":{"emulator":{"name":"dataconnect"},"message":"E0422 16:21:46.311051   23080 watch.go:40] Failed to load config from \"c:\\\\Users\\\\ermi0\\\\flutter projects\\\\apps\\\\dataconnect\": could not find dataconnect.yaml in `c:\\Users\\ermi0\\flutter projects\\apps\\dataconnect`\n"}}
[debug] [2026-04-22T13:21:56.310Z] E0422 16:21:56.310514   23080 watch.go:40] Failed to load config from "c:\\Users\\ermi0\\flutter projects\\apps\\dataconnect": could not find dataconnect.yaml in `c:\Users\ermi0\flutter projects\apps\dataconnect`
 {"metadata":{"emulator":{"name":"dataconnect"},"message":"E0422 16:21:56.310514   23080 watch.go:40] Failed to load config from \"c:\\\\Users\\\\ermi0\\\\flutter projects\\\\apps\\\\dataconnect\": could not find dataconnect.yaml in `c:\\Users\\ermi0\\flutter projects\\apps\\dataconnect`\n"}}
[debug] [2026-04-22T13:22:06.310Z] E0422 16:22:06.310300   23080 watch.go:40] Failed to load config from "c:\\Users\\ermi0\\flutter projects\\apps\\dataconnect": could not find dataconnect.yaml in `c:\Users\ermi0\flutter projects\apps\dataconnect`
 {"metadata":{"emulator":{"name":"dataconnect"},"message":"E0422 16:22:06.310300   23080 watch.go:40] Failed to load config from \"c:\\\\Users\\\\ermi0\\\\flutter projects\\\\apps\\\\dataconnect\": could not find dataconnect.yaml in `c:\\Users\\ermi0\\flutter projects\\apps\\dataconnect`\n"}}
[debug] [2026-04-22T13:22:16.313Z] E0422 16:22:16.313418   23080 watch.go:40] Failed to load config from "c:\\Users\\ermi0\\flutter projects\\apps\\dataconnect": could not find dataconnect.yaml in `c:\Users\ermi0\flutter projects\apps\dataconnect`
 {"metadata":{"emulator":{"name":"dataconnect"},"message":"E0422 16:22:16.313418   23080 watch.go:40] Failed to load config from \"c:\\\\Users\\\\ermi0\\\\flutter projects\\\\apps\\\\dataconnect\": could not find dataconnect.yaml in `c:\\Users\\ermi0\\flutter projects\\apps\\dataconnect`\n"}}
[debug] [2026-04-22T13:22:26.310Z] E0422 16:22:26.310375   23080 watch.go:40] Failed to load config from "c:\\Users\\ermi0\\flutter projects\\apps\\dataconnect": could not find dataconnect.yaml in `c:\Users\ermi0\flutter projects\apps\dataconnect`
 {"metadata":{"emulator":{"name":"dataconnect"},"message":"E0422 16:22:26.310375   23080 watch.go:40] Failed to load config from \"c:\\\\Users\\\\ermi0\\\\flutter projects\\\\apps\\\\dataconnect\": could not find dataconnect.yaml in `c:\\Users\\ermi0\\flutter projects\\apps\\dataconnect`\n"}}
[debug] [2026-04-22T13:22:36.310Z] E0422 16:22:36.310625   23080 watch.go:40] Failed to load config from "c:\\Users\\ermi0\\flutter projects\\apps\\dataconnect": could not find dataconnect.yaml in `c:\Users\ermi0\flutter projects\apps\dataconnect`
 {"metadata":{"emulator":{"name":"dataconnect"},"message":"E0422 16:22:36.310625   23080 watch.go:40] Failed to load config from \"c:\\\\Users\\\\ermi0\\\\flutter projects\\\\apps\\\\dataconnect\": could not find dataconnect.yaml in `c:\\Users\\ermi0\\flutter projects\\apps\\dataconnect`\n"}}
[debug] [2026-04-22T13:22:46.310Z] E0422 16:22:46.310585   23080 watch.go:40] Failed to load config from "c:\\Users\\ermi0\\flutter projects\\apps\\dataconnect": could not find dataconnect.yaml in `c:\Users\ermi0\flutter projects\apps\dataconnect`
 {"metadata":{"emulator":{"name":"dataconnect"},"message":"E0422 16:22:46.310585   23080 watch.go:40] Failed to load config from \"c:\\\\Users\\\\ermi0\\\\flutter projects\\\\apps\\\\dataconnect\": could not find dataconnect.yaml in `c:\\Users\\ermi0\\flutter projects\\apps\\dataconnect`\n"}}
[debug] [2026-04-22T13:22:56.310Z] E0422 16:22:56.310439   23080 watch.go:40] Failed to load config from "c:\\Users\\ermi0\\flutter projects\\apps\\dataconnect": could not find dataconnect.yaml in `c:\Users\ermi0\flutter projects\apps\dataconnect`
 {"metadata":{"emulator":{"name":"dataconnect"},"message":"E0422 16:22:56.310439   23080 watch.go:40] Failed to load config from \"c:\\\\Users\\\\ermi0\\\\flutter projects\\\\apps\\\\dataconnect\": could not find dataconnect.yaml in `c:\\Users\\ermi0\\flutter projects\\apps\\dataconnect`\n"}}
[debug] [2026-04-22T13:23:06.310Z] E0422 16:23:06.310533   23080 watch.go:40] Failed to load config from "c:\\Users\\ermi0\\flutter projects\\apps\\dataconnect": could not find dataconnect.yaml in `c:\Users\ermi0\flutter projects\apps\dataconnect`
 {"metadata":{"emulator":{"name":"dataconnect"},"message":"E0422 16:23:06.310533   23080 watch.go:40] Failed to load config from \"c:\\\\Users\\\\ermi0\\\\flutter projects\\\\apps\\\\dataconnect\": could not find dataconnect.yaml in `c:\\Users\\ermi0\\flutter projects\\apps\\dataconnect`\n"}}
[debug] [2026-04-22T13:23:16.310Z] E0422 16:23:16.310579   23080 watch.go:40] Failed to load config from "c:\\Users\\ermi0\\flutter projects\\apps\\dataconnect": could not find dataconnect.yaml in `c:\Users\ermi0\flutter projects\apps\dataconnect`
 {"metadata":{"emulator":{"name":"dataconnect"},"message":"E0422 16:23:16.310579   23080 watch.go:40] Failed to load config from \"c:\\\\Users\\\\ermi0\\\\flutter projects\\\\apps\\\\dataconnect\": could not find dataconnect.yaml in `c:\\Users\\ermi0\\flutter projects\\apps\\dataconnect`\n"}}
[debug] [2026-04-22T13:23:26.310Z] E0422 16:23:26.310904   23080 watch.go:40] Failed to load config from "c:\\Users\\ermi0\\flutter projects\\apps\\dataconnect": could not find dataconnect.yaml in `c:\Users\ermi0\flutter projects\apps\dataconnect`
 {"metadata":{"emulator":{"name":"dataconnect"},"message":"E0422 16:23:26.310904   23080 watch.go:40] Failed to load config from \"c:\\\\Users\\\\ermi0\\\\flutter projects\\\\apps\\\\dataconnect\": could not find dataconnect.yaml in `c:\\Users\\ermi0\\flutter projects\\apps\\dataconnect`\n"}}
[debug] [2026-04-22T13:23:36.310Z] E0422 16:23:36.310514   23080 watch.go:40] Failed to load config from "c:\\Users\\ermi0\\flutter projects\\apps\\dataconnect": could not find dataconnect.yaml in `c:\Users\ermi0\flutter projects\apps\dataconnect`
 {"metadata":{"emulator":{"name":"dataconnect"},"message":"E0422 16:23:36.310514   23080 watch.go:40] Failed to load config from \"c:\\\\Users\\\\ermi0\\\\flutter projects\\\\apps\\\\dataconnect\": could not find dataconnect.yaml in `c:\\Users\\ermi0\\flutter projects\\apps\\dataconnect`\n"}}
[debug] [2026-04-22T13:23:46.310Z] E0422 16:23:46.310201   23080 watch.go:40] Failed to load config from "c:\\Users\\ermi0\\flutter projects\\apps\\dataconnect": could not find dataconnect.yaml in `c:\Users\ermi0\flutter projects\apps\dataconnect`
 {"metadata":{"emulator":{"name":"dataconnect"},"message":"E0422 16:23:46.310201   23080 watch.go:40] Failed to load config from \"c:\\\\Users\\\\ermi0\\\\flutter projects\\\\apps\\\\dataconnect\": could not find dataconnect.yaml in `c:\\Users\\ermi0\\flutter projects\\apps\\dataconnect`\n"}}
[debug] [2026-04-22T13:23:56.311Z] E0422 16:23:56.311037   23080 watch.go:40] Failed to load config from "c:\\Users\\ermi0\\flutter projects\\apps\\dataconnect": could not find dataconnect.yaml in `c:\Users\ermi0\flutter projects\apps\dataconnect`
 {"metadata":{"emulator":{"name":"dataconnect"},"message":"E0422 16:23:56.311037   23080 watch.go:40] Failed to load config from \"c:\\\\Users\\\\ermi0\\\\flutter projects\\\\apps\\\\dataconnect\": could not find dataconnect.yaml in `c:\\Users\\ermi0\\flutter projects\\apps\\dataconnect`\n"}}
[debug] [2026-04-22T13:24:06.311Z] E0422 16:24:06.311871   23080 watch.go:40] Failed to load config from "c:\\Users\\ermi0\\flutter projects\\apps\\dataconnect": could not find dataconnect.yaml in `c:\Users\ermi0\flutter projects\apps\dataconnect`
 {"metadata":{"emulator":{"name":"dataconnect"},"message":"E0422 16:24:06.311871   23080 watch.go:40] Failed to load config from \"c:\\\\Users\\\\ermi0\\\\flutter projects\\\\apps\\\\dataconnect\": could not find dataconnect.yaml in `c:\\Users\\ermi0\\flutter projects\\apps\\dataconnect`\n"}}
[debug] [2026-04-22T13:24:16.310Z] E0422 16:24:16.310496   23080 watch.go:40] Failed to load config from "c:\\Users\\ermi0\\flutter projects\\apps\\dataconnect": could not find dataconnect.yaml in `c:\Users\ermi0\flutter projects\apps\dataconnect`
 {"metadata":{"emulator":{"name":"dataconnect"},"message":"E0422 16:24:16.310496   23080 watch.go:40] Failed to load config from \"c:\\\\Users\\\\ermi0\\\\flutter projects\\\\apps\\\\dataconnect\": could not find dataconnect.yaml in `c:\\Users\\ermi0\\flutter projects\\apps\\dataconnect`\n"}}
[debug] [2026-04-22T13:24:26.310Z] E0422 16:24:26.311074   23080 watch.go:40] Failed to load config from "c:\\Users\\ermi0\\flutter projects\\apps\\dataconnect": could not find dataconnect.yaml in `c:\Users\ermi0\flutter projects\apps\dataconnect`
 {"metadata":{"emulator":{"name":"dataconnect"},"message":"E0422 16:24:26.311074   23080 watch.go:40] Failed to load config from \"c:\\\\Users\\\\ermi0\\\\flutter projects\\\\apps\\\\dataconnect\": could not find dataconnect.yaml in `c:\\Users\\ermi0\\flutter projects\\apps\\dataconnect`\n"}}
[debug] [2026-04-22T13:24:36.310Z] E0422 16:24:36.310271   23080 watch.go:40] Failed to load config from "c:\\Users\\ermi0\\flutter projects\\apps\\dataconnect": could not find dataconnect.yaml in `c:\Users\ermi0\flutter projects\apps\dataconnect`
 {"metadata":{"emulator":{"name":"dataconnect"},"message":"E0422 16:24:36.310271   23080 watch.go:40] Failed to load config from \"c:\\\\Users\\\\ermi0\\\\flutter projects\\\\apps\\\\dataconnect\": could not find dataconnect.yaml in `c:\\Users\\ermi0\\flutter projects\\apps\\dataconnect`\n"}}
[debug] [2026-04-22T13:24:46.310Z] E0422 16:24:46.310548   23080 watch.go:40] Failed to load config from "c:\\Users\\ermi0\\flutter projects\\apps\\dataconnect": could not find dataconnect.yaml in `c:\Users\ermi0\flutter projects\apps\dataconnect`
 {"metadata":{"emulator":{"name":"dataconnect"},"message":"E0422 16:24:46.310548   23080 watch.go:40] Failed to load config from \"c:\\\\Users\\\\ermi0\\\\flutter projects\\\\apps\\\\dataconnect\": could not find dataconnect.yaml in `c:\\Users\\ermi0\\flutter projects\\apps\\dataconnect`\n"}}
[debug] [2026-04-22T13:24:56.310Z] E0422 16:24:56.310583   23080 watch.go:40] Failed to load config from "c:\\Users\\ermi0\\flutter projects\\apps\\dataconnect": could not find dataconnect.yaml in `c:\Users\ermi0\flutter projects\apps\dataconnect`
 {"metadata":{"emulator":{"name":"dataconnect"},"message":"E0422 16:24:56.310583   23080 watch.go:40] Failed to load config from \"c:\\\\Users\\\\ermi0\\\\flutter projects\\\\apps\\\\dataconnect\": could not find dataconnect.yaml in `c:\\Users\\ermi0\\flutter projects\\apps\\dataconnect`\n"}}
[debug] [2026-04-22T13:25:06.310Z] E0422 16:25:06.310155   23080 watch.go:40] Failed to load config from "c:\\Users\\ermi0\\flutter projects\\apps\\dataconnect": could not find dataconnect.yaml in `c:\Users\ermi0\flutter projects\apps\dataconnect`
 {"metadata":{"emulator":{"name":"dataconnect"},"message":"E0422 16:25:06.310155   23080 watch.go:40] Failed to load config from \"c:\\\\Users\\\\ermi0\\\\flutter projects\\\\apps\\\\dataconnect\": could not find dataconnect.yaml in `c:\\Users\\ermi0\\flutter projects\\apps\\dataconnect`\n"}}
[debug] [2026-04-22T13:25:16.310Z] E0422 16:25:16.310147   23080 watch.go:40] Failed to load config from "c:\\Users\\ermi0\\flutter projects\\apps\\dataconnect": could not find dataconnect.yaml in `c:\Users\ermi0\flutter projects\apps\dataconnect`
 {"metadata":{"emulator":{"name":"dataconnect"},"message":"E0422 16:25:16.310147   23080 watch.go:40] Failed to load config from \"c:\\\\Users\\\\ermi0\\\\flutter projects\\\\apps\\\\dataconnect\": could not find dataconnect.yaml in `c:\\Users\\ermi0\\flutter projects\\apps\\dataconnect`\n"}}
[debug] [2026-04-22T13:25:26.310Z] E0422 16:25:26.310345   23080 watch.go:40] Failed to load config from "c:\\Users\\ermi0\\flutter projects\\apps\\dataconnect": could not find dataconnect.yaml in `c:\Users\ermi0\flutter projects\apps\dataconnect`
 {"metadata":{"emulator":{"name":"dataconnect"},"message":"E0422 16:25:26.310345   23080 watch.go:40] Failed to load config from \"c:\\\\Users\\\\ermi0\\\\flutter projects\\\\apps\\\\dataconnect\": could not find dataconnect.yaml in `c:\\Users\\ermi0\\flutter projects\\apps\\dataconnect`\n"}}
[debug] [2026-04-22T13:25:36.312Z] E0422 16:25:36.311985   23080 watch.go:40] Failed to load config from "c:\\Users\\ermi0\\flutter projects\\apps\\dataconnect": could not find dataconnect.yaml in `c:\Users\ermi0\flutter projects\apps\dataconnect`
 {"metadata":{"emulator":{"name":"dataconnect"},"message":"E0422 16:25:36.311985   23080 watch.go:40] Failed to load config from \"c:\\\\Users\\\\ermi0\\\\flutter projects\\\\apps\\\\dataconnect\": could not find dataconnect.yaml in `c:\\Users\\ermi0\\flutter projects\\apps\\dataconnect`\n"}}
[debug] [2026-04-22T13:25:46.310Z] E0422 16:25:46.310523   23080 watch.go:40] Failed to load config from "c:\\Users\\ermi0\\flutter projects\\apps\\dataconnect": could not find dataconnect.yaml in `c:\Users\ermi0\flutter projects\apps\dataconnect`
 {"metadata":{"emulator":{"name":"dataconnect"},"message":"E0422 16:25:46.310523   23080 watch.go:40] Failed to load config from \"c:\\\\Users\\\\ermi0\\\\flutter projects\\\\apps\\\\dataconnect\": could not find dataconnect.yaml in `c:\\Users\\ermi0\\flutter projects\\apps\\dataconnect`\n"}}
[debug] [2026-04-22T13:25:56.310Z] E0422 16:25:56.310304   23080 watch.go:40] Failed to load config from "c:\\Users\\ermi0\\flutter projects\\apps\\dataconnect": could not find dataconnect.yaml in `c:\Users\ermi0\flutter projects\apps\dataconnect`
 {"metadata":{"emulator":{"name":"dataconnect"},"message":"E0422 16:25:56.310304   23080 watch.go:40] Failed to load config from \"c:\\\\Users\\\\ermi0\\\\flutter projects\\\\apps\\\\dataconnect\": could not find dataconnect.yaml in `c:\\Users\\ermi0\\flutter projects\\apps\\dataconnect`\n"}}
[debug] [2026-04-22T13:26:06.310Z] E0422 16:26:06.310585   23080 watch.go:40] Failed to load config from "c:\\Users\\ermi0\\flutter projects\\apps\\dataconnect": could not find dataconnect.yaml in `c:\Users\ermi0\flutter projects\apps\dataconnect`
 {"metadata":{"emulator":{"name":"dataconnect"},"message":"E0422 16:26:06.310585   23080 watch.go:40] Failed to load config from \"c:\\\\Users\\\\ermi0\\\\flutter projects\\\\apps\\\\dataconnect\": could not find dataconnect.yaml in `c:\\Users\\ermi0\\flutter projects\\apps\\dataconnect`\n"}}
[debug] [2026-04-22T13:26:16.311Z] E0422 16:26:16.310821   23080 watch.go:40] Failed to load config from "c:\\Users\\ermi0\\flutter projects\\apps\\dataconnect": could not find dataconnect.yaml in `c:\Users\ermi0\flutter projects\apps\dataconnect`
 {"metadata":{"emulator":{"name":"dataconnect"},"message":"E0422 16:26:16.310821   23080 watch.go:40] Failed to load config from \"c:\\\\Users\\\\ermi0\\\\flutter projects\\\\apps\\\\dataconnect\": could not find dataconnect.yaml in `c:\\Users\\ermi0\\flutter projects\\apps\\dataconnect`\n"}}
[debug] [2026-04-22T13:26:26.311Z] E0422 16:26:26.311202   23080 watch.go:40] Failed to load config from "c:\\Users\\ermi0\\flutter projects\\apps\\dataconnect": could not find dataconnect.yaml in `c:\Users\ermi0\flutter projects\apps\dataconnect`
 {"metadata":{"emulator":{"name":"dataconnect"},"message":"E0422 16:26:26.311202   23080 watch.go:40] Failed to load config from \"c:\\\\Users\\\\ermi0\\\\flutter projects\\\\apps\\\\dataconnect\": could not find dataconnect.yaml in `c:\\Users\\ermi0\\flutter projects\\apps\\dataconnect`\n"}}
[debug] [2026-04-22T13:26:36.311Z] E0422 16:26:36.310430   23080 watch.go:40] Failed to load config from "c:\\Users\\ermi0\\flutter projects\\apps\\dataconnect": could not find dataconnect.yaml in `c:\Users\ermi0\flutter projects\apps\dataconnect`
 {"metadata":{"emulator":{"name":"dataconnect"},"message":"E0422 16:26:36.310430   23080 watch.go:40] Failed to load config from \"c:\\\\Users\\\\ermi0\\\\flutter projects\\\\apps\\\\dataconnect\": could not find dataconnect.yaml in `c:\\Users\\ermi0\\flutter projects\\apps\\dataconnect`\n"}}
[debug] [2026-04-22T13:26:46.310Z] E0422 16:26:46.310517   23080 watch.go:40] Failed to load config from "c:\\Users\\ermi0\\flutter projects\\apps\\dataconnect": could not find dataconnect.yaml in `c:\Users\ermi0\flutter projects\apps\dataconnect`
 {"metadata":{"emulator":{"name":"dataconnect"},"message":"E0422 16:26:46.310517   23080 watch.go:40] Failed to load config from \"c:\\\\Users\\\\ermi0\\\\flutter projects\\\\apps\\\\dataconnect\": could not find dataconnect.yaml in `c:\\Users\\ermi0\\flutter projects\\apps\\dataconnect`\n"}}
[debug] [2026-04-22T13:26:56.311Z] E0422 16:26:56.311120   23080 watch.go:40] Failed to load config from "c:\\Users\\ermi0\\flutter projects\\apps\\dataconnect": could not find dataconnect.yaml in `c:\Users\ermi0\flutter projects\apps\dataconnect`
 {"metadata":{"emulator":{"name":"dataconnect"},"message":"E0422 16:26:56.311120   23080 watch.go:40] Failed to load config from \"c:\\\\Users\\\\ermi0\\\\flutter projects\\\\apps\\\\dataconnect\": could not find dataconnect.yaml in `c:\\Users\\ermi0\\flutter projects\\apps\\dataconnect`\n"}}
[debug] [2026-04-22T13:27:06.310Z] E0422 16:27:06.310641   23080 watch.go:40] Failed to load config from "c:\\Users\\ermi0\\flutter projects\\apps\\dataconnect": could not find dataconnect.yaml in `c:\Users\ermi0\flutter projects\apps\dataconnect`
 {"metadata":{"emulator":{"name":"dataconnect"},"message":"E0422 16:27:06.310641   23080 watch.go:40] Failed to load config from \"c:\\\\Users\\\\ermi0\\\\flutter projects\\\\apps\\\\dataconnect\": could not find dataconnect.yaml in `c:\\Users\\ermi0\\flutter projects\\apps\\dataconnect`\n"}}
[debug] [2026-04-22T13:27:16.310Z] E0422 16:27:16.310638   23080 watch.go:40] Failed to load config from "c:\\Users\\ermi0\\flutter projects\\apps\\dataconnect": could not find dataconnect.yaml in `c:\Users\ermi0\flutter projects\apps\dataconnect`
 {"metadata":{"emulator":{"name":"dataconnect"},"message":"E0422 16:27:16.310638   23080 watch.go:40] Failed to load config from \"c:\\\\Users\\\\ermi0\\\\flutter projects\\\\apps\\\\dataconnect\": could not find dataconnect.yaml in `c:\\Users\\ermi0\\flutter projects\\apps\\dataconnect`\n"}}
[debug] [2026-04-22T13:27:26.310Z] E0422 16:27:26.310400   23080 watch.go:40] Failed to load config from "c:\\Users\\ermi0\\flutter projects\\apps\\dataconnect": could not find dataconnect.yaml in `c:\Users\ermi0\flutter projects\apps\dataconnect`
 {"metadata":{"emulator":{"name":"dataconnect"},"message":"E0422 16:27:26.310400   23080 watch.go:40] Failed to load config from \"c:\\\\Users\\\\ermi0\\\\flutter projects\\\\apps\\\\dataconnect\": could not find dataconnect.yaml in `c:\\Users\\ermi0\\flutter projects\\apps\\dataconnect`\n"}}
[debug] [2026-04-22T13:27:36.311Z] E0422 16:27:36.312223   23080 watch.go:40] Failed to load config from "c:\\Users\\ermi0\\flutter projects\\apps\\dataconnect": could not find dataconnect.yaml in `c:\Users\ermi0\flutter projects\apps\dataconnect`
 {"metadata":{"emulator":{"name":"dataconnect"},"message":"E0422 16:27:36.312223   23080 watch.go:40] Failed to load config from \"c:\\\\Users\\\\ermi0\\\\flutter projects\\\\apps\\\\dataconnect\": could not find dataconnect.yaml in `c:\\Users\\ermi0\\flutter projects\\apps\\dataconnect`\n"}}
[debug] [2026-04-22T13:27:46.310Z] E0422 16:27:46.310090   23080 watch.go:40] Failed to load config from "c:\\Users\\ermi0\\flutter projects\\apps\\dataconnect": could not find dataconnect.yaml in `c:\Users\ermi0\flutter projects\apps\dataconnect`
 {"metadata":{"emulator":{"name":"dataconnect"},"message":"E0422 16:27:46.310090   23080 watch.go:40] Failed to load config from \"c:\\\\Users\\\\ermi0\\\\flutter projects\\\\apps\\\\dataconnect\": could not find dataconnect.yaml in `c:\\Users\\ermi0\\flutter projects\\apps\\dataconnect`\n"}}
[debug] [2026-04-22T13:27:56.311Z] E0422 16:27:56.310114   23080 watch.go:40] Failed to load config from "c:\\Users\\ermi0\\flutter projects\\apps\\dataconnect": could not find dataconnect.yaml in `c:\Users\ermi0\flutter projects\apps\dataconnect`
 {"metadata":{"emulator":{"name":"dataconnect"},"message":"E0422 16:27:56.310114   23080 watch.go:40] Failed to load config from \"c:\\\\Users\\\\ermi0\\\\flutter projects\\\\apps\\\\dataconnect\": could not find dataconnect.yaml in `c:\\Users\\ermi0\\flutter projects\\apps\\dataconnect`\n"}}
[debug] [2026-04-22T13:28:06.311Z] E0422 16:28:06.311051   23080 watch.go:40] Failed to load config from "c:\\Users\\ermi0\\flutter projects\\apps\\dataconnect": could not find dataconnect.yaml in `c:\Users\ermi0\flutter projects\apps\dataconnect`
 {"metadata":{"emulator":{"name":"dataconnect"},"message":"E0422 16:28:06.311051   23080 watch.go:40] Failed to load config from \"c:\\\\Users\\\\ermi0\\\\flutter projects\\\\apps\\\\dataconnect\": could not find dataconnect.yaml in `c:\\Users\\ermi0\\flutter projects\\apps\\dataconnect`\n"}}
[debug] [2026-04-22T13:28:16.310Z] E0422 16:28:16.310387   23080 watch.go:40] Failed to load config from "c:\\Users\\ermi0\\flutter projects\\apps\\dataconnect": could not find dataconnect.yaml in `c:\Users\ermi0\flutter projects\apps\dataconnect`
 {"metadata":{"emulator":{"name":"dataconnect"},"message":"E0422 16:28:16.310387   23080 watch.go:40] Failed to load config from \"c:\\\\Users\\\\ermi0\\\\flutter projects\\\\apps\\\\dataconnect\": could not find dataconnect.yaml in `c:\\Users\\ermi0\\flutter projects\\apps\\dataconnect`\n"}}
[debug] [2026-04-22T13:28:26.313Z] E0422 16:28:26.313715   23080 watch.go:40] Failed to load config from "c:\\Users\\ermi0\\flutter projects\\apps\\dataconnect": could not find dataconnect.yaml in `c:\Users\ermi0\flutter projects\apps\dataconnect`
 {"metadata":{"emulator":{"name":"dataconnect"},"message":"E0422 16:28:26.313715   23080 watch.go:40] Failed to load config from \"c:\\\\Users\\\\ermi0\\\\flutter projects\\\\apps\\\\dataconnect\": could not find dataconnect.yaml in `c:\\Users\\ermi0\\flutter projects\\apps\\dataconnect`\n"}}
[debug] [2026-04-22T13:28:36.363Z] E0422 16:28:36.347392   23080 watch.go:40] Failed to load config from "c:\\Users\\ermi0\\flutter projects\\apps\\dataconnect": could not find dataconnect.yaml in `c:\Users\ermi0\flutter projects\apps\dataconnect`
 {"metadata":{"emulator":{"name":"dataconnect"},"message":"E0422 16:28:36.347392   23080 watch.go:40] Failed to load config from \"c:\\\\Users\\\\ermi0\\\\flutter projects\\\\apps\\\\dataconnect\": could not find dataconnect.yaml in `c:\\Users\\ermi0\\flutter projects\\apps\\dataconnect`\n"}}
[debug] [2026-04-22T13:28:46.321Z] E0422 16:28:46.321332   23080 watch.go:40] Failed to load config from "c:\\Users\\ermi0\\flutter projects\\apps\\dataconnect": could not find dataconnect.yaml in `c:\Users\ermi0\flutter projects\apps\dataconnect`
 {"metadata":{"emulator":{"name":"dataconnect"},"message":"E0422 16:28:46.321332   23080 watch.go:40] Failed to load config from \"c:\\\\Users\\\\ermi0\\\\flutter projects\\\\apps\\\\dataconnect\": could not find dataconnect.yaml in `c:\\Users\\ermi0\\flutter projects\\apps\\dataconnect`\n"}}
[debug] [2026-04-22T13:28:56.318Z] E0422 16:28:56.317860   23080 watch.go:40] Failed to load config from "c:\\Users\\ermi0\\flutter projects\\apps\\dataconnect": could not find dataconnect.yaml in `c:\Users\ermi0\flutter projects\apps\dataconnect`
 {"metadata":{"emulator":{"name":"dataconnect"},"message":"E0422 16:28:56.317860   23080 watch.go:40] Failed to load config from \"c:\\\\Users\\\\ermi0\\\\flutter projects\\\\apps\\\\dataconnect\": could not find dataconnect.yaml in `c:\\Users\\ermi0\\flutter projects\\apps\\dataconnect`\n"}}
[debug] [2026-04-22T13:29:06.317Z] E0422 16:29:06.317487   23080 watch.go:40] Failed to load config from "c:\\Users\\ermi0\\flutter projects\\apps\\dataconnect": could not find dataconnect.yaml in `c:\Users\ermi0\flutter projects\apps\dataconnect`
 {"metadata":{"emulator":{"name":"dataconnect"},"message":"E0422 16:29:06.317487   23080 watch.go:40] Failed to load config from \"c:\\\\Users\\\\ermi0\\\\flutter projects\\\\apps\\\\dataconnect\": could not find dataconnect.yaml in `c:\\Users\\ermi0\\flutter projects\\apps\\dataconnect`\n"}}
[debug] [2026-04-22T13:29:16.312Z] E0422 16:29:16.311904   23080 watch.go:40] Failed to load config from "c:\\Users\\ermi0\\flutter projects\\apps\\dataconnect": could not find dataconnect.yaml in `c:\Users\ermi0\flutter projects\apps\dataconnect`
 {"metadata":{"emulator":{"name":"dataconnect"},"message":"E0422 16:29:16.311904   23080 watch.go:40] Failed to load config from \"c:\\\\Users\\\\ermi0\\\\flutter projects\\\\apps\\\\dataconnect\": could not find dataconnect.yaml in `c:\\Users\\ermi0\\flutter projects\\apps\\dataconnect`\n"}}
[debug] [2026-04-22T13:29:26.310Z] E0422 16:29:26.310739   23080 watch.go:40] Failed to load config from "c:\\Users\\ermi0\\flutter projects\\apps\\dataconnect": could not find dataconnect.yaml in `c:\Users\ermi0\flutter projects\apps\dataconnect`
 {"metadata":{"emulator":{"name":"dataconnect"},"message":"E0422 16:29:26.310739   23080 watch.go:40] Failed to load config from \"c:\\\\Users\\\\ermi0\\\\flutter projects\\\\apps\\\\dataconnect\": could not find dataconnect.yaml in `c:\\Users\\ermi0\\flutter projects\\apps\\dataconnect`\n"}}
[debug] [2026-04-22T13:29:36.431Z] E0422 16:29:36.430579   23080 watch.go:40] Failed to load config from "c:\\Users\\ermi0\\flutter projects\\apps\\dataconnect": could not find dataconnect.yaml in `c:\Users\ermi0\flutter projects\apps\dataconnect`
 {"metadata":{"emulator":{"name":"dataconnect"},"message":"E0422 16:29:36.430579   23080 watch.go:40] Failed to load config from \"c:\\\\Users\\\\ermi0\\\\flutter projects\\\\apps\\\\dataconnect\": could not find dataconnect.yaml in `c:\\Users\\ermi0\\flutter projects\\apps\\dataconnect`\n"}}
[debug] [2026-04-22T13:29:46.311Z] E0422 16:29:46.311888   23080 watch.go:40] Failed to load config from "c:\\Users\\ermi0\\flutter projects\\apps\\dataconnect": could not find dataconnect.yaml in `c:\Users\ermi0\flutter projects\apps\dataconnect`
 {"metadata":{"emulator":{"name":"dataconnect"},"message":"E0422 16:29:46.311888   23080 watch.go:40] Failed to load config from \"c:\\\\Users\\\\ermi0\\\\flutter projects\\\\apps\\\\dataconnect\": could not find dataconnect.yaml in `c:\\Users\\ermi0\\flutter projects\\apps\\dataconnect`\n"}}
[debug] [2026-04-22T13:29:56.312Z] E0422 16:29:56.311834   23080 watch.go:40] Failed to load config from "c:\\Users\\ermi0\\flutter projects\\apps\\dataconnect": could not find dataconnect.yaml in `c:\Users\ermi0\flutter projects\apps\dataconnect`
 {"metadata":{"emulator":{"name":"dataconnect"},"message":"E0422 16:29:56.311834   23080 watch.go:40] Failed to load config from \"c:\\\\Users\\\\ermi0\\\\flutter projects\\\\apps\\\\dataconnect\": could not find dataconnect.yaml in `c:\\Users\\ermi0\\flutter projects\\apps\\dataconnect`\n"}}
[debug] [2026-04-22T13:30:06.314Z] E0422 16:30:06.310909   23080 watch.go:40] Failed to load config from "c:\\Users\\ermi0\\flutter projects\\apps\\dataconnect": could not find dataconnect.yaml in `c:\Users\ermi0\flutter projects\apps\dataconnect`
 {"metadata":{"emulator":{"name":"dataconnect"},"message":"E0422 16:30:06.310909   23080 watch.go:40] Failed to load config from \"c:\\\\Users\\\\ermi0\\\\flutter projects\\\\apps\\\\dataconnect\": could not find dataconnect.yaml in `c:\\Users\\ermi0\\flutter projects\\apps\\dataconnect`\n"}}
[debug] [2026-04-22T13:30:16.312Z] E0422 16:30:16.311127   23080 watch.go:40] Failed to load config from "c:\\Users\\ermi0\\flutter projects\\apps\\dataconnect": could not find dataconnect.yaml in `c:\Users\ermi0\flutter projects\apps\dataconnect`
 {"metadata":{"emulator":{"name":"dataconnect"},"message":"E0422 16:30:16.311127   23080 watch.go:40] Failed to load config from \"c:\\\\Users\\\\ermi0\\\\flutter projects\\\\apps\\\\dataconnect\": could not find dataconnect.yaml in `c:\\Users\\ermi0\\flutter projects\\apps\\dataconnect`\n"}}
[debug] [2026-04-22T13:30:26.326Z] E0422 16:30:26.326270   23080 watch.go:40] Failed to load config from "c:\\Users\\ermi0\\flutter projects\\apps\\dataconnect": could not find dataconnect.yaml in `c:\Users\ermi0\flutter projects\apps\dataconnect`
 {"metadata":{"emulator":{"name":"dataconnect"},"message":"E0422 16:30:26.326270   23080 watch.go:40] Failed to load config from \"c:\\\\Users\\\\ermi0\\\\flutter projects\\\\apps\\\\dataconnect\": could not find dataconnect.yaml in `c:\\Users\\ermi0\\flutter projects\\apps\\dataconnect`\n"}}
[debug] [2026-04-22T13:30:36.311Z] E0422 16:30:36.311465   23080 watch.go:40] Failed to load config from "c:\\Users\\ermi0\\flutter projects\\apps\\dataconnect": could not find dataconnect.yaml in `c:\Users\ermi0\flutter projects\apps\dataconnect`
 {"metadata":{"emulator":{"name":"dataconnect"},"message":"E0422 16:30:36.311465   23080 watch.go:40] Failed to load config from \"c:\\\\Users\\\\ermi0\\\\flutter projects\\\\apps\\\\dataconnect\": could not find dataconnect.yaml in `c:\\Users\\ermi0\\flutter projects\\apps\\dataconnect`\n"}}
[debug] [2026-04-22T13:30:46.311Z] E0422 16:30:46.310442   23080 watch.go:40] Failed to load config from "c:\\Users\\ermi0\\flutter projects\\apps\\dataconnect": could not find dataconnect.yaml in `c:\Users\ermi0\flutter projects\apps\dataconnect`
 {"metadata":{"emulator":{"name":"dataconnect"},"message":"E0422 16:30:46.310442   23080 watch.go:40] Failed to load config from \"c:\\\\Users\\\\ermi0\\\\flutter projects\\\\apps\\\\dataconnect\": could not find dataconnect.yaml in `c:\\Users\\ermi0\\flutter projects\\apps\\dataconnect`\n"}}
[debug] [2026-04-22T13:30:56.341Z] E0422 16:30:56.341343   23080 watch.go:40] Failed to load config from "c:\\Users\\ermi0\\flutter projects\\apps\\dataconnect": could not find dataconnect.yaml in `c:\Users\ermi0\flutter projects\apps\dataconnect`
 {"metadata":{"emulator":{"name":"dataconnect"},"message":"E0422 16:30:56.341343   23080 watch.go:40] Failed to load config from \"c:\\\\Users\\\\ermi0\\\\flutter projects\\\\apps\\\\dataconnect\": could not find dataconnect.yaml in `c:\\Users\\ermi0\\flutter projects\\apps\\dataconnect`\n"}}
[debug] [2026-04-22T13:31:06.327Z] E0422 16:31:06.326890   23080 watch.go:40] Failed to load config from "c:\\Users\\ermi0\\flutter projects\\apps\\dataconnect": could not find dataconnect.yaml in `c:\Users\ermi0\flutter projects\apps\dataconnect`
 {"metadata":{"emulator":{"name":"dataconnect"},"message":"E0422 16:31:06.326890   23080 watch.go:40] Failed to load config from \"c:\\\\Users\\\\ermi0\\\\flutter projects\\\\apps\\\\dataconnect\": could not find dataconnect.yaml in `c:\\Users\\ermi0\\flutter projects\\apps\\dataconnect`\n"}}
[debug] [2026-04-22T13:31:17.143Z] E0422 16:31:16.471638   23080 watch.go:40] Failed to load config from "c:\\Users\\ermi0\\flutter projects\\apps\\dataconnect": could not find dataconnect.yaml in `c:\Users\ermi0\flutter projects\apps\dataconnect`
 {"metadata":{"emulator":{"name":"dataconnect"},"message":"E0422 16:31:16.471638   23080 watch.go:40] Failed to load config from \"c:\\\\Users\\\\ermi0\\\\flutter projects\\\\apps\\\\dataconnect\": could not find dataconnect.yaml in `c:\\Users\\ermi0\\flutter projects\\apps\\dataconnect`\n"}}
[debug] [2026-04-22T13:31:26.348Z] E0422 16:31:26.347806   23080 watch.go:40] Failed to load config from "c:\\Users\\ermi0\\flutter projects\\apps\\dataconnect": could not find dataconnect.yaml in `c:\Users\ermi0\flutter projects\apps\dataconnect`
 {"metadata":{"emulator":{"name":"dataconnect"},"message":"E0422 16:31:26.347806   23080 watch.go:40] Failed to load config from \"c:\\\\Users\\\\ermi0\\\\flutter projects\\\\apps\\\\dataconnect\": could not find dataconnect.yaml in `c:\\Users\\ermi0\\flutter projects\\apps\\dataconnect`\n"}}
[debug] [2026-04-22T13:31:36.506Z] E0422 16:31:36.437905   23080 watch.go:40] Failed to load config from "c:\\Users\\ermi0\\flutter projects\\apps\\dataconnect": could not find dataconnect.yaml in `c:\Users\ermi0\flutter projects\apps\dataconnect`
 {"metadata":{"emulator":{"name":"dataconnect"},"message":"E0422 16:31:36.437905   23080 watch.go:40] Failed to load config from \"c:\\\\Users\\\\ermi0\\\\flutter projects\\\\apps\\\\dataconnect\": could not find dataconnect.yaml in `c:\\Users\\ermi0\\flutter projects\\apps\\dataconnect`\n"}}
[debug] [2026-04-22T13:31:46.327Z] E0422 16:31:46.311323   23080 watch.go:40] Failed to load config from "c:\\Users\\ermi0\\flutter projects\\apps\\dataconnect": could not find dataconnect.yaml in `c:\Users\ermi0\flutter projects\apps\dataconnect`
 {"metadata":{"emulator":{"name":"dataconnect"},"message":"E0422 16:31:46.311323   23080 watch.go:40] Failed to load config from \"c:\\\\Users\\\\ermi0\\\\flutter projects\\\\apps\\\\dataconnect\": could not find dataconnect.yaml in `c:\\Users\\ermi0\\flutter projects\\apps\\dataconnect`\n"}}
[debug] [2026-04-22T13:31:56.570Z] E0422 16:31:56.310369   23080 watch.go:40] Failed to load config from "c:\\Users\\ermi0\\flutter projects\\apps\\dataconnect": could not find dataconnect.yaml in `c:\Users\ermi0\flutter projects\apps\dataconnect`
 {"metadata":{"emulator":{"name":"dataconnect"},"message":"E0422 16:31:56.310369   23080 watch.go:40] Failed to load config from \"c:\\\\Users\\\\ermi0\\\\flutter projects\\\\apps\\\\dataconnect\": could not find dataconnect.yaml in `c:\\Users\\ermi0\\flutter projects\\apps\\dataconnect`\n"}}
[debug] [2026-04-22T13:32:06.749Z] E0422 16:32:06.312404   23080 watch.go:40] Failed to load config from "c:\\Users\\ermi0\\flutter projects\\apps\\dataconnect": could not find dataconnect.yaml in `c:\Users\ermi0\flutter projects\apps\dataconnect`
 {"metadata":{"emulator":{"name":"dataconnect"},"message":"E0422 16:32:06.312404   23080 watch.go:40] Failed to load config from \"c:\\\\Users\\\\ermi0\\\\flutter projects\\\\apps\\\\dataconnect\": could not find dataconnect.yaml in `c:\\Users\\ermi0\\flutter projects\\apps\\dataconnect`\n"}}
[debug] [2026-04-22T13:32:16.318Z] E0422 16:32:16.316409   23080 watch.go:40] Failed to load config from "c:\\Users\\ermi0\\flutter projects\\apps\\dataconnect": could not find dataconnect.yaml in `c:\Users\ermi0\flutter projects\apps\dataconnect`
 {"metadata":{"emulator":{"name":"dataconnect"},"message":"E0422 16:32:16.316409   23080 watch.go:40] Failed to load config from \"c:\\\\Users\\\\ermi0\\\\flutter projects\\\\apps\\\\dataconnect\": could not find dataconnect.yaml in `c:\\Users\\ermi0\\flutter projects\\apps\\dataconnect`\n"}}
[debug] [2026-04-22T13:32:26.312Z] E0422 16:32:26.311942   23080 watch.go:40] Failed to load config from "c:\\Users\\ermi0\\flutter projects\\apps\\dataconnect": could not find dataconnect.yaml in `c:\Users\ermi0\flutter projects\apps\dataconnect`
 {"metadata":{"emulator":{"name":"dataconnect"},"message":"E0422 16:32:26.311942   23080 watch.go:40] Failed to load config from \"c:\\\\Users\\\\ermi0\\\\flutter projects\\\\apps\\\\dataconnect\": could not find dataconnect.yaml in `c:\\Users\\ermi0\\flutter projects\\apps\\dataconnect`\n"}}
[debug] [2026-04-22T13:32:36.311Z] E0422 16:32:36.310711   23080 watch.go:40] Failed to load config from "c:\\Users\\ermi0\\flutter projects\\apps\\dataconnect": could not find dataconnect.yaml in `c:\Users\ermi0\flutter projects\apps\dataconnect`
 {"metadata":{"emulator":{"name":"dataconnect"},"message":"E0422 16:32:36.310711   23080 watch.go:40] Failed to load config from \"c:\\\\Users\\\\ermi0\\\\flutter projects\\\\apps\\\\dataconnect\": could not find dataconnect.yaml in `c:\\Users\\ermi0\\flutter projects\\apps\\dataconnect`\n"}}
[debug] [2026-04-22T13:32:46.310Z] E0422 16:32:46.310161   23080 watch.go:40] Failed to load config from "c:\\Users\\ermi0\\flutter projects\\apps\\dataconnect": could not find dataconnect.yaml in `c:\Users\ermi0\flutter projects\apps\dataconnect`
 {"metadata":{"emulator":{"name":"dataconnect"},"message":"E0422 16:32:46.310161   23080 watch.go:40] Failed to load config from \"c:\\\\Users\\\\ermi0\\\\flutter projects\\\\apps\\\\dataconnect\": could not find dataconnect.yaml in `c:\\Users\\ermi0\\flutter projects\\apps\\dataconnect`\n"}}
[debug] [2026-04-22T13:32:56.316Z] E0422 16:32:56.315089   23080 watch.go:40] Failed to load config from "c:\\Users\\ermi0\\flutter projects\\apps\\dataconnect": could not find dataconnect.yaml in `c:\Users\ermi0\flutter projects\apps\dataconnect`
 {"metadata":{"emulator":{"name":"dataconnect"},"message":"E0422 16:32:56.315089   23080 watch.go:40] Failed to load config from \"c:\\\\Users\\\\ermi0\\\\flutter projects\\\\apps\\\\dataconnect\": could not find dataconnect.yaml in `c:\\Users\\ermi0\\flutter projects\\apps\\dataconnect`\n"}}
[debug] [2026-04-22T13:33:06.311Z] E0422 16:33:06.310632   23080 watch.go:40] Failed to load config from "c:\\Users\\ermi0\\flutter projects\\apps\\dataconnect": could not find dataconnect.yaml in `c:\Users\ermi0\flutter projects\apps\dataconnect`
 {"metadata":{"emulator":{"name":"dataconnect"},"message":"E0422 16:33:06.310632   23080 watch.go:40] Failed to load config from \"c:\\\\Users\\\\ermi0\\\\flutter projects\\\\apps\\\\dataconnect\": could not find dataconnect.yaml in `c:\\Users\\ermi0\\flutter projects\\apps\\dataconnect`\n"}}
[debug] [2026-04-22T13:33:16.311Z] E0422 16:33:16.310608   23080 watch.go:40] Failed to load config from "c:\\Users\\ermi0\\flutter projects\\apps\\dataconnect": could not find dataconnect.yaml in `c:\Users\ermi0\flutter projects\apps\dataconnect`
 {"metadata":{"emulator":{"name":"dataconnect"},"message":"E0422 16:33:16.310608   23080 watch.go:40] Failed to load config from \"c:\\\\Users\\\\ermi0\\\\flutter projects\\\\apps\\\\dataconnect\": could not find dataconnect.yaml in `c:\\Users\\ermi0\\flutter projects\\apps\\dataconnect`\n"}}
[debug] [2026-04-22T13:33:26.310Z] E0422 16:33:26.310680   23080 watch.go:40] Failed to load config from "c:\\Users\\ermi0\\flutter projects\\apps\\dataconnect": could not find dataconnect.yaml in `c:\Users\ermi0\flutter projects\apps\dataconnect`
 {"metadata":{"emulator":{"name":"dataconnect"},"message":"E0422 16:33:26.310680   23080 watch.go:40] Failed to load config from \"c:\\\\Users\\\\ermi0\\\\flutter projects\\\\apps\\\\dataconnect\": could not find dataconnect.yaml in `c:\\Users\\ermi0\\flutter projects\\apps\\dataconnect`\n"}}
[debug] [2026-04-22T13:33:36.310Z] E0422 16:33:36.310296   23080 watch.go:40] Failed to load config from "c:\\Users\\ermi0\\flutter projects\\apps\\dataconnect": could not find dataconnect.yaml in `c:\Users\ermi0\flutter projects\apps\dataconnect`
 {"metadata":{"emulator":{"name":"dataconnect"},"message":"E0422 16:33:36.310296   23080 watch.go:40] Failed to load config from \"c:\\\\Users\\\\ermi0\\\\flutter projects\\\\apps\\\\dataconnect\": could not find dataconnect.yaml in `c:\\Users\\ermi0\\flutter projects\\apps\\dataconnect`\n"}}
[debug] [2026-04-22T13:33:46.310Z] E0422 16:33:46.310217   23080 watch.go:40] Failed to load config from "c:\\Users\\ermi0\\flutter projects\\apps\\dataconnect": could not find dataconnect.yaml in `c:\Users\ermi0\flutter projects\apps\dataconnect`
 {"metadata":{"emulator":{"name":"dataconnect"},"message":"E0422 16:33:46.310217   23080 watch.go:40] Failed to load config from \"c:\\\\Users\\\\ermi0\\\\flutter projects\\\\apps\\\\dataconnect\": could not find dataconnect.yaml in `c:\\Users\\ermi0\\flutter projects\\apps\\dataconnect`\n"}}
[debug] [2026-04-22T13:33:56.310Z] E0422 16:33:56.310552   23080 watch.go:40] Failed to load config from "c:\\Users\\ermi0\\flutter projects\\apps\\dataconnect": could not find dataconnect.yaml in `c:\Users\ermi0\flutter projects\apps\dataconnect`
 {"metadata":{"emulator":{"name":"dataconnect"},"message":"E0422 16:33:56.310552   23080 watch.go:40] Failed to load config from \"c:\\\\Users\\\\ermi0\\\\flutter projects\\\\apps\\\\dataconnect\": could not find dataconnect.yaml in `c:\\Users\\ermi0\\flutter projects\\apps\\dataconnect`\n"}}
[debug] [2026-04-22T13:34:06.310Z] E0422 16:34:06.310889   23080 watch.go:40] Failed to load config from "c:\\Users\\ermi0\\flutter projects\\apps\\dataconnect": could not find dataconnect.yaml in `c:\Users\ermi0\flutter projects\apps\dataconnect`
 {"metadata":{"emulator":{"name":"dataconnect"},"message":"E0422 16:34:06.310889   23080 watch.go:40] Failed to load config from \"c:\\\\Users\\\\ermi0\\\\flutter projects\\\\apps\\\\dataconnect\": could not find dataconnect.yaml in `c:\\Users\\ermi0\\flutter projects\\apps\\dataconnect`\n"}}
[debug] [2026-04-22T13:34:16.384Z] E0422 16:34:16.311310   23080 watch.go:40] Failed to load config from "c:\\Users\\ermi0\\flutter projects\\apps\\dataconnect": could not find dataconnect.yaml in `c:\Users\ermi0\flutter projects\apps\dataconnect`
 {"metadata":{"emulator":{"name":"dataconnect"},"message":"E0422 16:34:16.311310   23080 watch.go:40] Failed to load config from \"c:\\\\Users\\\\ermi0\\\\flutter projects\\\\apps\\\\dataconnect\": could not find dataconnect.yaml in `c:\\Users\\ermi0\\flutter projects\\apps\\dataconnect`\n"}}
[debug] [2026-04-22T13:34:26.311Z] E0422 16:34:26.310705   23080 watch.go:40] Failed to load config from "c:\\Users\\ermi0\\flutter projects\\apps\\dataconnect": could not find dataconnect.yaml in `c:\Users\ermi0\flutter projects\apps\dataconnect`
 {"metadata":{"emulator":{"name":"dataconnect"},"message":"E0422 16:34:26.310705   23080 watch.go:40] Failed to load config from \"c:\\\\Users\\\\ermi0\\\\flutter projects\\\\apps\\\\dataconnect\": could not find dataconnect.yaml in `c:\\Users\\ermi0\\flutter projects\\apps\\dataconnect`\n"}}
[debug] [2026-04-22T13:34:36.310Z] E0422 16:34:36.310408   23080 watch.go:40] Failed to load config from "c:\\Users\\ermi0\\flutter projects\\apps\\dataconnect": could not find dataconnect.yaml in `c:\Users\ermi0\flutter projects\apps\dataconnect`
 {"metadata":{"emulator":{"name":"dataconnect"},"message":"E0422 16:34:36.310408   23080 watch.go:40] Failed to load config from \"c:\\\\Users\\\\ermi0\\\\flutter projects\\\\apps\\\\dataconnect\": could not find dataconnect.yaml in `c:\\Users\\ermi0\\flutter projects\\apps\\dataconnect`\n"}}
[debug] [2026-04-22T13:34:46.311Z] E0422 16:34:46.310631   23080 watch.go:40] Failed to load config from "c:\\Users\\ermi0\\flutter projects\\apps\\dataconnect": could not find dataconnect.yaml in `c:\Users\ermi0\flutter projects\apps\dataconnect`
 {"metadata":{"emulator":{"name":"dataconnect"},"message":"E0422 16:34:46.310631   23080 watch.go:40] Failed to load config from \"c:\\\\Users\\\\ermi0\\\\flutter projects\\\\apps\\\\dataconnect\": could not find dataconnect.yaml in `c:\\Users\\ermi0\\flutter projects\\apps\\dataconnect`\n"}}
[debug] [2026-04-22T13:34:56.310Z] E0422 16:34:56.310564   23080 watch.go:40] Failed to load config from "c:\\Users\\ermi0\\flutter projects\\apps\\dataconnect": could not find dataconnect.yaml in `c:\Users\ermi0\flutter projects\apps\dataconnect`
 {"metadata":{"emulator":{"name":"dataconnect"},"message":"E0422 16:34:56.310564   23080 watch.go:40] Failed to load config from \"c:\\\\Users\\\\ermi0\\\\flutter projects\\\\apps\\\\dataconnect\": could not find dataconnect.yaml in `c:\\Users\\ermi0\\flutter projects\\apps\\dataconnect`\n"}}
[debug] [2026-04-22T13:35:06.310Z] E0422 16:35:06.310564   23080 watch.go:40] Failed to load config from "c:\\Users\\ermi0\\flutter projects\\apps\\dataconnect": could not find dataconnect.yaml in `c:\Users\ermi0\flutter projects\apps\dataconnect`
 {"metadata":{"emulator":{"name":"dataconnect"},"message":"E0422 16:35:06.310564   23080 watch.go:40] Failed to load config from \"c:\\\\Users\\\\ermi0\\\\flutter projects\\\\apps\\\\dataconnect\": could not find dataconnect.yaml in `c:\\Users\\ermi0\\flutter projects\\apps\\dataconnect`\n"}}
[debug] [2026-04-22T13:35:16.310Z] E0422 16:35:16.310897   23080 watch.go:40] Failed to load config from "c:\\Users\\ermi0\\flutter projects\\apps\\dataconnect": could not find dataconnect.yaml in `c:\Users\ermi0\flutter projects\apps\dataconnect`
 {"metadata":{"emulator":{"name":"dataconnect"},"message":"E0422 16:35:16.310897   23080 watch.go:40] Failed to load config from \"c:\\\\Users\\\\ermi0\\\\flutter projects\\\\apps\\\\dataconnect\": could not find dataconnect.yaml in `c:\\Users\\ermi0\\flutter projects\\apps\\dataconnect`\n"}}
[debug] [2026-04-22T13:35:26.311Z] E0422 16:35:26.311065   23080 watch.go:40] Failed to load config from "c:\\Users\\ermi0\\flutter projects\\apps\\dataconnect": could not find dataconnect.yaml in `c:\Users\ermi0\flutter projects\apps\dataconnect`
 {"metadata":{"emulator":{"name":"dataconnect"},"message":"E0422 16:35:26.311065   23080 watch.go:40] Failed to load config from \"c:\\\\Users\\\\ermi0\\\\flutter projects\\\\apps\\\\dataconnect\": could not find dataconnect.yaml in `c:\\Users\\ermi0\\flutter projects\\apps\\dataconnect`\n"}}
[debug] [2026-04-22T13:35:36.311Z] E0422 16:35:36.311135   23080 watch.go:40] Failed to load config from "c:\\Users\\ermi0\\flutter projects\\apps\\dataconnect": could not find dataconnect.yaml in `c:\Users\ermi0\flutter projects\apps\dataconnect`
 {"metadata":{"emulator":{"name":"dataconnect"},"message":"E0422 16:35:36.311135   23080 watch.go:40] Failed to load config from \"c:\\\\Users\\\\ermi0\\\\flutter projects\\\\apps\\\\dataconnect\": could not find dataconnect.yaml in `c:\\Users\\ermi0\\flutter projects\\apps\\dataconnect`\n"}}
[debug] [2026-04-22T13:35:46.316Z] E0422 16:35:46.310318   23080 watch.go:40] Failed to load config from "c:\\Users\\ermi0\\flutter projects\\apps\\dataconnect": could not find dataconnect.yaml in `c:\Users\ermi0\flutter projects\apps\dataconnect`
 {"metadata":{"emulator":{"name":"dataconnect"},"message":"E0422 16:35:46.310318   23080 watch.go:40] Failed to load config from \"c:\\\\Users\\\\ermi0\\\\flutter projects\\\\apps\\\\dataconnect\": could not find dataconnect.yaml in `c:\\Users\\ermi0\\flutter projects\\apps\\dataconnect`\n"}}
[debug] [2026-04-22T13:35:56.311Z] E0422 16:35:56.310600   23080 watch.go:40] Failed to load config from "c:\\Users\\ermi0\\flutter projects\\apps\\dataconnect": could not find dataconnect.yaml in `c:\Users\ermi0\flutter projects\apps\dataconnect`
 {"metadata":{"emulator":{"name":"dataconnect"},"message":"E0422 16:35:56.310600   23080 watch.go:40] Failed to load config from \"c:\\\\Users\\\\ermi0\\\\flutter projects\\\\apps\\\\dataconnect\": could not find dataconnect.yaml in `c:\\Users\\ermi0\\flutter projects\\apps\\dataconnect`\n"}}
[debug] [2026-04-22T13:36:06.316Z] E0422 16:36:06.316110   23080 watch.go:40] Failed to load config from "c:\\Users\\ermi0\\flutter projects\\apps\\dataconnect": could not find dataconnect.yaml in `c:\Users\ermi0\flutter projects\apps\dataconnect`
 {"metadata":{"emulator":{"name":"dataconnect"},"message":"E0422 16:36:06.316110   23080 watch.go:40] Failed to load config from \"c:\\\\Users\\\\ermi0\\\\flutter projects\\\\apps\\\\dataconnect\": could not find dataconnect.yaml in `c:\\Users\\ermi0\\flutter projects\\apps\\dataconnect`\n"}}
[debug] [2026-04-22T13:36:16.311Z] E0422 16:36:16.310470   23080 watch.go:40] Failed to load config from "c:\\Users\\ermi0\\flutter projects\\apps\\dataconnect": could not find dataconnect.yaml in `c:\Users\ermi0\flutter projects\apps\dataconnect`
 {"metadata":{"emulator":{"name":"dataconnect"},"message":"E0422 16:36:16.310470   23080 watch.go:40] Failed to load config from \"c:\\\\Users\\\\ermi0\\\\flutter projects\\\\apps\\\\dataconnect\": could not find dataconnect.yaml in `c:\\Users\\ermi0\\flutter projects\\apps\\dataconnect`\n"}}
[debug] [2026-04-22T13:36:26.310Z] E0422 16:36:26.310392   23080 watch.go:40] Failed to load config from "c:\\Users\\ermi0\\flutter projects\\apps\\dataconnect": could not find dataconnect.yaml in `c:\Users\ermi0\flutter projects\apps\dataconnect`
 {"metadata":{"emulator":{"name":"dataconnect"},"message":"E0422 16:36:26.310392   23080 watch.go:40] Failed to load config from \"c:\\\\Users\\\\ermi0\\\\flutter projects\\\\apps\\\\dataconnect\": could not find dataconnect.yaml in `c:\\Users\\ermi0\\flutter projects\\apps\\dataconnect`\n"}}
[debug] [2026-04-22T13:36:36.310Z] E0422 16:36:36.310483   23080 watch.go:40] Failed to load config from "c:\\Users\\ermi0\\flutter projects\\apps\\dataconnect": could not find dataconnect.yaml in `c:\Users\ermi0\flutter projects\apps\dataconnect`
 {"metadata":{"emulator":{"name":"dataconnect"},"message":"E0422 16:36:36.310483   23080 watch.go:40] Failed to load config from \"c:\\\\Users\\\\ermi0\\\\flutter projects\\\\apps\\\\dataconnect\": could not find dataconnect.yaml in `c:\\Users\\ermi0\\flutter projects\\apps\\dataconnect`\n"}}
[debug] [2026-04-22T13:36:46.310Z] E0422 16:36:46.310646   23080 watch.go:40] Failed to load config from "c:\\Users\\ermi0\\flutter projects\\apps\\dataconnect": could not find dataconnect.yaml in `c:\Users\ermi0\flutter projects\apps\dataconnect`
 {"metadata":{"emulator":{"name":"dataconnect"},"message":"E0422 16:36:46.310646   23080 watch.go:40] Failed to load config from \"c:\\\\Users\\\\ermi0\\\\flutter projects\\\\apps\\\\dataconnect\": could not find dataconnect.yaml in `c:\\Users\\ermi0\\flutter projects\\apps\\dataconnect`\n"}}
[debug] [2026-04-22T13:36:56.310Z] E0422 16:36:56.311005   23080 watch.go:40] Failed to load config from "c:\\Users\\ermi0\\flutter projects\\apps\\dataconnect": could not find dataconnect.yaml in `c:\Users\ermi0\flutter projects\apps\dataconnect`
 {"metadata":{"emulator":{"name":"dataconnect"},"message":"E0422 16:36:56.311005   23080 watch.go:40] Failed to load config from \"c:\\\\Users\\\\ermi0\\\\flutter projects\\\\apps\\\\dataconnect\": could not find dataconnect.yaml in `c:\\Users\\ermi0\\flutter projects\\apps\\dataconnect`\n"}}
[debug] [2026-04-22T13:37:06.310Z] E0422 16:37:06.310523   23080 watch.go:40] Failed to load config from "c:\\Users\\ermi0\\flutter projects\\apps\\dataconnect": could not find dataconnect.yaml in `c:\Users\ermi0\flutter projects\apps\dataconnect`
 {"metadata":{"emulator":{"name":"dataconnect"},"message":"E0422 16:37:06.310523   23080 watch.go:40] Failed to load config from \"c:\\\\Users\\\\ermi0\\\\flutter projects\\\\apps\\\\dataconnect\": could not find dataconnect.yaml in `c:\\Users\\ermi0\\flutter projects\\apps\\dataconnect`\n"}}
[debug] [2026-04-22T13:37:16.310Z] E0422 16:37:16.310507   23080 watch.go:40] Failed to load config from "c:\\Users\\ermi0\\flutter projects\\apps\\dataconnect": could not find dataconnect.yaml in `c:\Users\ermi0\flutter projects\apps\dataconnect`
 {"metadata":{"emulator":{"name":"dataconnect"},"message":"E0422 16:37:16.310507   23080 watch.go:40] Failed to load config from \"c:\\\\Users\\\\ermi0\\\\flutter projects\\\\apps\\\\dataconnect\": could not find dataconnect.yaml in `c:\\Users\\ermi0\\flutter projects\\apps\\dataconnect`\n"}}
[debug] [2026-04-22T13:37:26.310Z] E0422 16:37:26.310498   23080 watch.go:40] Failed to load config from "c:\\Users\\ermi0\\flutter projects\\apps\\dataconnect": could not find dataconnect.yaml in `c:\Users\ermi0\flutter projects\apps\dataconnect`
 {"metadata":{"emulator":{"name":"dataconnect"},"message":"E0422 16:37:26.310498   23080 watch.go:40] Failed to load config from \"c:\\\\Users\\\\ermi0\\\\flutter projects\\\\apps\\\\dataconnect\": could not find dataconnect.yaml in `c:\\Users\\ermi0\\flutter projects\\apps\\dataconnect`\n"}}
[debug] [2026-04-22T13:37:36.310Z] E0422 16:37:36.310597   23080 watch.go:40] Failed to load config from "c:\\Users\\ermi0\\flutter projects\\apps\\dataconnect": could not find dataconnect.yaml in `c:\Users\ermi0\flutter projects\apps\dataconnect`
 {"metadata":{"emulator":{"name":"dataconnect"},"message":"E0422 16:37:36.310597   23080 watch.go:40] Failed to load config from \"c:\\\\Users\\\\ermi0\\\\flutter projects\\\\apps\\\\dataconnect\": could not find dataconnect.yaml in `c:\\Users\\ermi0\\flutter projects\\apps\\dataconnect`\n"}}
[debug] [2026-04-22T13:37:46.310Z] E0422 16:37:46.310193   23080 watch.go:40] Failed to load config from "c:\\Users\\ermi0\\flutter projects\\apps\\dataconnect": could not find dataconnect.yaml in `c:\Users\ermi0\flutter projects\apps\dataconnect`
 {"metadata":{"emulator":{"name":"dataconnect"},"message":"E0422 16:37:46.310193   23080 watch.go:40] Failed to load config from \"c:\\\\Users\\\\ermi0\\\\flutter projects\\\\apps\\\\dataconnect\": could not find dataconnect.yaml in `c:\\Users\\ermi0\\flutter projects\\apps\\dataconnect`\n"}}
[debug] [2026-04-22T13:37:56.311Z] E0422 16:37:56.310314   23080 watch.go:40] Failed to load config from "c:\\Users\\ermi0\\flutter projects\\apps\\dataconnect": could not find dataconnect.yaml in `c:\Users\ermi0\flutter projects\apps\dataconnect`
 {"metadata":{"emulator":{"name":"dataconnect"},"message":"E0422 16:37:56.310314   23080 watch.go:40] Failed to load config from \"c:\\\\Users\\\\ermi0\\\\flutter projects\\\\apps\\\\dataconnect\": could not find dataconnect.yaml in `c:\\Users\\ermi0\\flutter projects\\apps\\dataconnect`\n"}}
[debug] [2026-04-22T13:38:06.310Z] E0422 16:38:06.310565   23080 watch.go:40] Failed to load config from "c:\\Users\\ermi0\\flutter projects\\apps\\dataconnect": could not find dataconnect.yaml in `c:\Users\ermi0\flutter projects\apps\dataconnect`
 {"metadata":{"emulator":{"name":"dataconnect"},"message":"E0422 16:38:06.310565   23080 watch.go:40] Failed to load config from \"c:\\\\Users\\\\ermi0\\\\flutter projects\\\\apps\\\\dataconnect\": could not find dataconnect.yaml in `c:\\Users\\ermi0\\flutter projects\\apps\\dataconnect`\n"}}
[debug] [2026-04-22T13:38:16.310Z] E0422 16:38:16.310688   23080 watch.go:40] Failed to load config from "c:\\Users\\ermi0\\flutter projects\\apps\\dataconnect": could not find dataconnect.yaml in `c:\Users\ermi0\flutter projects\apps\dataconnect`
 {"metadata":{"emulator":{"name":"dataconnect"},"message":"E0422 16:38:16.310688   23080 watch.go:40] Failed to load config from \"c:\\\\Users\\\\ermi0\\\\flutter projects\\\\apps\\\\dataconnect\": could not find dataconnect.yaml in `c:\\Users\\ermi0\\flutter projects\\apps\\dataconnect`\n"}}
[debug] [2026-04-22T13:38:26.310Z] E0422 16:38:26.310386   23080 watch.go:40] Failed to load config from "c:\\Users\\ermi0\\flutter projects\\apps\\dataconnect": could not find dataconnect.yaml in `c:\Users\ermi0\flutter projects\apps\dataconnect`
 {"metadata":{"emulator":{"name":"dataconnect"},"message":"E0422 16:38:26.310386   23080 watch.go:40] Failed to load config from \"c:\\\\Users\\\\ermi0\\\\flutter projects\\\\apps\\\\dataconnect\": could not find dataconnect.yaml in `c:\\Users\\ermi0\\flutter projects\\apps\\dataconnect`\n"}}
[debug] [2026-04-22T13:38:36.310Z] E0422 16:38:36.310524   23080 watch.go:40] Failed to load config from "c:\\Users\\ermi0\\flutter projects\\apps\\dataconnect": could not find dataconnect.yaml in `c:\Users\ermi0\flutter projects\apps\dataconnect`
 {"metadata":{"emulator":{"name":"dataconnect"},"message":"E0422 16:38:36.310524   23080 watch.go:40] Failed to load config from \"c:\\\\Users\\\\ermi0\\\\flutter projects\\\\apps\\\\dataconnect\": could not find dataconnect.yaml in `c:\\Users\\ermi0\\flutter projects\\apps\\dataconnect`\n"}}
[debug] [2026-04-22T13:38:46.311Z] E0422 16:38:46.310759   23080 watch.go:40] Failed to load config from "c:\\Users\\ermi0\\flutter projects\\apps\\dataconnect": could not find dataconnect.yaml in `c:\Users\ermi0\flutter projects\apps\dataconnect`
 {"metadata":{"emulator":{"name":"dataconnect"},"message":"E0422 16:38:46.310759   23080 watch.go:40] Failed to load config from \"c:\\\\Users\\\\ermi0\\\\flutter projects\\\\apps\\\\dataconnect\": could not find dataconnect.yaml in `c:\\Users\\ermi0\\flutter projects\\apps\\dataconnect`\n"}}
[debug] [2026-04-22T13:38:56.311Z] E0422 16:38:56.310720   23080 watch.go:40] Failed to load config from "c:\\Users\\ermi0\\flutter projects\\apps\\dataconnect": could not find dataconnect.yaml in `c:\Users\ermi0\flutter projects\apps\dataconnect`
 {"metadata":{"emulator":{"name":"dataconnect"},"message":"E0422 16:38:56.310720   23080 watch.go:40] Failed to load config from \"c:\\\\Users\\\\ermi0\\\\flutter projects\\\\apps\\\\dataconnect\": could not find dataconnect.yaml in `c:\\Users\\ermi0\\flutter projects\\apps\\dataconnect`\n"}}
[debug] [2026-04-22T13:39:06.310Z] E0422 16:39:06.310400   23080 watch.go:40] Failed to load config from "c:\\Users\\ermi0\\flutter projects\\apps\\dataconnect": could not find dataconnect.yaml in `c:\Users\ermi0\flutter projects\apps\dataconnect`
 {"metadata":{"emulator":{"name":"dataconnect"},"message":"E0422 16:39:06.310400   23080 watch.go:40] Failed to load config from \"c:\\\\Users\\\\ermi0\\\\flutter projects\\\\apps\\\\dataconnect\": could not find dataconnect.yaml in `c:\\Users\\ermi0\\flutter projects\\apps\\dataconnect`\n"}}
[debug] [2026-04-22T13:39:16.311Z] E0422 16:39:16.310784   23080 watch.go:40] Failed to load config from "c:\\Users\\ermi0\\flutter projects\\apps\\dataconnect": could not find dataconnect.yaml in `c:\Users\ermi0\flutter projects\apps\dataconnect`
 {"metadata":{"emulator":{"name":"dataconnect"},"message":"E0422 16:39:16.310784   23080 watch.go:40] Failed to load config from \"c:\\\\Users\\\\ermi0\\\\flutter projects\\\\apps\\\\dataconnect\": could not find dataconnect.yaml in `c:\\Users\\ermi0\\flutter projects\\apps\\dataconnect`\n"}}
[debug] [2026-04-22T13:39:26.311Z] E0422 16:39:26.310420   23080 watch.go:40] Failed to load config from "c:\\Users\\ermi0\\flutter projects\\apps\\dataconnect": could not find dataconnect.yaml in `c:\Users\ermi0\flutter projects\apps\dataconnect`
 {"metadata":{"emulator":{"name":"dataconnect"},"message":"E0422 16:39:26.310420   23080 watch.go:40] Failed to load config from \"c:\\\\Users\\\\ermi0\\\\flutter projects\\\\apps\\\\dataconnect\": could not find dataconnect.yaml in `c:\\Users\\ermi0\\flutter projects\\apps\\dataconnect`\n"}}
[debug] [2026-04-22T13:39:36.311Z] E0422 16:39:36.310837   23080 watch.go:40] Failed to load config from "c:\\Users\\ermi0\\flutter projects\\apps\\dataconnect": could not find dataconnect.yaml in `c:\Users\ermi0\flutter projects\apps\dataconnect`
 {"metadata":{"emulator":{"name":"dataconnect"},"message":"E0422 16:39:36.310837   23080 watch.go:40] Failed to load config from \"c:\\\\Users\\\\ermi0\\\\flutter projects\\\\apps\\\\dataconnect\": could not find dataconnect.yaml in `c:\\Users\\ermi0\\flutter projects\\apps\\dataconnect`\n"}}
[debug] [2026-04-22T13:39:46.310Z] E0422 16:39:46.310502   23080 watch.go:40] Failed to load config from "c:\\Users\\ermi0\\flutter projects\\apps\\dataconnect": could not find dataconnect.yaml in `c:\Users\ermi0\flutter projects\apps\dataconnect`
 {"metadata":{"emulator":{"name":"dataconnect"},"message":"E0422 16:39:46.310502   23080 watch.go:40] Failed to load config from \"c:\\\\Users\\\\ermi0\\\\flutter projects\\\\apps\\\\dataconnect\": could not find dataconnect.yaml in `c:\\Users\\ermi0\\flutter projects\\apps\\dataconnect`\n"}}
[debug] [2026-04-22T13:39:56.311Z] E0422 16:39:56.310817   23080 watch.go:40] Failed to load config from "c:\\Users\\ermi0\\flutter projects\\apps\\dataconnect": could not find dataconnect.yaml in `c:\Users\ermi0\flutter projects\apps\dataconnect`
 {"metadata":{"emulator":{"name":"dataconnect"},"message":"E0422 16:39:56.310817   23080 watch.go:40] Failed to load config from \"c:\\\\Users\\\\ermi0\\\\flutter projects\\\\apps\\\\dataconnect\": could not find dataconnect.yaml in `c:\\Users\\ermi0\\flutter projects\\apps\\dataconnect`\n"}}
[debug] [2026-04-22T13:40:06.310Z] E0422 16:40:06.310516   23080 watch.go:40] Failed to load config from "c:\\Users\\ermi0\\flutter projects\\apps\\dataconnect": could not find dataconnect.yaml in `c:\Users\ermi0\flutter projects\apps\dataconnect`
 {"metadata":{"emulator":{"name":"dataconnect"},"message":"E0422 16:40:06.310516   23080 watch.go:40] Failed to load config from \"c:\\\\Users\\\\ermi0\\\\flutter projects\\\\apps\\\\dataconnect\": could not find dataconnect.yaml in `c:\\Users\\ermi0\\flutter projects\\apps\\dataconnect`\n"}}
[debug] [2026-04-22T13:40:16.311Z] E0422 16:40:16.310655   23080 watch.go:40] Failed to load config from "c:\\Users\\ermi0\\flutter projects\\apps\\dataconnect": could not find dataconnect.yaml in `c:\Users\ermi0\flutter projects\apps\dataconnect`
 {"metadata":{"emulator":{"name":"dataconnect"},"message":"E0422 16:40:16.310655   23080 watch.go:40] Failed to load config from \"c:\\\\Users\\\\ermi0\\\\flutter projects\\\\apps\\\\dataconnect\": could not find dataconnect.yaml in `c:\\Users\\ermi0\\flutter projects\\apps\\dataconnect`\n"}}
[debug] [2026-04-22T13:40:26.310Z] E0422 16:40:26.310419   23080 watch.go:40] Failed to load config from "c:\\Users\\ermi0\\flutter projects\\apps\\dataconnect": could not find dataconnect.yaml in `c:\Users\ermi0\flutter projects\apps\dataconnect`
 {"metadata":{"emulator":{"name":"dataconnect"},"message":"E0422 16:40:26.310419   23080 watch.go:40] Failed to load config from \"c:\\\\Users\\\\ermi0\\\\flutter projects\\\\apps\\\\dataconnect\": could not find dataconnect.yaml in `c:\\Users\\ermi0\\flutter projects\\apps\\dataconnect`\n"}}
[debug] [2026-04-22T13:40:36.312Z] E0422 16:40:36.310236   23080 watch.go:40] Failed to load config from "c:\\Users\\ermi0\\flutter projects\\apps\\dataconnect": could not find dataconnect.yaml in `c:\Users\ermi0\flutter projects\apps\dataconnect`
 {"metadata":{"emulator":{"name":"dataconnect"},"message":"E0422 16:40:36.310236   23080 watch.go:40] Failed to load config from \"c:\\\\Users\\\\ermi0\\\\flutter projects\\\\apps\\\\dataconnect\": could not find dataconnect.yaml in `c:\\Users\\ermi0\\flutter projects\\apps\\dataconnect`\n"}}
[debug] [2026-04-22T13:40:46.310Z] E0422 16:40:46.311071   23080 watch.go:40] Failed to load config from "c:\\Users\\ermi0\\flutter projects\\apps\\dataconnect": could not find dataconnect.yaml in `c:\Users\ermi0\flutter projects\apps\dataconnect`
 {"metadata":{"emulator":{"name":"dataconnect"},"message":"E0422 16:40:46.311071   23080 watch.go:40] Failed to load config from \"c:\\\\Users\\\\ermi0\\\\flutter projects\\\\apps\\\\dataconnect\": could not find dataconnect.yaml in `c:\\Users\\ermi0\\flutter projects\\apps\\dataconnect`\n"}}
[debug] [2026-04-22T13:40:56.327Z] E0422 16:40:56.320778   23080 watch.go:40] Failed to load config from "c:\\Users\\ermi0\\flutter projects\\apps\\dataconnect": could not find dataconnect.yaml in `c:\Users\ermi0\flutter projects\apps\dataconnect`
 {"metadata":{"emulator":{"name":"dataconnect"},"message":"E0422 16:40:56.320778   23080 watch.go:40] Failed to load config from \"c:\\\\Users\\\\ermi0\\\\flutter projects\\\\apps\\\\dataconnect\": could not find dataconnect.yaml in `c:\\Users\\ermi0\\flutter projects\\apps\\dataconnect`\n"}}
[debug] [2026-04-22T13:41:06.310Z] E0422 16:41:06.310158   23080 watch.go:40] Failed to load config from "c:\\Users\\ermi0\\flutter projects\\apps\\dataconnect": could not find dataconnect.yaml in `c:\Users\ermi0\flutter projects\apps\dataconnect`
 {"metadata":{"emulator":{"name":"dataconnect"},"message":"E0422 16:41:06.310158   23080 watch.go:40] Failed to load config from \"c:\\\\Users\\\\ermi0\\\\flutter projects\\\\apps\\\\dataconnect\": could not find dataconnect.yaml in `c:\\Users\\ermi0\\flutter projects\\apps\\dataconnect`\n"}}
[debug] [2026-04-22T13:41:16.310Z] E0422 16:41:16.310512   23080 watch.go:40] Failed to load config from "c:\\Users\\ermi0\\flutter projects\\apps\\dataconnect": could not find dataconnect.yaml in `c:\Users\ermi0\flutter projects\apps\dataconnect`
 {"metadata":{"emulator":{"name":"dataconnect"},"message":"E0422 16:41:16.310512   23080 watch.go:40] Failed to load config from \"c:\\\\Users\\\\ermi0\\\\flutter projects\\\\apps\\\\dataconnect\": could not find dataconnect.yaml in `c:\\Users\\ermi0\\flutter projects\\apps\\dataconnect`\n"}}
[debug] [2026-04-22T13:41:26.310Z] E0422 16:41:26.310171   23080 watch.go:40] Failed to load config from "c:\\Users\\ermi0\\flutter projects\\apps\\dataconnect": could not find dataconnect.yaml in `c:\Users\ermi0\flutter projects\apps\dataconnect`
 {"metadata":{"emulator":{"name":"dataconnect"},"message":"E0422 16:41:26.310171   23080 watch.go:40] Failed to load config from \"c:\\\\Users\\\\ermi0\\\\flutter projects\\\\apps\\\\dataconnect\": could not find dataconnect.yaml in `c:\\Users\\ermi0\\flutter projects\\apps\\dataconnect`\n"}}
[debug] [2026-04-22T13:41:36.310Z] E0422 16:41:36.310485   23080 watch.go:40] Failed to load config from "c:\\Users\\ermi0\\flutter projects\\apps\\dataconnect": could not find dataconnect.yaml in `c:\Users\ermi0\flutter projects\apps\dataconnect`
 {"metadata":{"emulator":{"name":"dataconnect"},"message":"E0422 16:41:36.310485   23080 watch.go:40] Failed to load config from \"c:\\\\Users\\\\ermi0\\\\flutter projects\\\\apps\\\\dataconnect\": could not find dataconnect.yaml in `c:\\Users\\ermi0\\flutter projects\\apps\\dataconnect`\n"}}
[debug] [2026-04-22T13:41:46.310Z] E0422 16:41:46.310122   23080 watch.go:40] Failed to load config from "c:\\Users\\ermi0\\flutter projects\\apps\\dataconnect": could not find dataconnect.yaml in `c:\Users\ermi0\flutter projects\apps\dataconnect`
 {"metadata":{"emulator":{"name":"dataconnect"},"message":"E0422 16:41:46.310122   23080 watch.go:40] Failed to load config from \"c:\\\\Users\\\\ermi0\\\\flutter projects\\\\apps\\\\dataconnect\": could not find dataconnect.yaml in `c:\\Users\\ermi0\\flutter projects\\apps\\dataconnect`\n"}}
[debug] [2026-04-22T13:41:56.311Z] E0422 16:41:56.311148   23080 watch.go:40] Failed to load config from "c:\\Users\\ermi0\\flutter projects\\apps\\dataconnect": could not find dataconnect.yaml in `c:\Users\ermi0\flutter projects\apps\dataconnect`
 {"metadata":{"emulator":{"name":"dataconnect"},"message":"E0422 16:41:56.311148   23080 watch.go:40] Failed to load config from \"c:\\\\Users\\\\ermi0\\\\flutter projects\\\\apps\\\\dataconnect\": could not find dataconnect.yaml in `c:\\Users\\ermi0\\flutter projects\\apps\\dataconnect`\n"}}
[debug] [2026-04-22T13:42:06.310Z] E0422 16:42:06.310500   23080 watch.go:40] Failed to load config from "c:\\Users\\ermi0\\flutter projects\\apps\\dataconnect": could not find dataconnect.yaml in `c:\Users\ermi0\flutter projects\apps\dataconnect`
 {"metadata":{"emulator":{"name":"dataconnect"},"message":"E0422 16:42:06.310500   23080 watch.go:40] Failed to load config from \"c:\\\\Users\\\\ermi0\\\\flutter projects\\\\apps\\\\dataconnect\": could not find dataconnect.yaml in `c:\\Users\\ermi0\\flutter projects\\apps\\dataconnect`\n"}}
[debug] [2026-04-22T13:42:16.334Z] E0422 16:42:16.334090   23080 watch.go:40] Failed to load config from "c:\\Users\\ermi0\\flutter projects\\apps\\dataconnect": could not find dataconnect.yaml in `c:\Users\ermi0\flutter projects\apps\dataconnect`
 {"metadata":{"emulator":{"name":"dataconnect"},"message":"E0422 16:42:16.334090   23080 watch.go:40] Failed to load config from \"c:\\\\Users\\\\ermi0\\\\flutter projects\\\\apps\\\\dataconnect\": could not find dataconnect.yaml in `c:\\Users\\ermi0\\flutter projects\\apps\\dataconnect`\n"}}
[debug] [2026-04-22T13:42:26.352Z] E0422 16:42:26.310331   23080 watch.go:40] Failed to load config from "c:\\Users\\ermi0\\flutter projects\\apps\\dataconnect": could not find dataconnect.yaml in `c:\Users\ermi0\flutter projects\apps\dataconnect`
 {"metadata":{"emulator":{"name":"dataconnect"},"message":"E0422 16:42:26.310331   23080 watch.go:40] Failed to load config from \"c:\\\\Users\\\\ermi0\\\\flutter projects\\\\apps\\\\dataconnect\": could not find dataconnect.yaml in `c:\\Users\\ermi0\\flutter projects\\apps\\dataconnect`\n"}}
[debug] [2026-04-22T13:42:36.310Z] E0422 16:42:36.310376   23080 watch.go:40] Failed to load config from "c:\\Users\\ermi0\\flutter projects\\apps\\dataconnect": could not find dataconnect.yaml in `c:\Users\ermi0\flutter projects\apps\dataconnect`
 {"metadata":{"emulator":{"name":"dataconnect"},"message":"E0422 16:42:36.310376   23080 watch.go:40] Failed to load config from \"c:\\\\Users\\\\ermi0\\\\flutter projects\\\\apps\\\\dataconnect\": could not find dataconnect.yaml in `c:\\Users\\ermi0\\flutter projects\\apps\\dataconnect`\n"}}
[debug] [2026-04-22T13:42:46.311Z] E0422 16:42:46.311090   23080 watch.go:40] Failed to load config from "c:\\Users\\ermi0\\flutter projects\\apps\\dataconnect": could not find dataconnect.yaml in `c:\Users\ermi0\flutter projects\apps\dataconnect`
 {"metadata":{"emulator":{"name":"dataconnect"},"message":"E0422 16:42:46.311090   23080 watch.go:40] Failed to load config from \"c:\\\\Users\\\\ermi0\\\\flutter projects\\\\apps\\\\dataconnect\": could not find dataconnect.yaml in `c:\\Users\\ermi0\\flutter projects\\apps\\dataconnect`\n"}}
[debug] [2026-04-22T13:42:56.311Z] E0422 16:42:56.311339   23080 watch.go:40] Failed to load config from "c:\\Users\\ermi0\\flutter projects\\apps\\dataconnect": could not find dataconnect.yaml in `c:\Users\ermi0\flutter projects\apps\dataconnect`
 {"metadata":{"emulator":{"name":"dataconnect"},"message":"E0422 16:42:56.311339   23080 watch.go:40] Failed to load config from \"c:\\\\Users\\\\ermi0\\\\flutter projects\\\\apps\\\\dataconnect\": could not find dataconnect.yaml in `c:\\Users\\ermi0\\flutter projects\\apps\\dataconnect`\n"}}
[debug] [2026-04-22T13:43:06.311Z] E0422 16:43:06.310468   23080 watch.go:40] Failed to load config from "c:\\Users\\ermi0\\flutter projects\\apps\\dataconnect": could not find dataconnect.yaml in `c:\Users\ermi0\flutter projects\apps\dataconnect`
 {"metadata":{"emulator":{"name":"dataconnect"},"message":"E0422 16:43:06.310468   23080 watch.go:40] Failed to load config from \"c:\\\\Users\\\\ermi0\\\\flutter projects\\\\apps\\\\dataconnect\": could not find dataconnect.yaml in `c:\\Users\\ermi0\\flutter projects\\apps\\dataconnect`\n"}}
[debug] [2026-04-22T13:43:16.314Z] E0422 16:43:16.312640   23080 watch.go:40] Failed to load config from "c:\\Users\\ermi0\\flutter projects\\apps\\dataconnect": could not find dataconnect.yaml in `c:\Users\ermi0\flutter projects\apps\dataconnect`
 {"metadata":{"emulator":{"name":"dataconnect"},"message":"E0422 16:43:16.312640   23080 watch.go:40] Failed to load config from \"c:\\\\Users\\\\ermi0\\\\flutter projects\\\\apps\\\\dataconnect\": could not find dataconnect.yaml in `c:\\Users\\ermi0\\flutter projects\\apps\\dataconnect`\n"}}
[debug] [2026-04-22T13:43:26.311Z] E0422 16:43:26.311099   23080 watch.go:40] Failed to load config from "c:\\Users\\ermi0\\flutter projects\\apps\\dataconnect": could not find dataconnect.yaml in `c:\Users\ermi0\flutter projects\apps\dataconnect`
 {"metadata":{"emulator":{"name":"dataconnect"},"message":"E0422 16:43:26.311099   23080 watch.go:40] Failed to load config from \"c:\\\\Users\\\\ermi0\\\\flutter projects\\\\apps\\\\dataconnect\": could not find dataconnect.yaml in `c:\\Users\\ermi0\\flutter projects\\apps\\dataconnect`\n"}}
[debug] [2026-04-22T13:43:36.311Z] E0422 16:43:36.311025   23080 watch.go:40] Failed to load config from "c:\\Users\\ermi0\\flutter projects\\apps\\dataconnect": could not find dataconnect.yaml in `c:\Users\ermi0\flutter projects\apps\dataconnect`
 {"metadata":{"emulator":{"name":"dataconnect"},"message":"E0422 16:43:36.311025   23080 watch.go:40] Failed to load config from \"c:\\\\Users\\\\ermi0\\\\flutter projects\\\\apps\\\\dataconnect\": could not find dataconnect.yaml in `c:\\Users\\ermi0\\flutter projects\\apps\\dataconnect`\n"}}
[debug] [2026-04-22T13:43:46.313Z] E0422 16:43:46.310833   23080 watch.go:40] Failed to load config from "c:\\Users\\ermi0\\flutter projects\\apps\\dataconnect": could not find dataconnect.yaml in `c:\Users\ermi0\flutter projects\apps\dataconnect`
 {"metadata":{"emulator":{"name":"dataconnect"},"message":"E0422 16:43:46.310833   23080 watch.go:40] Failed to load config from \"c:\\\\Users\\\\ermi0\\\\flutter projects\\\\apps\\\\dataconnect\": could not find dataconnect.yaml in `c:\\Users\\ermi0\\flutter projects\\apps\\dataconnect`\n"}}
[debug] [2026-04-22T13:43:56.311Z] E0422 16:43:56.310780   23080 watch.go:40] Failed to load config from "c:\\Users\\ermi0\\flutter projects\\apps\\dataconnect": could not find dataconnect.yaml in `c:\Users\ermi0\flutter projects\apps\dataconnect`
 {"metadata":{"emulator":{"name":"dataconnect"},"message":"E0422 16:43:56.310780   23080 watch.go:40] Failed to load config from \"c:\\\\Users\\\\ermi0\\\\flutter projects\\\\apps\\\\dataconnect\": could not find dataconnect.yaml in `c:\\Users\\ermi0\\flutter projects\\apps\\dataconnect`\n"}}
[debug] [2026-04-22T13:44:06.310Z] E0422 16:44:06.310358   23080 watch.go:40] Failed to load config from "c:\\Users\\ermi0\\flutter projects\\apps\\dataconnect": could not find dataconnect.yaml in `c:\Users\ermi0\flutter projects\apps\dataconnect`
 {"metadata":{"emulator":{"name":"dataconnect"},"message":"E0422 16:44:06.310358   23080 watch.go:40] Failed to load config from \"c:\\\\Users\\\\ermi0\\\\flutter projects\\\\apps\\\\dataconnect\": could not find dataconnect.yaml in `c:\\Users\\ermi0\\flutter projects\\apps\\dataconnect`\n"}}
[debug] [2026-04-22T13:44:16.310Z] E0422 16:44:16.310320   23080 watch.go:40] Failed to load config from "c:\\Users\\ermi0\\flutter projects\\apps\\dataconnect": could not find dataconnect.yaml in `c:\Users\ermi0\flutter projects\apps\dataconnect`
 {"metadata":{"emulator":{"name":"dataconnect"},"message":"E0422 16:44:16.310320   23080 watch.go:40] Failed to load config from \"c:\\\\Users\\\\ermi0\\\\flutter projects\\\\apps\\\\dataconnect\": could not find dataconnect.yaml in `c:\\Users\\ermi0\\flutter projects\\apps\\dataconnect`\n"}}
[debug] [2026-04-22T13:44:26.316Z] E0422 16:44:26.315842   23080 watch.go:40] Failed to load config from "c:\\Users\\ermi0\\flutter projects\\apps\\dataconnect": could not find dataconnect.yaml in `c:\Users\ermi0\flutter projects\apps\dataconnect`
 {"metadata":{"emulator":{"name":"dataconnect"},"message":"E0422 16:44:26.315842   23080 watch.go:40] Failed to load config from \"c:\\\\Users\\\\ermi0\\\\flutter projects\\\\apps\\\\dataconnect\": could not find dataconnect.yaml in `c:\\Users\\ermi0\\flutter projects\\apps\\dataconnect`\n"}}
[debug] [2026-04-22T13:44:36.313Z] E0422 16:44:36.310776   23080 watch.go:40] Failed to load config from "c:\\Users\\ermi0\\flutter projects\\apps\\dataconnect": could not find dataconnect.yaml in `c:\Users\ermi0\flutter projects\apps\dataconnect`
 {"metadata":{"emulator":{"name":"dataconnect"},"message":"E0422 16:44:36.310776   23080 watch.go:40] Failed to load config from \"c:\\\\Users\\\\ermi0\\\\flutter projects\\\\apps\\\\dataconnect\": could not find dataconnect.yaml in `c:\\Users\\ermi0\\flutter projects\\apps\\dataconnect`\n"}}
[debug] [2026-04-22T13:44:46.311Z] E0422 16:44:46.310901   23080 watch.go:40] Failed to load config from "c:\\Users\\ermi0\\flutter projects\\apps\\dataconnect": could not find dataconnect.yaml in `c:\Users\ermi0\flutter projects\apps\dataconnect`
 {"metadata":{"emulator":{"name":"dataconnect"},"message":"E0422 16:44:46.310901   23080 watch.go:40] Failed to load config from \"c:\\\\Users\\\\ermi0\\\\flutter projects\\\\apps\\\\dataconnect\": could not find dataconnect.yaml in `c:\\Users\\ermi0\\flutter projects\\apps\\dataconnect`\n"}}
[debug] [2026-04-22T13:44:56.310Z] E0422 16:44:56.310498   23080 watch.go:40] Failed to load config from "c:\\Users\\ermi0\\flutter projects\\apps\\dataconnect": could not find dataconnect.yaml in `c:\Users\ermi0\flutter projects\apps\dataconnect`
 {"metadata":{"emulator":{"name":"dataconnect"},"message":"E0422 16:44:56.310498   23080 watch.go:40] Failed to load config from \"c:\\\\Users\\\\ermi0\\\\flutter projects\\\\apps\\\\dataconnect\": could not find dataconnect.yaml in `c:\\Users\\ermi0\\flutter projects\\apps\\dataconnect`\n"}}
[debug] [2026-04-22T13:45:06.310Z] E0422 16:45:06.310089   23080 watch.go:40] Failed to load config from "c:\\Users\\ermi0\\flutter projects\\apps\\dataconnect": could not find dataconnect.yaml in `c:\Users\ermi0\flutter projects\apps\dataconnect`
 {"metadata":{"emulator":{"name":"dataconnect"},"message":"E0422 16:45:06.310089   23080 watch.go:40] Failed to load config from \"c:\\\\Users\\\\ermi0\\\\flutter projects\\\\apps\\\\dataconnect\": could not find dataconnect.yaml in `c:\\Users\\ermi0\\flutter projects\\apps\\dataconnect`\n"}}
[debug] [2026-04-22T13:45:16.311Z] E0422 16:45:16.310274   23080 watch.go:40] Failed to load config from "c:\\Users\\ermi0\\flutter projects\\apps\\dataconnect": could not find dataconnect.yaml in `c:\Users\ermi0\flutter projects\apps\dataconnect`
 {"metadata":{"emulator":{"name":"dataconnect"},"message":"E0422 16:45:16.310274   23080 watch.go:40] Failed to load config from \"c:\\\\Users\\\\ermi0\\\\flutter projects\\\\apps\\\\dataconnect\": could not find dataconnect.yaml in `c:\\Users\\ermi0\\flutter projects\\apps\\dataconnect`\n"}}
[debug] [2026-04-22T13:45:26.311Z] E0422 16:45:26.310932   23080 watch.go:40] Failed to load config from "c:\\Users\\ermi0\\flutter projects\\apps\\dataconnect": could not find dataconnect.yaml in `c:\Users\ermi0\flutter projects\apps\dataconnect`
 {"metadata":{"emulator":{"name":"dataconnect"},"message":"E0422 16:45:26.310932   23080 watch.go:40] Failed to load config from \"c:\\\\Users\\\\ermi0\\\\flutter projects\\\\apps\\\\dataconnect\": could not find dataconnect.yaml in `c:\\Users\\ermi0\\flutter projects\\apps\\dataconnect`\n"}}
[debug] [2026-04-22T13:45:36.311Z] E0422 16:45:36.311023   23080 watch.go:40] Failed to load config from "c:\\Users\\ermi0\\flutter projects\\apps\\dataconnect": could not find dataconnect.yaml in `c:\Users\ermi0\flutter projects\apps\dataconnect`
 {"metadata":{"emulator":{"name":"dataconnect"},"message":"E0422 16:45:36.311023   23080 watch.go:40] Failed to load config from \"c:\\\\Users\\\\ermi0\\\\flutter projects\\\\apps\\\\dataconnect\": could not find dataconnect.yaml in `c:\\Users\\ermi0\\flutter projects\\apps\\dataconnect`\n"}}
[debug] [2026-04-22T13:45:46.311Z] E0422 16:45:46.310584   23080 watch.go:40] Failed to load config from "c:\\Users\\ermi0\\flutter projects\\apps\\dataconnect": could not find dataconnect.yaml in `c:\Users\ermi0\flutter projects\apps\dataconnect`
 {"metadata":{"emulator":{"name":"dataconnect"},"message":"E0422 16:45:46.310584   23080 watch.go:40] Failed to load config from \"c:\\\\Users\\\\ermi0\\\\flutter projects\\\\apps\\\\dataconnect\": could not find dataconnect.yaml in `c:\\Users\\ermi0\\flutter projects\\apps\\dataconnect`\n"}}
[debug] [2026-04-22T13:45:56.311Z] E0422 16:45:56.310927   23080 watch.go:40] Failed to load config from "c:\\Users\\ermi0\\flutter projects\\apps\\dataconnect": could not find dataconnect.yaml in `c:\Users\ermi0\flutter projects\apps\dataconnect`
 {"metadata":{"emulator":{"name":"dataconnect"},"message":"E0422 16:45:56.310927   23080 watch.go:40] Failed to load config from \"c:\\\\Users\\\\ermi0\\\\flutter projects\\\\apps\\\\dataconnect\": could not find dataconnect.yaml in `c:\\Users\\ermi0\\flutter projects\\apps\\dataconnect`\n"}}
[debug] [2026-04-22T13:46:06.310Z] E0422 16:46:06.310668   23080 watch.go:40] Failed to load config from "c:\\Users\\ermi0\\flutter projects\\apps\\dataconnect": could not find dataconnect.yaml in `c:\Users\ermi0\flutter projects\apps\dataconnect`
 {"metadata":{"emulator":{"name":"dataconnect"},"message":"E0422 16:46:06.310668   23080 watch.go:40] Failed to load config from \"c:\\\\Users\\\\ermi0\\\\flutter projects\\\\apps\\\\dataconnect\": could not find dataconnect.yaml in `c:\\Users\\ermi0\\flutter projects\\apps\\dataconnect`\n"}}
[debug] [2026-04-22T13:46:16.312Z] E0422 16:46:16.311680   23080 watch.go:40] Failed to load config from "c:\\Users\\ermi0\\flutter projects\\apps\\dataconnect": could not find dataconnect.yaml in `c:\Users\ermi0\flutter projects\apps\dataconnect`
 {"metadata":{"emulator":{"name":"dataconnect"},"message":"E0422 16:46:16.311680   23080 watch.go:40] Failed to load config from \"c:\\\\Users\\\\ermi0\\\\flutter projects\\\\apps\\\\dataconnect\": could not find dataconnect.yaml in `c:\\Users\\ermi0\\flutter projects\\apps\\dataconnect`\n"}}
[debug] [2026-04-22T13:46:26.311Z] E0422 16:46:26.310235   23080 watch.go:40] Failed to load config from "c:\\Users\\ermi0\\flutter projects\\apps\\dataconnect": could not find dataconnect.yaml in `c:\Users\ermi0\flutter projects\apps\dataconnect`
 {"metadata":{"emulator":{"name":"dataconnect"},"message":"E0422 16:46:26.310235   23080 watch.go:40] Failed to load config from \"c:\\\\Users\\\\ermi0\\\\flutter projects\\\\apps\\\\dataconnect\": could not find dataconnect.yaml in `c:\\Users\\ermi0\\flutter projects\\apps\\dataconnect`\n"}}
[debug] [2026-04-22T13:46:36.314Z] E0422 16:46:36.314642   23080 watch.go:40] Failed to load config from "c:\\Users\\ermi0\\flutter projects\\apps\\dataconnect": could not find dataconnect.yaml in `c:\Users\ermi0\flutter projects\apps\dataconnect`
 {"metadata":{"emulator":{"name":"dataconnect"},"message":"E0422 16:46:36.314642   23080 watch.go:40] Failed to load config from \"c:\\\\Users\\\\ermi0\\\\flutter projects\\\\apps\\\\dataconnect\": could not find dataconnect.yaml in `c:\\Users\\ermi0\\flutter projects\\apps\\dataconnect`\n"}}
[debug] [2026-04-22T13:46:46.310Z] E0422 16:46:46.310442   23080 watch.go:40] Failed to load config from "c:\\Users\\ermi0\\flutter projects\\apps\\dataconnect": could not find dataconnect.yaml in `c:\Users\ermi0\flutter projects\apps\dataconnect`
 {"metadata":{"emulator":{"name":"dataconnect"},"message":"E0422 16:46:46.310442   23080 watch.go:40] Failed to load config from \"c:\\\\Users\\\\ermi0\\\\flutter projects\\\\apps\\\\dataconnect\": could not find dataconnect.yaml in `c:\\Users\\ermi0\\flutter projects\\apps\\dataconnect`\n"}}
[debug] [2026-04-22T13:46:56.310Z] E0422 16:46:56.310223   23080 watch.go:40] Failed to load config from "c:\\Users\\ermi0\\flutter projects\\apps\\dataconnect": could not find dataconnect.yaml in `c:\Users\ermi0\flutter projects\apps\dataconnect`
 {"metadata":{"emulator":{"name":"dataconnect"},"message":"E0422 16:46:56.310223   23080 watch.go:40] Failed to load config from \"c:\\\\Users\\\\ermi0\\\\flutter projects\\\\apps\\\\dataconnect\": could not find dataconnect.yaml in `c:\\Users\\ermi0\\flutter projects\\apps\\dataconnect`\n"}}
[debug] [2026-04-22T13:47:06.311Z] E0422 16:47:06.310379   23080 watch.go:40] Failed to load config from "c:\\Users\\ermi0\\flutter projects\\apps\\dataconnect": could not find dataconnect.yaml in `c:\Users\ermi0\flutter projects\apps\dataconnect`
 {"metadata":{"emulator":{"name":"dataconnect"},"message":"E0422 16:47:06.310379   23080 watch.go:40] Failed to load config from \"c:\\\\Users\\\\ermi0\\\\flutter projects\\\\apps\\\\dataconnect\": could not find dataconnect.yaml in `c:\\Users\\ermi0\\flutter projects\\apps\\dataconnect`\n"}}
[debug] [2026-04-22T13:47:16.311Z] E0422 16:47:16.310738   23080 watch.go:40] Failed to load config from "c:\\Users\\ermi0\\flutter projects\\apps\\dataconnect": could not find dataconnect.yaml in `c:\Users\ermi0\flutter projects\apps\dataconnect`
 {"metadata":{"emulator":{"name":"dataconnect"},"message":"E0422 16:47:16.310738   23080 watch.go:40] Failed to load config from \"c:\\\\Users\\\\ermi0\\\\flutter projects\\\\apps\\\\dataconnect\": could not find dataconnect.yaml in `c:\\Users\\ermi0\\flutter projects\\apps\\dataconnect`\n"}}
[debug] [2026-04-22T13:47:26.310Z] E0422 16:47:26.310929   23080 watch.go:40] Failed to load config from "c:\\Users\\ermi0\\flutter projects\\apps\\dataconnect": could not find dataconnect.yaml in `c:\Users\ermi0\flutter projects\apps\dataconnect`
 {"metadata":{"emulator":{"name":"dataconnect"},"message":"E0422 16:47:26.310929   23080 watch.go:40] Failed to load config from \"c:\\\\Users\\\\ermi0\\\\flutter projects\\\\apps\\\\dataconnect\": could not find dataconnect.yaml in `c:\\Users\\ermi0\\flutter projects\\apps\\dataconnect`\n"}}
[debug] [2026-04-22T13:47:36.310Z] E0422 16:47:36.310857   23080 watch.go:40] Failed to load config from "c:\\Users\\ermi0\\flutter projects\\apps\\dataconnect": could not find dataconnect.yaml in `c:\Users\ermi0\flutter projects\apps\dataconnect`
 {"metadata":{"emulator":{"name":"dataconnect"},"message":"E0422 16:47:36.310857   23080 watch.go:40] Failed to load config from \"c:\\\\Users\\\\ermi0\\\\flutter projects\\\\apps\\\\dataconnect\": could not find dataconnect.yaml in `c:\\Users\\ermi0\\flutter projects\\apps\\dataconnect`\n"}}
[debug] [2026-04-22T13:47:46.311Z] E0422 16:47:46.311429   23080 watch.go:40] Failed to load config from "c:\\Users\\ermi0\\flutter projects\\apps\\dataconnect": could not find dataconnect.yaml in `c:\Users\ermi0\flutter projects\apps\dataconnect`
 {"metadata":{"emulator":{"name":"dataconnect"},"message":"E0422 16:47:46.311429   23080 watch.go:40] Failed to load config from \"c:\\\\Users\\\\ermi0\\\\flutter projects\\\\apps\\\\dataconnect\": could not find dataconnect.yaml in `c:\\Users\\ermi0\\flutter projects\\apps\\dataconnect`\n"}}
[debug] [2026-04-22T13:47:56.311Z] E0422 16:47:56.310939   23080 watch.go:40] Failed to load config from "c:\\Users\\ermi0\\flutter projects\\apps\\dataconnect": could not find dataconnect.yaml in `c:\Users\ermi0\flutter projects\apps\dataconnect`
 {"metadata":{"emulator":{"name":"dataconnect"},"message":"E0422 16:47:56.310939   23080 watch.go:40] Failed to load config from \"c:\\\\Users\\\\ermi0\\\\flutter projects\\\\apps\\\\dataconnect\": could not find dataconnect.yaml in `c:\\Users\\ermi0\\flutter projects\\apps\\dataconnect`\n"}}
[debug] [2026-04-22T13:48:06.311Z] E0422 16:48:06.311117   23080 watch.go:40] Failed to load config from "c:\\Users\\ermi0\\flutter projects\\apps\\dataconnect": could not find dataconnect.yaml in `c:\Users\ermi0\flutter projects\apps\dataconnect`
 {"metadata":{"emulator":{"name":"dataconnect"},"message":"E0422 16:48:06.311117   23080 watch.go:40] Failed to load config from \"c:\\\\Users\\\\ermi0\\\\flutter projects\\\\apps\\\\dataconnect\": could not find dataconnect.yaml in `c:\\Users\\ermi0\\flutter projects\\apps\\dataconnect`\n"}}
[debug] [2026-04-22T13:48:16.310Z] E0422 16:48:16.310691   23080 watch.go:40] Failed to load config from "c:\\Users\\ermi0\\flutter projects\\apps\\dataconnect": could not find dataconnect.yaml in `c:\Users\ermi0\flutter projects\apps\dataconnect`
 {"metadata":{"emulator":{"name":"dataconnect"},"message":"E0422 16:48:16.310691   23080 watch.go:40] Failed to load config from \"c:\\\\Users\\\\ermi0\\\\flutter projects\\\\apps\\\\dataconnect\": could not find dataconnect.yaml in `c:\\Users\\ermi0\\flutter projects\\apps\\dataconnect`\n"}}
[debug] [2026-04-22T13:48:26.310Z] E0422 16:48:26.310279   23080 watch.go:40] Failed to load config from "c:\\Users\\ermi0\\flutter projects\\apps\\dataconnect": could not find dataconnect.yaml in `c:\Users\ermi0\flutter projects\apps\dataconnect`
 {"metadata":{"emulator":{"name":"dataconnect"},"message":"E0422 16:48:26.310279   23080 watch.go:40] Failed to load config from \"c:\\\\Users\\\\ermi0\\\\flutter projects\\\\apps\\\\dataconnect\": could not find dataconnect.yaml in `c:\\Users\\ermi0\\flutter projects\\apps\\dataconnect`\n"}}
[debug] [2026-04-22T13:48:36.310Z] E0422 16:48:36.310181   23080 watch.go:40] Failed to load config from "c:\\Users\\ermi0\\flutter projects\\apps\\dataconnect": could not find dataconnect.yaml in `c:\Users\ermi0\flutter projects\apps\dataconnect`
 {"metadata":{"emulator":{"name":"dataconnect"},"message":"E0422 16:48:36.310181   23080 watch.go:40] Failed to load config from \"c:\\\\Users\\\\ermi0\\\\flutter projects\\\\apps\\\\dataconnect\": could not find dataconnect.yaml in `c:\\Users\\ermi0\\flutter projects\\apps\\dataconnect`\n"}}
[debug] [2026-04-22T13:48:46.311Z] E0422 16:48:46.311389   23080 watch.go:40] Failed to load config from "c:\\Users\\ermi0\\flutter projects\\apps\\dataconnect": could not find dataconnect.yaml in `c:\Users\ermi0\flutter projects\apps\dataconnect`
 {"metadata":{"emulator":{"name":"dataconnect"},"message":"E0422 16:48:46.311389   23080 watch.go:40] Failed to load config from \"c:\\\\Users\\\\ermi0\\\\flutter projects\\\\apps\\\\dataconnect\": could not find dataconnect.yaml in `c:\\Users\\ermi0\\flutter projects\\apps\\dataconnect`\n"}}
[debug] [2026-04-22T13:48:56.312Z] E0422 16:48:56.311713   23080 watch.go:40] Failed to load config from "c:\\Users\\ermi0\\flutter projects\\apps\\dataconnect": could not find dataconnect.yaml in `c:\Users\ermi0\flutter projects\apps\dataconnect`
 {"metadata":{"emulator":{"name":"dataconnect"},"message":"E0422 16:48:56.311713   23080 watch.go:40] Failed to load config from \"c:\\\\Users\\\\ermi0\\\\flutter projects\\\\apps\\\\dataconnect\": could not find dataconnect.yaml in `c:\\Users\\ermi0\\flutter projects\\apps\\dataconnect`\n"}}
[debug] [2026-04-22T13:49:06.311Z] E0422 16:49:06.311368   23080 watch.go:40] Failed to load config from "c:\\Users\\ermi0\\flutter projects\\apps\\dataconnect": could not find dataconnect.yaml in `c:\Users\ermi0\flutter projects\apps\dataconnect`
 {"metadata":{"emulator":{"name":"dataconnect"},"message":"E0422 16:49:06.311368   23080 watch.go:40] Failed to load config from \"c:\\\\Users\\\\ermi0\\\\flutter projects\\\\apps\\\\dataconnect\": could not find dataconnect.yaml in `c:\\Users\\ermi0\\flutter projects\\apps\\dataconnect`\n"}}
[debug] [2026-04-22T13:49:16.311Z] E0422 16:49:16.310470   23080 watch.go:40] Failed to load config from "c:\\Users\\ermi0\\flutter projects\\apps\\dataconnect": could not find dataconnect.yaml in `c:\Users\ermi0\flutter projects\apps\dataconnect`
 {"metadata":{"emulator":{"name":"dataconnect"},"message":"E0422 16:49:16.310470   23080 watch.go:40] Failed to load config from \"c:\\\\Users\\\\ermi0\\\\flutter projects\\\\apps\\\\dataconnect\": could not find dataconnect.yaml in `c:\\Users\\ermi0\\flutter projects\\apps\\dataconnect`\n"}}
[debug] [2026-04-22T13:49:26.310Z] E0422 16:49:26.310051   23080 watch.go:40] Failed to load config from "c:\\Users\\ermi0\\flutter projects\\apps\\dataconnect": could not find dataconnect.yaml in `c:\Users\ermi0\flutter projects\apps\dataconnect`
 {"metadata":{"emulator":{"name":"dataconnect"},"message":"E0422 16:49:26.310051   23080 watch.go:40] Failed to load config from \"c:\\\\Users\\\\ermi0\\\\flutter projects\\\\apps\\\\dataconnect\": could not find dataconnect.yaml in `c:\\Users\\ermi0\\flutter projects\\apps\\dataconnect`\n"}}
[debug] [2026-04-22T13:49:36.311Z] E0422 16:49:36.311284   23080 watch.go:40] Failed to load config from "c:\\Users\\ermi0\\flutter projects\\apps\\dataconnect": could not find dataconnect.yaml in `c:\Users\ermi0\flutter projects\apps\dataconnect`
 {"metadata":{"emulator":{"name":"dataconnect"},"message":"E0422 16:49:36.311284   23080 watch.go:40] Failed to load config from \"c:\\\\Users\\\\ermi0\\\\flutter projects\\\\apps\\\\dataconnect\": could not find dataconnect.yaml in `c:\\Users\\ermi0\\flutter projects\\apps\\dataconnect`\n"}}
[debug] [2026-04-22T13:49:46.312Z] E0422 16:49:46.311066   23080 watch.go:40] Failed to load config from "c:\\Users\\ermi0\\flutter projects\\apps\\dataconnect": could not find dataconnect.yaml in `c:\Users\ermi0\flutter projects\apps\dataconnect`
 {"metadata":{"emulator":{"name":"dataconnect"},"message":"E0422 16:49:46.311066   23080 watch.go:40] Failed to load config from \"c:\\\\Users\\\\ermi0\\\\flutter projects\\\\apps\\\\dataconnect\": could not find dataconnect.yaml in `c:\\Users\\ermi0\\flutter projects\\apps\\dataconnect`\n"}}
[debug] [2026-04-22T13:49:56.311Z] E0422 16:49:56.310980   23080 watch.go:40] Failed to load config from "c:\\Users\\ermi0\\flutter projects\\apps\\dataconnect": could not find dataconnect.yaml in `c:\Users\ermi0\flutter projects\apps\dataconnect`
 {"metadata":{"emulator":{"name":"dataconnect"},"message":"E0422 16:49:56.310980   23080 watch.go:40] Failed to load config from \"c:\\\\Users\\\\ermi0\\\\flutter projects\\\\apps\\\\dataconnect\": could not find dataconnect.yaml in `c:\\Users\\ermi0\\flutter projects\\apps\\dataconnect`\n"}}
[debug] [2026-04-22T13:50:06.311Z] E0422 16:50:06.311158   23080 watch.go:40] Failed to load config from "c:\\Users\\ermi0\\flutter projects\\apps\\dataconnect": could not find dataconnect.yaml in `c:\Users\ermi0\flutter projects\apps\dataconnect`
 {"metadata":{"emulator":{"name":"dataconnect"},"message":"E0422 16:50:06.311158   23080 watch.go:40] Failed to load config from \"c:\\\\Users\\\\ermi0\\\\flutter projects\\\\apps\\\\dataconnect\": could not find dataconnect.yaml in `c:\\Users\\ermi0\\flutter projects\\apps\\dataconnect`\n"}}
[debug] [2026-04-22T13:50:16.310Z] E0422 16:50:16.310302   23080 watch.go:40] Failed to load config from "c:\\Users\\ermi0\\flutter projects\\apps\\dataconnect": could not find dataconnect.yaml in `c:\Users\ermi0\flutter projects\apps\dataconnect`
 {"metadata":{"emulator":{"name":"dataconnect"},"message":"E0422 16:50:16.310302   23080 watch.go:40] Failed to load config from \"c:\\\\Users\\\\ermi0\\\\flutter projects\\\\apps\\\\dataconnect\": could not find dataconnect.yaml in `c:\\Users\\ermi0\\flutter projects\\apps\\dataconnect`\n"}}
[debug] [2026-04-22T13:50:26.310Z] E0422 16:50:26.310213   23080 watch.go:40] Failed to load config from "c:\\Users\\ermi0\\flutter projects\\apps\\dataconnect": could not find dataconnect.yaml in `c:\Users\ermi0\flutter projects\apps\dataconnect`
 {"metadata":{"emulator":{"name":"dataconnect"},"message":"E0422 16:50:26.310213   23080 watch.go:40] Failed to load config from \"c:\\\\Users\\\\ermi0\\\\flutter projects\\\\apps\\\\dataconnect\": could not find dataconnect.yaml in `c:\\Users\\ermi0\\flutter projects\\apps\\dataconnect`\n"}}
[debug] [2026-04-22T13:50:36.310Z] E0422 16:50:36.310587   23080 watch.go:40] Failed to load config from "c:\\Users\\ermi0\\flutter projects\\apps\\dataconnect": could not find dataconnect.yaml in `c:\Users\ermi0\flutter projects\apps\dataconnect`
 {"metadata":{"emulator":{"name":"dataconnect"},"message":"E0422 16:50:36.310587   23080 watch.go:40] Failed to load config from \"c:\\\\Users\\\\ermi0\\\\flutter projects\\\\apps\\\\dataconnect\": could not find dataconnect.yaml in `c:\\Users\\ermi0\\flutter projects\\apps\\dataconnect`\n"}}
[debug] [2026-04-22T13:50:46.311Z] E0422 16:50:46.310769   23080 watch.go:40] Failed to load config from "c:\\Users\\ermi0\\flutter projects\\apps\\dataconnect": could not find dataconnect.yaml in `c:\Users\ermi0\flutter projects\apps\dataconnect`
 {"metadata":{"emulator":{"name":"dataconnect"},"message":"E0422 16:50:46.310769   23080 watch.go:40] Failed to load config from \"c:\\\\Users\\\\ermi0\\\\flutter projects\\\\apps\\\\dataconnect\": could not find dataconnect.yaml in `c:\\Users\\ermi0\\flutter projects\\apps\\dataconnect`\n"}}
[info] [Firebase Plugin] Stopping SQL Connect toolkit
[warn] !  SQL Connect Emulator has exited upon receiving signal: SIGINT 
